com/mojang/blaze3d/framegraph/FramePass	0	0
net/minecraft/client/renderer/entity/state/ItemFrameRenderState	11	11
	11	11
net/minecraft/client/searchtree/SuffixArray	229	215
	20	19
	21	20
	23	21
	27	24
	36	32
	37	33
	38	34
	40	35
	41	37
	42	38
	43	39
	44	40
	46	43
	47	44
	48	45
	49	46
	52	49
	54	50
	56	51
	57	52
	58	53
	60	54
	61	54
	62	54
	64	54
	67	55
	68	56
	69	57
	70	58
	71	59
	73	60
	74	61
	75	62
	77	63
	78	64
	79	65
	81	67
	83	69
	84	70
	87	73
	89	75
	90	75
	91	76
	92	77
	93	78
	94	76
	97	81
	99	83
	100	84
	101	85
	103	87
	107	75
	110	92
	111	93
	113	94
	114	95
	115	97
	116	98
	117	99
	118	100
	120	103
	121	104
	123	106
	126	109
	127	110
	129	113
	130	114
	133	117
	134	118
	136	119
	137	121
	138	122
	139	123
	141	126
	142	127
	145	131
	147	134
	152	138
	153	139
	155	141
	156	142
	157	143
	158	144
	161	147
	162	148
	163	149
	164	150
	165	153
	166	154
	170	158
	174	162
	178	163
	179	164
	181	166
	182	167
	183	168
	184	169
	185	170
	187	173
	188	174
	190	176
	194	180
	195	215
	198	181
	200	182
	201	184
	202	185
	203	186
	204	187
	205	188
	207	191
	208	192
	210	194
	214	198
	217	199
	218	201
	219	202
	222	205
	223	206
	225	207
	226	209
	227	210
	229	213
net/minecraft/client/MouseHandler	452	441
	37	33
	71	56
	72	57
	73	58
	76	61
	77	62
	78	146
	81	63
	83	64
	84	65
	87	68
	89	69
	90	70
	91	71
	92	72
	93	73
	94	74
	97	77
	99	78
	100	78
	101	79
	102	82
	103	83
	104	84
	107	87
	108	88
	109	89
	110	90
	112	91
	113	92
	115	95
	116	96
	117	100
	118	101
	119	102
	120	103
	122	105
	123	106
	124	107
	125	108
	126	109
	127	110
	128	111
	132	115
	133	116
	135	118
	136	119
	137	120
	138	121
	140	122
	142	123
	143	124
	147	130
	148	131
	149	132
	150	133
	151	134
	152	135
	153	136
	156	139
	157	140
	158	141
	159	142
	162	146
	165	149
	166	150
	167	151
	168	152
	169	153
	171	155
	172	156
	173	157
	176	161
	180	168
	181	174
	182	183
	185	186
	186	187
	187	188
	188	189
	189	190
	190	191
	191	192
	193	193
	194	194
	195	195
	196	196
	197	197
	198	198
	199	199
	200	200
	201	201
	203	204
	205	205
	206	206
	207	207
	209	209
	210	210
	216	213
	217	214
	221	219
	224	222
	225	223
	226	224
	229	227
	230	228
	232	230
	235	234
	236	234
	238	235
	239	236
	240	237
	241	237
	243	238
	244	239
	245	241
	246	242
	248	245
	249	246
	250	247
	251	248
	254	252
	255	253
	256	254
	258	256
	260	258
	263	261
	264	276
	266	262
	267	263
	268	264
	269	265
	270	276
	273	267
	274	268
	275	269
	278	272
	279	273
	280	276
	284	279
	285	280
	286	281
	287	282
	288	283
	289	284
	290	285
	291	286
	293	289
	294	290
	295	291
	296	292
	299	295
	300	296
	301	297
	302	298
	303	299
	304	300
	305	301
	308	304
	309	305
	310	306
	312	309
	313	310
	314	311
	315	312
	316	313
	317	314
	318	315
	321	319
	323	322
	324	323
	327	327
	328	328
	329	329
	332	332
	336	336
	340	340
	344	344
	351	348
	352	349
	353	350
	355	353
	356	354
	357	355
	358	356
	359	357
	360	358
	361	359
	362	360
	364	361
	365	362
	367	364
	368	365
	370	366
	371	367
	374	370
	375	371
	376	372
	377	372
	378	372
	381	374
	384	377
	388	381
	392	385
	396	389
	400	393
	404	397
	405	398
	410	401
	414	405
	415	420
	417	406
	418	420
	420	407
	421	408
	423	411
	424	412
	425	413
	426	414
	427	415
	428	416
	429	417
	430	420
	433	423
	434	429
	436	424
	437	425
	438	426
	439	427
	440	429
	443	432
	444	433
	447	436
	448	437
	449	438
	450	439
	451	440
	452	441
net/minecraft/client/gui/components/debug/DebugScreenEntry	15	15
	11	11
	15	15
net/minecraft/client/color/item/Constant	28	28
	18	18
	19	19
	23	23
	28	28
	13	13
	14	14
	15	14
net/minecraft/client/animation/definitions/NautilusAnimation	54	77
	11	9
	12	11
	13	15
	14	16
	15	17
	16	18
	17	19
	19	22
	20	26
	21	27
	22	28
	23	29
	24	30
	26	33
	27	37
	28	38
	29	39
	30	40
	31	41
	33	44
	34	48
	35	49
	36	50
	37	51
	38	52
	40	55
	41	59
	42	60
	43	61
	44	62
	45	63
	47	66
	48	70
	49	71
	50	72
	51	73
	52	74
	54	77
com/mojang/realmsclient/client/worldupload/package-info	0	0
net/minecraft/client/model/object/skull/package-info	0	0
com/mojang/realmsclient/exception/RealmsServiceException	14	14
	9	9
	10	10
	14	14
net/minecraft/client/model/object/statue/package-info	0	0
net/minecraft/client/renderer/item/properties/select/ComponentContents	64	54
	64	54
	33	24
	35	26
	37	27
	38	29
	43	33
	49	37
	20	17
	54	44
	24	20
	25	22
	26	22
	27	22
	59	49
	29	22
	31	23
net/minecraft/client/model/monster/piglin/AdultPiglinModel	35	28
	16	14
	17	15
	35	28
	20	18
	22	19
	23	20
	24	20
	25	20
	28	21
	29	22
	30	23
net/minecraft/client/model/monster/zombie/BabyZombieVillagerModel	76	57
	64	50
	65	50
	66	50
	67	50
	70	51
	74	55
	75	56
	76	57
	16	14
	17	15
	20	18
	21	19
	23	20
	24	22
	25	23
	26	25
	27	27
	29	29
	30	30
	31	30
	32	30
	34	32
	35	33
	36	33
	37	33
	39	35
	40	35
	41	35
	42	35
	44	36
	45	36
	46	36
	47	36
	49	37
	50	39
	51	39
	52	40
	54	42
	55	44
	56	44
	57	45
	59	47
	60	48
	61	48
	62	48
net/minecraft/client/gui/screens/worldselection/InitialWorldCreationOptions	0	0
net/minecraft/client/gui/components/MultiLineLabel	101	106
	67	66
	68	67
	69	68
	71	71
	72	72
	73	74
	74	75
	76	78
	78	79
	79	80
	80	82
	81	83
	82	84
	83	85
	20	19
	84	86
	85	88
	86	90
	88	92
	25	24
	91	96
	30	29
	96	101
	35	34
	101	106
	39	38
	43	42
	47	46
	48	47
	57	54
	58	56
	59	57
	60	58
	61	59
	63	62
net/minecraft/client/gui/screens/BackupConfirmScreen	76	92
	67	83
	72	88
	73	89
	74	90
	76	92
	15	14
	16	15
	28	28
	29	29
	32	39
	33	40
	34	41
	35	42
	36	43
	37	44
	38	45
	42	49
	44	50
	46	51
	47	52
	48	55
	49	56
	51	60
	52	64
	53	67
	54	69
	55	71
	59	75
	60	76
	61	77
	62	78
	63	79
net/minecraft/client/renderer/entity/layers/SlimeOuterLayer	36	43
	32	34
	18	18
	34	37
	19	19
	20	20
	36	43
	24	30
	26	31
	27	43
	30	32
	31	33
net/minecraft/client/renderer/texture/SimpleTexture	15	14
	10	9
	11	10
	15	14
net/minecraft/client/gui/screens/options/MouseSettingsScreen	36	36
	32	32
	34	34
	36	36
	13	12
	15	15
	16	16
	17	17
	18	18
	19	19
	20	20
	21	21
	26	26
	27	27
	31	31
net/minecraft/client/multiplayer/resolver/ResolvedServerAddress	33	33
	33	33
	18	18
	23	23
	28	28
	15	15
net/minecraft/client/input/InputQuirks	17	11
	17	11
	7	7
	9	8
	11	9
	14	10
net/minecraft/client/particle/TrialSpawnerDetectionParticle	71	86
	66	72
	67	73
	71	86
	15	24
	16	25
	17	26
	18	27
	19	28
	21	29
	22	30
	23	31
	24	32
	25	33
	26	34
	28	35
	30	36
	31	37
	32	38
	33	39
	34	40
	38	44
	43	49
	48	54
	53	59
	54	60
	55	61
	59	65
net/minecraft/client/gui/screens/friends/FriendsTab	181	188
	128	125
	132	129
	133	130
	134	131
	138	135
	143	139
	144	140
	145	141
	146	142
	150	145
	151	146
	152	147
	153	149
	154	150
	155	151
	156	152
	29	26
	30	27
	31	28
	159	156
	32	28
	33	28
	161	158
	34	28
	162	159
	35	29
	36	31
	37	33
	165	162
	166	163
	167	164
	168	170
	169	176
	170	177
	172	179
	173	180
	174	181
	175	182
	48	42
	176	183
	49	43
	50	44
	51	45
	52	46
	53	47
	181	188
	54	48
	56	49
	57	50
	59	51
	60	54
	61	55
	62	56
	63	57
	66	60
	67	61
	68	63
	69	64
	72	67
	74	68
	75	69
	76	70
	78	71
	79	72
	82	75
	83	76
	84	77
	86	78
	88	79
	89	80
	90	81
	91	87
	92	93
	94	95
	95	96
	97	97
	98	98
	100	99
	101	100
	106	104
	107	105
	108	106
	111	109
	112	110
	117	114
	122	119
	127	124
com/mojang/blaze3d/opengl/GlTexture	79	84
	66	72
	67	73
	70	76
	71	77
	74	80
	76	81
	77	82
	79	84
	21	27
	22	28
	23	29
	24	30
	28	34
	29	40
	31	35
	32	36
	33	37
	35	40
	38	43
	39	44
	41	47
	42	48
	46	52
	51	57
	56	62
	61	67
	62	68
net/minecraft/client/gui/font/FontOption	54	47
	33	27
	36	28
	39	31
	40	32
	11	11
	43	35
	12	12
	44	36
	45	37
	15	14
	48	41
	20	18
	52	45
	21	19
	53	46
	54	47
	25	22
	31	27
net/minecraft/client/renderer/entity/state/ExperienceOrbRenderState	0	0
net/minecraft/client/model/animal/axolotl/BabyAxolotlModel	75	113
	64	102
	66	103
	67	104
	69	107
	70	108
	71	109
	72	110
	73	111
	74	112
	75	113
	30	27
	32	28
	33	29
	34	30
	35	31
	36	32
	37	33
	38	34
	39	35
	42	38
	43	39
	45	40
	46	41
	47	46
	48	50
	49	55
	50	58
	51	63
	52	68
	53	73
	54	78
	55	83
	56	88
	57	93
	59	98
net/minecraft/client/particle/SculkChargeParticle	49	56
	36	34
	37	35
	38	36
	43	50
	44	51
	13	14
	45	52
	14	15
	46	53
	47	54
	16	16
	48	55
	17	17
	49	56
	19	18
	21	19
	22	20
	26	24
	31	29
net/minecraft/client/renderer/debug/OctreeDebugRenderer	48	53
	34	33
	35	34
	36	35
	37	36
	38	37
	39	38
	40	39
	42	42
	43	44
	44	49
	47	52
	48	53
	23	20
	24	21
	28	27
	29	28
	30	29
	31	30
net/minecraft/client/telemetry/events/GameLoadTimesEvent	76	75
	64	63
	65	64
	66	65
	68	67
	69	68
	72	71
	73	72
	76	75
	19	18
	21	19
	28	25
	29	26
	32	29
	33	30
	36	33
	37	34
	40	39
	41	40
	44	43
	45	44
	46	45
	47	51
	49	47
	50	48
	52	51
	55	54
	56	55
	57	56
	58	57
	59	58
	60	59
	62	61
net/minecraft/client/renderer/blockentity/StandingSignRenderer	85	78
	66	65
	67	66
	68	66
	69	66
	74	70
	75	70
	76	70
	81	74
	85	78
	23	25
	25	27
	32	31
	33	32
	37	35
	42	45
	43	46
	44	47
	46	48
	47	49
	49	51
	51	53
	54	56
	55	56
	56	56
	58	57
	59	58
	62	61
	63	62
net/minecraft/client/renderer/texture/StitcherException	22	17
	18	13
	19	14
	22	17
	10	11
	13	11
	14	11
	15	11
net/minecraft/client/model/animal/rabbit/AdultRabbitModel	87	62
	14	13
	19	14
	22	17
	23	18
	25	19
	26	21
	27	21
	28	22
	30	24
	31	25
	32	25
	33	25
	35	27
	36	29
	37	29
	38	30
	40	32
	41	33
	42	33
	43	33
	45	35
	46	36
	47	36
	48	36
	50	38
	51	38
	52	38
	54	39
	55	41
	56	41
	57	42
	59	44
	60	46
	61	46
	62	47
	64	49
	65	49
	66	49
	68	50
	69	50
	70	50
	72	51
	73	53
	74	53
	75	54
	77	56
	78	56
	79	56
	81	57
	82	59
	83	59
	84	60
	87	62
net/minecraft/client/renderer/entity/PolarBearRenderer	31	28
	19	18
	24	22
	10	10
	11	11
	29	26
	14	14
	30	27
	15	15
	31	28
net/minecraft/client/renderer/debug/ChunkDebugRenderer	113	128
	33	35
	34	36
	38	42
	39	43
	40	44
	42	45
	44	46
	45	47
	47	49
	51	53
	52	54
	53	55
	54	57
	55	58
	56	59
	57	60
	58	61
	60	64
	61	65
	62	67
	63	69
	64	74
	68	78
	75	85
	76	86
	77	87
	78	88
	80	89
	81	90
	82	92
	83	93
	84	94
	85	95
	86	96
	87	97
	88	98
	89	99
	91	101
	92	102
	94	105
	97	109
	98	110
	99	111
	100	112
	101	113
	103	116
	104	117
	105	119
	106	120
	107	121
	108	122
	111	126
	113	128
net/minecraft/client/renderer/state/level/CameraEntityRenderState	0	0
net/minecraft/client/resources/model/geometry/package-info	0	0
net/minecraft/client/gui/narration/package-info	0	0
net/minecraft/client/color/block/BlockColors	88	79
	65	53
	66	54
	70	58
	71	59
	73	61
	76	64
	77	65
	78	66
	80	69
	81	70
	84	73
	21	17
	85	75
	86	76
	88	79
	26	21
	28	22
	30	23
	31	24
	33	25
	35	26
	36	27
	38	28
	40	37
	42	38
	45	39
	47	40
	49	41
	51	42
	53	43
	55	44
	57	45
	61	49
net/minecraft/client/data/models/ItemModelGenerators	1008	969
	72	56
	74	57
	75	58
	76	59
	77	60
	80	84
	86	62
	104	88
	105	89
	106	90
	109	96
	110	97
	113	103
	117	110
	118	111
	121	117
	125	126
	129	133
	130	134
	133	140
	134	141
	137	147
	139	147
	140	147
	143	148
	144	149
	149	155
	150	156
	152	157
	153	158
	155	159
	156	160
	159	166
	160	167
	161	168
	163	170
	164	171
	165	173
	166	175
	169	178
	170	179
	174	186
	176	188
	177	190
	178	191
	179	192
	180	193
	183	196
	186	203
	187	203
	190	203
	193	204
	196	210
	197	211
	198	212
	200	214
	201	215
	202	216
	205	219
	206	221
	207	223
	208	224
	209	225
	212	228
	215	234
	219	241
	223	248
	224	249
	227	257
	228	258
	229	259
	231	260
	233	262
	235	263
	236	264
	239	266
	240	267
	241	268
	243	270
	244	271
	247	274
	251	278
	252	279
	253	280
	255	282
	256	283
	259	286
	260	286
	266	287
	269	293
	271	294
	272	295
	274	296
	275	297
	277	299
	280	301
	286	302
	289	302
	291	303
	294	309
	295	310
	299	317
	300	318
	301	319
	302	320
	304	322
	305	324
	306	325
	307	326
	311	326
	312	326
	317	330
	320	336
	321	337
	322	338
	323	339
	324	340
	325	341
	327	343
	328	345
	330	347
	331	348
	332	349
	335	349
	336	349
	340	352
	341	353
	344	356
	347	362
	348	362
	354	363
	357	369
	358	370
	360	371
	361	372
	364	378
	365	379
	366	380
	367	381
	368	385
	372	389
	373	390
	374	391
	376	394
	379	400
	380	401
	382	402
	383	403
	386	409
	387	410
	389	411
	390	412
	393	418
	394	418
	398	419
	399	419
	403	420
	404	420
	406	420
	411	421
	414	427
	417	430
	422	438
	424	439
	425	440
	426	441
	429	447
	431	448
	432	448
	435	449
	436	449
	440	450
	442	451
	447	453
	448	454
	451	460
	452	461
	453	462
	455	464
	456	465
	459	471
	460	472
	463	478
	465	478
	466	478
	468	479
	469	480
	472	486
	474	486
	475	486
	477	487
	478	488
	481	494
	482	495
	483	496
	486	502
	487	503
	489	504
	491	505
	492	506
	494	508
	495	510
	496	511
	497	512
	498	513
	501	516
	504	519
	505	520
	506	521
	507	522
	508	523
	509	524
	510	525
	511	526
	512	527
	513	528
	514	529
	515	530
	516	531
	517	532
	518	533
	519	534
	520	535
	521	536
	522	537
	523	538
	524	539
	525	540
	526	541
	527	542
	528	543
	529	544
	530	545
	531	546
	532	547
	533	548
	534	549
	535	550
	536	551
	538	552
	540	553
	541	554
	542	555
	544	556
	545	557
	547	558
	548	559
	549	560
	550	561
	551	562
	552	563
	553	564
	554	565
	555	566
	556	567
	557	568
	558	569
	559	570
	560	571
	561	572
	562	573
	563	574
	564	575
	565	576
	566	577
	567	578
	568	579
	569	580
	570	581
	571	582
	572	583
	573	584
	574	585
	575	586
	576	587
	577	588
	578	589
	579	590
	580	591
	581	592
	582	593
	583	594
	584	595
	585	596
	586	597
	587	598
	588	599
	589	600
	590	601
	591	602
	592	603
	593	604
	594	605
	595	606
	596	607
	597	608
	598	609
	599	610
	600	611
	601	612
	602	613
	603	614
	604	615
	605	616
	606	617
	607	618
	608	619
	609	620
	610	621
	611	622
	612	623
	613	624
	614	625
	615	626
	616	627
	617	628
	618	629
	619	630
	620	631
	621	632
	622	633
	623	634
	624	635
	625	636
	626	637
	627	638
	628	639
	629	640
	630	641
	631	642
	632	643
	633	644
	634	645
	635	646
	636	647
	637	648
	638	649
	639	650
	640	651
	641	652
	642	653
	643	654
	644	655
	645	656
	646	657
	647	658
	648	659
	649	660
	650	661
	651	662
	652	663
	653	664
	654	665
	655	666
	656	667
	657	668
	658	669
	659	670
	660	671
	661	672
	662	673
	663	674
	664	675
	665	676
	666	677
	667	678
	668	679
	669	680
	670	681
	671	682
	672	683
	673	684
	674	685
	675	686
	676	687
	677	688
	678	689
	679	690
	680	691
	681	692
	682	693
	683	694
	684	695
	685	696
	686	697
	687	698
	688	699
	689	700
	690	701
	691	702
	692	703
	693	704
	694	705
	695	706
	696	707
	697	708
	698	709
	699	710
	700	711
	701	712
	702	713
	703	714
	704	715
	705	716
	706	717
	707	718
	708	719
	709	720
	710	721
	711	722
	712	723
	713	724
	714	725
	715	726
	716	727
	717	728
	718	729
	719	730
	720	731
	721	732
	722	733
	723	734
	724	735
	725	736
	726	737
	727	738
	728	739
	729	740
	730	741
	731	742
	732	743
	733	744
	734	745
	735	746
	736	747
	737	748
	738	749
	739	750
	740	751
	741	752
	742	753
	743	754
	744	755
	745	756
	746	757
	747	758
	748	759
	749	760
	750	761
	751	762
	752	763
	754	764
	755	765
	756	766
	757	767
	758	768
	759	769
	760	770
	761	771
	762	772
	763	773
	764	774
	765	775
	766	776
	767	777
	768	778
	769	779
	770	780
	771	781
	772	782
	774	783
	775	784
	777	785
	779	786
	780	787
	781	788
	782	789
	784	790
	785	791
	786	792
	787	793
	789	794
	790	795
	791	796
	792	797
	794	798
	795	799
	796	800
	797	801
	799	802
	800	803
	801	804
	802	805
	804	806
	805	807
	806	808
	807	809
	809	810
	810	811
	811	812
	812	813
	814	814
	816	815
	817	816
	818	817
	819	818
	820	819
	821	820
	822	821
	823	822
	824	823
	825	824
	826	825
	827	826
	828	827
	829	828
	830	829
	831	830
	832	831
	833	832
	834	833
	835	834
	836	835
	837	836
	838	837
	839	838
	840	839
	841	840
	843	841
	844	842
	846	843
	847	844
	849	845
	850	846
	851	847
	853	848
	855	849
	856	850
	857	851
	858	852
	859	853
	860	854
	861	855
	863	856
	864	857
	865	858
	866	859
	867	860
	868	861
	869	862
	871	863
	872	864
	873	865
	874	866
	878	867
	879	868
	880	869
	881	870
	884	871
	885	872
	886	873
	887	874
	890	875
	891	876
	892	877
	895	878
	896	879
	897	880
	898	881
	899	882
	900	883
	901	884
	902	885
	903	886
	904	887
	907	888
	908	889
	909	890
	910	891
	911	892
	912	893
	913	894
	914	895
	915	896
	916	897
	917	898
	918	899
	921	900
	922	901
	923	902
	924	903
	927	904
	928	905
	929	906
	932	907
	933	908
	934	909
	937	910
	938	911
	939	912
	940	913
	941	914
	942	915
	943	916
	944	917
	945	918
	946	919
	947	920
	948	921
	949	922
	950	923
	954	924
	955	925
	958	926
	959	927
	960	928
	961	929
	962	930
	963	931
	964	932
	965	933
	966	934
	967	935
	970	936
	971	937
	972	938
	973	939
	974	940
	977	941
	978	942
	979	943
	980	944
	981	945
	982	946
	983	947
	984	948
	985	949
	986	950
	989	951
	990	952
	991	953
	992	954
	994	955
	995	956
	996	957
	997	958
	998	959
	999	960
	1000	961
	1001	962
	1002	963
	1003	964
	1004	965
	1005	966
	1006	967
	1007	968
	1008	969
net/minecraft/client/renderer/feature/ShadowFeatureRenderer	68	60
	68	60
	19	17
	21	18
	25	22
	26	24
	27	25
	29	27
	32	30
	34	31
	36	32
	37	33
	38	34
	39	35
	40	36
	42	37
	43	38
	44	39
	45	40
	46	41
	48	42
	49	43
	50	44
	51	45
	52	46
	54	48
	57	53
	58	54
	59	55
net/minecraft/client/input/MouseButtonInfo	17	11
	17	11
com/mojang/realmsclient/gui/screens/configuration/RealmsSettingsTab	191	210
	34	33
	35	34
	36	35
	37	36
	38	37
	54	55
	55	56
	56	57
	57	58
	58	59
	59	60
	61	61
	62	62
	63	63
	64	64
	65	65
	66	66
	67	67
	68	72
	70	69
	71	70
	72	72
	73	73
	75	74
	76	75
	77	76
	78	77
	79	78
	81	79
	82	80
	84	81
	85	82
	86	83
	87	84
	89	85
	90	86
	92	90
	94	91
	95	95
	96	98
	97	100
	98	101
	100	103
	101	104
	102	105
	104	109
	105	110
	107	112
	108	117
	110	118
	111	119
	114	122
	115	123
	116	124
	117	125
	121	131
	122	132
	123	133
	125	135
	129	140
	130	141
	131	142
	135	146
	136	153
	139	156
	140	157
	141	158
	144	161
	145	162
	146	163
	147	164
	151	168
	152	169
	156	173
	157	174
	158	175
	161	178
	162	180
	163	181
	166	184
	167	185
	168	186
	170	187
	171	190
	172	191
	173	192
	174	193
	178	197
	179	198
	182	201
	183	202
	184	203
	185	204
	186	205
	187	206
	188	210
	190	207
	191	210
net/minecraft/client/multiplayer/ClientCommonPacketListenerImpl	514	468
	514	402
	79	85
	81	86
	101	102
	102	103
	103	104
	104	105
	105	106
	106	107
	107	108
	108	109
	109	110
	110	111
	111	112
	112	113
	115	116
	120	120
	125	121
	126	122
	128	123
	129	123
	133	124
	137	127
	138	128
	140	129
	144	133
	146	134
	148	135
	149	136
	150	137
	151	138
	152	139
	153	139
	155	139
	160	143
	161	144
	164	145
	169	149
	170	150
	174	153
	175	154
	176	155
	180	158
	181	159
	182	168
	185	160
	186	161
	187	162
	188	163
	190	165
	192	168
	198	173
	199	174
	200	175
	201	176
	202	177
	203	188
	206	179
	207	180
	209	181
	210	182
	211	185
	214	183
	216	188
	220	191
	221	192
	222	192
	223	192
	225	193
	228	196
	229	196
	231	196
	237	201
	238	202
	239	203
	240	203
	242	204
	243	205
	245	203
	250	210
	251	211
	252	212
	256	215
	257	216
	258	217
	262	220
	263	221
	264	222
	268	225
	270	226
	271	227
	273	229
	275	231
	276	232
	277	233
	278	234
	282	238
	283	239
	287	242
	288	243
	289	244
	294	249
	295	250
	299	253
	301	254
	302	255
	303	256
	305	257
	306	258
	308	260
	310	279
	314	264
	317	265
	318	266
	319	267
	321	269
	323	272
	324	273
	325	274
	327	276
	329	279
	333	282
	334	283
	335	284
	338	287
	339	288
	340	288
	341	289
	343	291
	345	292
	347	294
	352	297
	353	298
	355	299
	356	300
	359	303
	360	304
	361	305
	363	306
	364	308
	365	315
	369	318
	370	319
	373	322
	374	324
	375	325
	376	326
	377	327
	378	328
	379	329
	380	330
	383	333
	386	336
	387	337
	391	340
	392	341
	393	342
	394	343
	398	346
	399	347
	400	348
	402	349
	403	350
	404	351
	406	353
	409	357
	410	359
	411	360
	413	361
	418	365
	422	369
	423	370
	425	372
	427	374
	434	377
	435	378
	436	379
	438	380
	449	420
	451	422
	452	423
	453	424
	454	425
	455	426
	457	429
	459	431
	460	432
	461	433
	462	434
	463	435
	467	439
	469	440
	472	443
	473	444
	475	446
	476	447
	477	449
	478	454
	479	455
	481	457
	482	458
	483	459
	486	464
	487	465
	488	466
	489	467
	490	468
	497	386
	499	387
	500	388
	504	392
	505	393
	509	397
	510	398
net/minecraft/client/renderer/special/ShulkerBoxSpecialRenderer	62	67
	32	48
	33	50
	36	54
	37	55
	40	58
	41	59
	45	63
	50	67
	23	22
	24	23
	56	36
	25	24
	57	37
	26	25
	61	41
	29	45
	62	42
	30	47
net/minecraft/client/renderer/blockentity/state/DecoratedPotRenderState	13	13
	12	12
	13	13
net/minecraft/client/renderer/entity/state/MushroomCowRenderState	7	7
	7	7
net/minecraft/client/ClientRecipeBook	103	108
	66	65
	67	70
	70	75
	71	76
	72	77
	75	80
	76	81
	78	83
	79	84
	80	85
	82	86
	84	87
	86	89
	87	90
	88	91
	89	92
	90	93
	27	26
	28	27
	92	96
	31	30
	95	100
	32	31
	35	34
	99	104
	36	35
	37	36
	103	108
	40	39
	41	40
	42	41
	45	44
	49	48
	50	49
	53	52
	54	53
	57	56
	59	57
	60	58
	62	59
	63	60
net/minecraft/client/renderer/debug/ChunkBorderRenderer	98	84
	64	57
	65	58
	66	59
	67	60
	68	61
	72	64
	73	65
	74	66
	79	70
	81	72
	82	72
	83	72
	20	18
	84	72
	21	19
	85	72
	22	20
	86	72
	88	74
	25	23
	89	76
	26	24
	92	78
	93	79
	30	30
	94	80
	95	81
	32	31
	96	82
	33	32
	98	84
	35	33
	36	34
	37	35
	40	37
	41	38
	42	39
	47	43
	48	44
	49	45
	50	46
	54	49
	55	50
	56	51
	58	52
	62	55
	63	56
net/minecraft/client/model/monster/piglin/AdultZombifiedPiglinModel	18	17
	18	17
	9	8
	10	9
	14	13
net/minecraft/client/multiplayer/chat/ChatRestriction	97	79
	64	50
	67	53
	71	57
	75	61
	76	62
	77	63
	80	66
	17	17
	81	67
	18	17
	82	68
	19	17
	23	21
	24	22
	25	23
	90	74
	27	25
	91	74
	28	25
	92	75
	29	25
	95	78
	96	78
	33	28
	97	79
	34	29
	36	31
	37	31
	38	31
	43	34
	44	35
	46	37
	47	37
	48	37
	52	40
	53	41
	62	48
	63	49
net/minecraft/client/server/LanServerDetection	104	101
	67	27
	68	28
	69	29
	70	30
	72	31
	73	32
	74	33
	75	34
	76	35
	81	39
	19	18
	83	41
	20	19
	84	42
	86	45
	87	46
	23	68
	88	47
	89	48
	90	49
	91	50
	27	72
	28	73
	29	74
	94	53
	30	75
	95	54
	96	55
	32	77
	100	59
	36	82
	101	60
	37	83
	38	84
	103	63
	39	101
	104	64
	42	85
	44	86
	45	88
	46	89
	47	90
	48	91
	49	92
	53	96
	54	97
	55	98
	57	101
net/minecraft/client/renderer/entity/state/EndCrystalRenderState	7	7
	7	7
net/minecraft/client/renderer/entity/DolphinRenderer	37	32
	17	16
	34	29
	19	17
	35	30
	20	18
	36	31
	37	32
	24	21
	13	12
	29	25
	14	13
net/minecraft/client/renderer/state/gui/GuiElementRenderState	0	0
net/minecraft/client/player/LocalPlayer	1434	1237
	1025	946
	1026	947
	1027	948
	1029	949
	1030	950
	1033	953
	1038	957
	1042	961
	1043	1056
	1077	962
	1078	963
	1079	964
	1082	965
	1083	966
	1084	967
	1089	968
	1090	969
	1091	970
	1094	971
	1095	972
	1096	973
	1098	974
	1101	975
	1102	976
	1107	980
	1108	981
	1112	982
	1113	983
	1114	984
	1115	1056
	1118	985
	1123	986
	1124	987
	1125	988
	1126	1056
	1129	989
	1130	990
	1131	991
	1132	1056
	114	118
	1142	992
	1143	993
	1144	994
	1145	995
	1149	998
	1152	999
	1153	1000
	1157	1001
	1158	1002
	1159	1003
	1163	1004
	1164	1005
	1168	1006
	1169	1007
	1172	1008
	1173	1009
	1174	1010
	1175	1011
	1178	1012
	1179	1013
	1184	1014
	1186	1016
	1187	1017
	1188	1018
	1195	1019
	1196	1020
	1197	1021
	1200	1023
	1201	1024
	1202	1025
	179	178
	1203	1027
	180	179
	1204	1028
	181	180
	1205	1029
	182	181
	1206	1030
	183	182
	184	183
	185	184
	1209	1034
	186	185
	1210	1035
	187	186
	1211	1036
	188	187
	1212	1037
	189	188
	1213	1038
	190	189
	195	192
	199	195
	1223	1046
	200	196
	1224	1056
	202	199
	206	200
	207	201
	208	202
	1232	1047
	209	203
	1233	1048
	210	206
	1234	1056
	211	207
	213	212
	1238	1049
	1239	1056
	218	216
	219	217
	1243	1059
	220	218
	1244	1060
	1245	1061
	1246	1062
	1247	1063
	224	221
	1248	1064
	1249	1065
	1250	1066
	1251	1071
	229	225
	1253	1067
	230	225
	1254	1068
	1255	1069
	232	225
	1259	1076
	237	230
	1261	1078
	1262	1079
	239	253
	1263	1080
	1264	1081
	241	231
	1265	1082
	242	232
	244	233
	245	234
	1269	1086
	246	235
	249	238
	1273	1090
	250	239
	1274	1091
	251	240
	1275	1092
	252	241
	253	242
	254	243
	1279	1096
	1280	1097
	257	246
	1281	1098
	1282	1099
	1283	1100
	260	249
	1284	1101
	261	250
	263	253
	1288	1105
	266	256
	267	257
	268	258
	1292	1109
	1293	1110
	271	262
	1295	1113
	1296	1114
	1297	1115
	1298	1116
	275	266
	1300	1119
	277	267
	1301	1120
	278	268
	1302	1121
	279	269
	280	270
	282	271
	1306	1125
	283	272
	1308	1126
	285	273
	1310	1128
	287	274
	288	275
	290	276
	1314	1131
	291	277
	292	278
	293	279
	294	280
	295	281
	1319	1135
	296	282
	1320	1136
	297	283
	1322	1137
	1323	1138
	300	286
	301	287
	302	288
	1326	1141
	303	289
	1327	1142
	304	290
	1328	1143
	306	293
	307	294
	1331	1146
	308	295
	1332	1147
	310	298
	311	299
	1335	1150
	313	300
	315	302
	1340	1154
	1341	1155
	318	305
	1342	1156
	319	306
	1343	1157
	320	307
	1344	1158
	321	308
	1345	1159
	322	309
	1347	1161
	324	311
	327	314
	328	317
	1352	1166
	329	318
	1353	1167
	330	319
	1357	1170
	335	323
	336	324
	337	325
	1362	1174
	1363	1175
	340	328
	341	329
	342	330
	1367	1178
	346	333
	347	334
	1371	1182
	348	335
	1375	1186
	352	338
	353	339
	354	340
	1379	1190
	1380	1191
	357	343
	1381	1192
	358	344
	1382	1193
	359	345
	1383	1194
	360	346
	1384	1195
	361	347
	1385	1196
	362	348
	1386	1197
	365	351
	366	352
	1390	1201
	367	353
	1391	1202
	368	354
	1392	1203
	369	355
	1394	1206
	372	358
	373	359
	375	361
	1399	1210
	1400	1211
	1402	1212
	379	364
	380	365
	1404	1213
	1405	1214
	384	368
	1408	1215
	385	369
	1409	1216
	386	370
	1410	1217
	1413	1220
	390	373
	1414	1221
	1416	1222
	1417	1223
	1418	1224
	395	377
	1420	1225
	1421	1226
	1423	1227
	400	381
	404	385
	1428	1231
	405	386
	1429	1232
	1430	1233
	1431	1234
	408	389
	1432	1235
	409	390
	1434	1237
	412	393
	416	397
	420	401
	421	402
	422	403
	424	405
	428	408
	432	412
	433	413
	434	414
	436	415
	437	415
	438	416
	441	418
	444	421
	448	425
	449	426
	450	427
	455	430
	456	431
	460	434
	461	435
	464	438
	466	439
	467	464
	470	440
	471	441
	473	442
	474	443
	476	444
	477	446
	478	447
	479	448
	480	449
	481	450
	482	451
	486	455
	488	456
	489	457
	490	458
	492	460
	495	464
	499	467
	500	468
	501	469
	505	473
	506	474
	508	477
	509	478
	510	479
	511	480
	515	483
	516	484
	518	486
	520	488
	524	491
	525	493
	526	496
	527	499
	528	502
	529	505
	530	508
	532	510
	535	513
	536	514
	539	517
	543	521
	544	522
	547	525
	552	529
	553	530
	557	533
	558	534
	559	539
	562	535
	564	536
	565	537
	566	539
	570	542
	574	546
	578	550
	583	554
	584	555
	585	556
	590	559
	595	563
	597	564
	598	565
	599	566
	601	567
	602	568
	603	569
	604	570
	607	574
	608	574
	609	575
	612	577
	615	580
	619	584
	624	588
	629	592
	630	593
	632	595
	634	597
	638	600
	639	601
	643	604
	644	605
	648	608
	649	609
	653	612
	654	613
	658	616
	659	617
	663	620
	664	621
	668	624
	669	625
	673	628
	674	629
	675	630
	677	632
	681	635
	682	636
	686	639
	687	640
	691	643
	696	647
	700	651
	705	655
	706	656
	707	657
	708	658
	709	659
	710	660
	711	661
	712	662
	713	663
	715	665
	717	667
	729	670
	730	671
	733	674
	734	675
	735	676
	738	679
	739	680
	740	681
	743	684
	747	688
	748	689
	749	690
	752	693
	753	694
	755	695
	756	696
	760	700
	761	701
	762	702
	763	703
	767	707
	771	711
	772	712
	773	713
	774	713
	775	714
	776	715
	779	713
	781	720
	782	721
	785	724
	786	725
	787	726
	791	730
	792	731
	795	734
	796	735
	797	736
	800	739
	801	740
	802	741
	804	742
	805	743
	806	744
	807	745
	808	746
	809	747
	810	747
	812	748
	813	749
	815	750
	816	751
	817	752
	818	753
	819	754
	822	757
	823	758
	824	759
	825	760
	826	761
	829	764
	830	765
	833	768
	834	769
	835	770
	836	771
	838	773
	842	777
	843	778
	847	782
	848	783
	849	784
	850	785
	852	787
	853	788
	857	792
	858	793
	859	794
	860	795
	861	796
	862	797
	863	798
	865	800
	866	801
	867	802
	868	803
	869	804
	871	805
	872	806
	874	809
	875	810
	876	811
	881	816
	882	816
	883	817
	886	820
	888	821
	889	822
	892	825
	893	826
	894	827
	895	828
	896	829
	897	830
	900	833
	902	834
	904	835
	905	836
	907	839
	908	840
	911	843
	912	844
	916	848
	917	849
	918	850
	919	851
	920	852
	922	853
	925	857
	927	858
	928	859
	929	860
	930	861
	932	862
	933	863
	934	864
	936	865
	937	866
	938	867
	940	869
	944	873
	947	876
	948	877
	949	878
	950	879
	952	881
	955	884
	956	884
	961	888
	962	888
	963	888
	967	892
	973	896
	974	897
	975	898
	977	900
	980	903
	981	904
	983	905
	984	906
	985	907
	986	908
	988	911
	991	914
	992	915
	994	918
	995	919
	996	920
	997	921
	1000	924
	1001	925
	1005	929
	1006	930
	1008	931
	1009	932
	1011	933
	1013	936
	1016	939
	1021	943
	1022	944
	1023	945
net/minecraft/client/gui/screens/multiplayer/CodeOfConductScreen	75	70
	64	61
	69	66
	71	67
	73	68
	75	70
	17	17
	18	18
	26	27
	27	28
	28	29
	29	30
	30	31
	31	32
	34	35
	35	36
	39	40
	40	41
	41	41
	43	42
	44	42
	46	43
	50	47
	52	48
	53	49
	54	50
	56	52
	58	55
	60	57
net/minecraft/client/model/object/cart/MinecartModel	55	45
	15	14
	16	15
	19	18
	20	19
	22	20
	23	21
	24	22
	25	23
	27	24
	28	26
	29	26
	30	27
	34	29
	35	31
	36	31
	37	32
	39	34
	40	36
	41	36
	42	37
	44	39
	45	41
	46	41
	47	42
	49	44
	50	44
	51	44
	52	44
	55	45
net/minecraft/client/animation/package-info	0	0
net/minecraft/client/gui/screens/FileFixerAbortedScreen	71	70
	67	66
	68	67
	69	68
	71	70
	22	22
	23	23
	24	24
	25	25
	29	29
	34	34
	35	35
	37	36
	39	37
	41	38
	42	39
	43	40
	45	41
	46	42
	47	43
	51	47
	52	48
	53	49
	56	52
	57	53
	58	57
	62	61
net/minecraft/client/gui/components/debug/DebugEntryNoop	30	34
	16	16
	21	25
	25	29
	11	11
	12	12
	30	34
	15	15
net/minecraft/client/model/object/skull/SkullModel	57	43
	35	27
	37	28
	38	30
	39	30
	40	30
	44	31
	48	35
	49	36
	18	15
	19	16
	20	17
	54	40
	23	20
	55	41
	24	21
	56	42
	57	43
	26	22
	27	22
	28	22
	31	23
net/minecraft/client/GameNarrator	126	126
	16	16
	17	17
	23	22
	24	23
	27	26
	28	27
	30	29
	33	32
	34	33
	36	35
	39	38
	40	39
	42	41
	45	44
	46	45
	47	46
	48	47
	50	49
	53	52
	54	53
	57	56
	58	57
	59	58
	60	59
	61	60
	64	63
	67	66
	68	67
	71	70
	75	74
	76	75
	78	77
	81	80
	83	81
	85	82
	86	83
	87	84
	88	85
	90	87
	93	91
	95	97
	98	100
	102	104
	103	107
	105	105
	106	107
	109	110
	110	111
	113	114
	114	117
	118	119
	121	121
	125	125
	126	126
net/minecraft/client/renderer/Lightmap	106	95
	28	24
	30	26
	31	27
	32	28
	33	29
	34	30
	35	31
	36	32
	37	33
	38	34
	39	35
	40	36
	48	42
	49	43
	50	44
	52	45
	53	46
	54	47
	57	50
	62	55
	63	56
	64	57
	65	58
	68	61
	69	90
	71	62
	72	63
	73	64
	75	66
	76	67
	77	68
	78	69
	79	70
	80	71
	81	72
	82	73
	83	74
	84	75
	85	76
	86	77
	89	80
	90	81
	91	82
	92	83
	93	84
	95	87
	96	88
	97	90
	103	93
	105	94
	106	95
net/minecraft/client/renderer/ProjectionMatrixBuffer	58	57
	32	29
	33	30
	34	34
	35	35
	36	36
	38	31
	42	40
	43	41
	44	42
	48	46
	49	47
	50	48
	52	51
	24	21
	25	22
	57	56
	26	23
	58	57
	27	24
	28	25
	29	26
net/minecraft/client/renderer/entity/layers/SkeletonClothingLayer	27	29
	19	20
	20	21
	21	22
	22	23
	26	28
	27	29
com/mojang/blaze3d/util/TransientBlockAllocator	146	150
	128	128
	129	129
	131	132
	133	133
	134	134
	135	135
	137	138
	146	150
	24	23
	25	24
	28	29
	29	30
	30	31
	31	32
	32	33
	37	37
	38	38
	39	39
	42	42
	46	46
	47	47
	49	48
	50	49
	52	50
	53	51
	55	54
	56	55
	57	56
	58	57
	59	58
	63	59
	64	60
	66	63
	67	64
	68	65
	73	70
	78	75
	79	76
	81	79
	82	80
	86	84
	87	85
	89	88
	90	89
	91	90
	92	91
	99	95
	100	96
	102	99
	103	100
	105	103
	106	104
	107	105
	108	106
	109	107
	111	110
	112	111
	113	112
	115	115
	116	116
	117	117
	118	118
	119	119
	120	120
	122	123
	123	124
	124	125
	125	126
	127	127
net/minecraft/client/model/animal/ghast/HappyGhastModel	65	86
	64	85
	65	86
	18	17
	27	23
	28	24
	29	26
	30	27
	32	29
	35	32
	36	33
	38	34
	39	37
	40	38
	43	45
	44	50
	45	53
	46	56
	47	59
	48	62
	49	65
	50	68
	51	71
	53	74
	58	78
	59	79
	60	80
	61	81
	62	82
net/minecraft/client/renderer/entity/state/WolfRenderState	29	29
	17	16
	18	17
	20	19
	23	22
	24	23
	25	24
	26	25
	11	10
	27	26
	29	29
	14	13
net/minecraft/client/gui/components/PlayerFaceWidget	29	29
	16	16
	20	20
	21	21
	25	25
	13	13
	29	29
	14	14
	15	15
net/minecraft/client/renderer/blockentity/state/PistonHeadRenderState	0	0
net/minecraft/client/renderer/culling/package-info	0	0
net/minecraft/client/resources/DefaultPlayerSkin	52	49
	35	33
	40	37
	12	12
	44	41
	13	12
	14	13
	15	14
	16	15
	48	45
	17	16
	18	17
	19	18
	20	19
	52	49
	21	20
	23	21
	24	22
	25	23
	26	24
	27	25
	28	26
	29	27
	30	28
	31	29
net/minecraft/client/renderer/entity/layers/PandaHoldsItemLayer	35	39
	32	35
	33	36
	34	37
	35	39
	15	14
	16	15
	20	25
	21	26
	22	39
	25	27
	26	28
	27	29
	28	30
	29	31
	31	34
net/minecraft/client/particle/GeyserEruptionParticle	66	78
	32	36
	33	37
	34	38
	66	78
	35	39
	36	40
	37	41
	38	42
	39	43
	40	44
	44	48
	46	49
	47	50
	48	51
	52	55
	53	56
	56	59
	57	60
	58	61
	61	64
	31	35
net/minecraft/client/gui/components/SelectableEntry	29	29
	17	17
	5	5
	21	21
	9	9
	25	25
	13	13
	29	29
net/minecraft/client/model/animal/feline/AdultCatModel	14	14
	9	9
	10	10
	13	13
	14	14
net/minecraft/client/renderer/entity/layers/SnowGolemHeadLayer	46	43
	32	31
	34	32
	36	33
	39	34
	40	35
	42	37
	13	13
	45	40
	14	14
	46	43
	18	24
	19	43
	22	25
	23	43
	26	26
	27	27
	29	28
	30	29
	31	30
net/minecraft/client/gui/components/ItemDisplayWidget	50	61
	32	41
	33	42
	35	45
	36	46
	38	49
	39	50
	41	52
	44	55
	45	56
	49	60
	50	61
	20	29
	21	30
	22	31
	23	32
	24	33
	25	34
	26	35
	27	36
	31	40
net/minecraft/client/renderer/entity/ArmadilloRenderer	36	33
	16	16
	32	29
	17	17
	33	30
	34	31
	35	32
	36	33
	21	20
	26	24
	12	12
	13	13
	31	28
net/minecraft/client/gui/screens/advancements/package-info	0	0
net/minecraft/client/data/models/blockstates/PropertyValueList	36	32
	16	12
	19	15
	36	32
	23	19
	27	23
	14	11
	31	27
net/minecraft/client/particle/Particle	237	219
	18	17
	19	18
	50	44
	52	45
	53	46
	54	47
	55	48
	56	49
	58	50
	59	51
	62	54
	64	55
	65	56
	66	57
	67	58
	69	59
	70	60
	71	61
	72	62
	73	63
	76	66
	77	67
	78	68
	79	69
	83	73
	84	74
	85	75
	86	76
	89	79
	90	80
	94	84
	95	85
	98	88
	102	92
	103	93
	104	94
	106	95
	107	96
	108	113
	111	98
	112	99
	113	100
	114	101
	115	102
	117	105
	118	106
	119	107
	121	108
	122	109
	123	110
	125	113
	131	119
	135	123
	136	124
	139	127
	140	128
	141	129
	142	130
	143	131
	144	132
	145	133
	147	135
	150	138
	151	139
	152	140
	153	141
	154	142
	155	143
	156	144
	159	147
	160	176
	163	148
	164	149
	165	150
	167	151
	168	152
	169	153
	170	154
	171	155
	174	158
	175	159
	176	160
	179	163
	180	164
	183	167
	185	168
	186	169
	188	172
	189	173
	191	176
	194	179
	195	180
	196	181
	197	182
	198	183
	201	186
	202	187
	203	187
	205	187
	209	191
	213	195
	217	199
	218	200
	221	203
	225	207
	228	210
	232	214
	233	215
	236	218
	237	219
net/minecraft/client/gui/screens/options/SkinCustomizationScreen	30	31
	17	16
	18	17
	22	21
	23	23
	24	24
	25	25
	28	29
	29	30
	14	13
	30	31
net/minecraft/client/resources/sounds/SoundInstance	58	47
	50	43
	58	47
	46	39
net/minecraft/client/gui/screens/inventory/AbstractCommandBlockEditScreen	190	166
	129	120
	130	121
	134	125
	140	130
	141	131
	144	132
	145	133
	20	18
	148	134
	21	19
	149	135
	22	20
	150	136
	153	138
	158	144
	159	144
	33	29
	34	30
	162	144
	38	34
	39	35
	167	149
	168	149
	41	37
	171	149
	176	154
	49	45
	178	155
	51	46
	179	156
	180	157
	54	49
	182	158
	183	159
	184	160
	57	52
	185	161
	58	53
	186	162
	59	54
	61	55
	189	165
	62	56
	190	166
	63	57
	64	58
	65	59
	67	60
	68	62
	69	63
	70	64
	71	65
	72	66
	73	67
	76	69
	77	71
	78	74
	80	76
	81	77
	82	78
	84	79
	85	80
	88	83
	92	87
	93	88
	97	92
	98	92
	100	92
	105	97
	106	98
	107	99
	109	100
	110	101
	113	104
	114	105
	117	108
	119	109
	120	110
	121	111
	123	114
	124	115
net/minecraft/client/renderer/entity/state/EntityRenderState	60	55
	32	29
	43	39
	47	48
	48	49
	49	50
	50	51
	51	52
	52	53
	53	54
	54	55
	58	43
	59	44
	60	45
	31	28
net/minecraft/client/gui/screens/options/controls/KeyBindsScreen	100	101
	64	63
	65	64
	67	66
	72	72
	73	73
	74	74
	76	76
	79	79
	80	80
	81	81
	82	82
	19	19
	84	84
	89	90
	27	26
	91	91
	28	27
	92	93
	93	94
	94	95
	95	96
	32	31
	33	32
	99	100
	100	101
	38	36
	42	40
	43	41
	44	42
	46	45
	47	46
	48	47
	49	48
	50	49
	51	50
	55	54
	56	55
	57	56
	61	60
	62	61
	63	62
net/minecraft/client/renderer/feature/NameTagFeatureRenderer	66	57
	66	57
	37	36
	38	37
	39	38
	40	39
	44	43
	45	44
	46	45
	15	13
	19	17
	20	19
	21	20
	22	21
	23	22
	25	24
	28	27
	61	52
com/mojang/blaze3d/pipeline/CompiledRenderPipeline	0	0
net/minecraft/client/renderer/Panorama	32	32
	32	32
	10	10
	13	12
	16	15
	17	16
	20	19
	21	20
	24	23
	25	24
	26	25
	27	26
	28	27
	30	30
	31	31
com/mojang/blaze3d/platform/GLX	109	104
	64	60
	65	63
	67	63
	68	64
	71	67
	75	71
	79	75
	80	76
	81	77
	83	79
	87	82
	25	24
	28	29
	29	30
	93	86
	30	31
	94	87
	31	32
	96	90
	33	35
	97	91
	34	36
	98	92
	101	96
	38	40
	41	25
	105	100
	44	44
	45	45
	109	104
	48	47
	50	50
	51	51
	53	51
	54	52
	58	55
	59	59
	61	56
com/mojang/realmsclient/dto/RealmsServerList	27	24
	17	13
	18	14
	19	19
	21	15
	22	16
	24	20
	25	21
	27	24
	13	9
net/minecraft/client/resources/metadata/animation/FrameSize	0	0
net/minecraft/client/resources/sounds/SimpleSoundInstance	67	111
	64	108
	65	109
	66	110
	67	111
	13	15
	14	16
	17	19
	21	23
	25	28
	29	34
	33	40
	37	46
	41	51
	45	55
	49	68
	50	69
	53	84
	54	85
	57	101
	58	102
	59	103
	60	104
	61	105
	62	106
	63	107
net/minecraft/client/renderer/state/gui/package-info	0	0
net/minecraft/client/waypoints/package-info	0	0
net/minecraft/client/gui/font/glyphs/EmptyGlyph	31	33
	18	18
	23	23
	26	26
	13	13
	14	14
	31	33
net/minecraft/client/renderer/feature/phase/TranslucentFeatureRenderPhase	45	46
	32	30
	35	33
	36	37
	37	37
	39	40
	40	41
	45	46
	18	16
	19	17
	20	18
	24	22
	25	30
	27	23
	28	24
	30	27
	31	28
net/minecraft/client/renderer/entity/state/HitboxRenderState	19	10
	18	9
	19	10
net/minecraft/client/model/animal/armadillo/BabyArmadilloModel	90	76
	17	15
	24	21
	27	24
	28	25
	30	26
	31	28
	32	29
	33	31
	34	33
	36	35
	37	35
	38	35
	40	36
	41	38
	42	38
	43	39
	45	41
	46	41
	47	41
	49	42
	50	44
	51	44
	52	45
	54	47
	55	49
	56	49
	57	50
	59	52
	60	54
	61	54
	62	55
	64	57
	65	59
	66	59
	67	60
	69	62
	70	63
	71	63
	72	63
	74	65
	75	66
	76	66
	77	66
	79	68
	80	70
	81	70
	82	71
	84	73
	85	74
	86	74
	87	74
	90	76
net/minecraft/client/renderer/chunk/SectionRenderDispatcher	443	411
	256	228
	259	231
	263	235
	268	240
	269	241
	270	242
	271	243
	272	244
	273	245
	274	246
	275	247
	278	250
	282	254
	283	255
	284	256
	286	259
	288	261
	289	264
	290	264
	291	265
	296	269
	301	274
	305	278
	309	282
	310	283
	311	284
	313	286
	59	59
	60	60
	316	289
	61	61
	62	62
	64	63
	320	293
	66	64
	67	65
	68	66
	324	297
	325	298
	70	67
	326	299
	72	68
	328	302
	329	303
	74	69
	330	304
	75	70
	76	71
	332	306
	78	72
	79	73
	335	309
	336	310
	81	75
	337	311
	338	312
	84	78
	85	79
	342	316
	343	317
	344	318
	89	82
	90	104
	347	321
	348	322
	93	83
	349	323
	94	84
	95	104
	352	326
	354	327
	99	86
	355	328
	100	87
	356	329
	101	88
	102	89
	103	90
	359	332
	105	92
	107	95
	363	336
	364	338
	365	339
	366	340
	112	96
	368	342
	113	97
	115	98
	371	345
	116	99
	372	346
	117	100
	373	346
	374	346
	119	104
	122	107
	123	108
	380	351
	381	353
	382	354
	383	355
	128	111
	384	356
	385	357
	130	112
	131	113
	132	114
	389	361
	134	117
	390	362
	135	118
	136	119
	137	120
	393	363
	138	121
	139	122
	395	365
	140	123
	398	368
	143	127
	399	369
	400	370
	147	132
	403	373
	148	133
	404	374
	405	375
	151	136
	407	377
	152	137
	410	382
	155	140
	411	383
	156	142
	413	386
	414	387
	415	388
	416	389
	161	143
	162	144
	418	390
	163	145
	419	391
	420	392
	167	146
	423	395
	424	396
	425	397
	426	398
	172	151
	429	400
	175	154
	176	158
	433	404
	179	155
	180	156
	181	158
	437	405
	184	161
	440	408
	185	162
	441	411
	443	411
	189	165
	193	169
	194	170
	195	171
	197	174
	198	175
	199	176
	201	179
	203	181
	204	183
	209	187
	214	192
	219	197
	238	213
	239	214
	240	215
	243	218
	244	219
	245	219
	247	219
	251	223
	252	224
	255	227
net/minecraft/client/resources/SkinManager	169	164
	129	123
	130	124
	141	136
	142	137
	143	138
	146	141
	147	142
	148	143
	149	144
	150	145
	152	148
	156	152
	157	153
	158	154
	159	155
	160	155
	35	35
	164	159
	165	160
	166	161
	167	162
	169	164
	45	44
	46	45
	47	46
	48	47
	49	48
	50	49
	51	50
	52	51
	55	54
	56	55
	57	56
	58	57
	60	60
	61	61
	62	62
	64	65
	65	66
	66	67
	67	68
	68	69
	69	70
	71	73
	75	78
	80	81
	81	82
	82	83
	83	84
	86	86
	87	87
	89	88
	90	88
	91	88
	92	89
	95	91
	96	91
	97	91
	101	97
	102	98
	103	99
	106	101
	107	102
	111	107
	114	110
	115	111
	116	112
	118	114
	119	115
	120	116
	123	119
	124	120
	126	121
	127	122
net/minecraft/client/gui/components/tabs/TabNavigationBar	256	249
	256	222
	34	34
	43	49
	44	50
	45	51
	46	52
	48	53
	49	54
	51	55
	52	57
	53	58
	55	61
	56	62
	60	66
	73	235
	74	236
	75	237
	76	238
	77	239
	78	240
	81	243
	82	244
	83	245
	87	249
	92	70
	96	74
	97	75
	98	76
	102	80
	103	81
	104	82
	105	83
	107	85
	108	86
	113	91
	114	92
	115	93
	117	95
	121	99
	122	100
	123	101
	125	103
	129	107
	130	108
	131	109
	132	110
	135	114
	136	114
	138	114
	143	119
	147	123
	152	128
	153	128
	154	128
	155	128
	160	133
	161	133
	162	134
	163	135
	164	136
	165	137
	166	138
	167	139
	169	141
	172	144
	173	145
	174	146
	175	147
	178	150
	182	154
	183	155
	185	157
	189	161
	194	165
	195	166
	196	167
	197	168
	199	170
	202	173
	203	174
	205	176
	208	179
	209	180
	211	182
	215	186
	216	187
	217	188
	218	189
	219	190
	222	194
	226	198
	230	202
	231	203
	233	204
	234	205
	235	205
	236	206
	237	207
	238	208
	239	208
	241	208
	245	210
	249	215
	250	216
	251	217
	255	221
net/minecraft/client/renderer/item/properties/conditional/IsSelected	21	23
	16	18
	21	23
	12	12
net/minecraft/client/renderer/chunk/SectionMesh	41	39
	19	16
	37	34
	23	20
	41	39
	27	24
	15	12
	31	28
com/mojang/blaze3d/platform/cursor/package-info	0	0
net/minecraft/client/renderer/texture/SpriteContents	391	399
	257	239
	262	256
	263	257
	274	266
	275	267
	276	268
	277	269
	278	270
	286	273
	290	277
	294	281
	295	282
	296	283
	298	284
	299	285
	300	288
	301	289
	302	291
	303	299
	304	300
	49	47
	305	302
	306	303
	52	48
	308	319
	53	48
	54	48
	55	48
	311	322
	56	48
	312	323
	57	48
	315	326
	319	330
	72	61
	73	62
	76	72
	77	73
	333	345
	78	74
	334	346
	79	75
	335	347
	336	348
	81	76
	82	77
	83	79
	339	351
	84	80
	340	352
	85	81
	341	353
	86	82
	342	354
	87	83
	343	355
	344	356
	89	84
	345	357
	90	85
	347	358
	348	359
	349	360
	94	89
	95	90
	96	91
	352	363
	98	92
	99	93
	355	366
	100	94
	101	95
	102	96
	103	97
	359	370
	105	98
	107	100
	363	374
	364	375
	365	376
	110	103
	366	377
	367	378
	369	379
	114	107
	370	380
	372	381
	373	382
	118	111
	374	383
	375	384
	376	385
	377	386
	122	117
	123	118
	124	119
	380	389
	126	120
	382	390
	383	391
	129	122
	130	123
	387	395
	132	125
	388	396
	133	126
	389	397
	391	399
	136	129
	137	130
	139	132
	140	133
	143	136
	144	137
	146	139
	147	139
	148	140
	149	141
	150	142
	151	143
	152	144
	154	147
	155	148
	156	149
	159	152
	160	153
	162	155
	164	139
	167	159
	168	160
	169	161
	173	165
	174	165
	177	165
	182	170
	187	175
	192	180
	196	184
	200	188
	204	192
	205	193
	206	194
	207	195
	210	199
	215	204
	216	205
	218	207
	222	211
	226	215
	227	216
	228	217
	229	218
	230	219
	232	222
	236	226
	237	227
	238	230
	239	231
	242	234
	243	235
	244	236
	245	237
	246	238
	247	242
	248	243
	249	245
	250	246
	251	247
	252	248
	253	249
	255	252
net/minecraft/client/gui/components/debug/DebugEntryParticleRenderStats	12	17
	11	16
	12	17
net/minecraft/client/particle/ExplodeParticle	49	58
	36	36
	37	37
	38	38
	11	13
	12	14
	44	44
	13	15
	45	45
	14	16
	15	17
	16	18
	17	19
	49	58
	19	20
	20	21
	21	22
	22	23
	23	24
	25	25
	26	26
	27	27
	31	31
com/mojang/blaze3d/pipeline/RenderPipeline	406	411
	257	257
	258	258
	262	262
	263	263
	267	267
	268	268
	272	272
	273	273
	275	276
	276	277
	278	280
	279	281
	280	282
	282	285
	283	287
	284	288
	286	291
	287	292
	290	296
	291	297
	292	298
	294	300
	296	302
	299	303
	300	304
	303	307
	304	308
	49	48
	50	49
	51	50
	307	311
	52	51
	308	312
	53	52
	309	313
	54	53
	55	54
	56	55
	312	317
	57	56
	58	57
	314	319
	59	58
	315	320
	60	59
	316	321
	61	60
	317	322
	64	63
	321	326
	322	327
	68	67
	69	68
	325	330
	326	331
	328	333
	73	72
	331	336
	77	76
	334	339
	335	340
	81	80
	85	84
	89	88
	347	352
	348	353
	93	92
	350	356
	351	357
	97	96
	353	360
	354	361
	356	364
	101	100
	357	365
	105	104
	361	369
	362	370
	364	372
	109	108
	366	373
	367	375
	368	376
	113	112
	372	377
	117	116
	373	378
	374	379
	375	380
	376	381
	121	120
	377	382
	125	124
	383	389
	384	391
	129	128
	385	392
	389	393
	391	397
	392	398
	137	132
	139	134
	395	400
	140	135
	396	401
	397	402
	142	138
	398	403
	399	404
	400	405
	402	407
	147	143
	403	408
	148	144
	404	409
	149	145
	150	146
	406	411
	151	147
	152	148
	153	149
	154	150
	155	151
	157	153
	158	154
	161	157
	164	160
	165	161
	169	165
	170	166
	174	170
	175	171
	179	175
	180	176
	184	180
	185	181
	189	185
	190	186
	194	190
	195	191
	197	194
	198	195
	202	199
	203	200
	205	203
	206	204
	210	208
	211	209
	213	212
	214	213
	218	217
	219	218
	221	221
	222	222
	226	226
	227	227
	231	231
	232	232
	236	236
	237	237
	238	238
	242	242
	243	243
	244	244
	248	248
	252	252
	253	253
net/minecraft/client/renderer/entity/state/EndermanRenderState	0	0
net/minecraft/client/gui/narration/NarrationElementOutput	17	17
	16	16
	17	17
	8	8
	9	9
	12	12
	13	13
net/minecraft/client/renderer/entity/state/CreakingRenderState	0	0
net/minecraft/client/model/monster/breeze/BreezeModel	138	162
	130	154
	134	158
	138	162
	42	36
	43	37
	44	38
	45	39
	46	40
	47	41
	48	42
	49	43
	51	44
	52	45
	53	46
	54	47
	55	48
	56	49
	57	50
	60	53
	61	54
	63	55
	65	56
	66	57
	67	59
	68	62
	69	64
	70	67
	71	69
	73	72
	74	75
	75	77
	77	81
	78	84
	79	86
	81	90
	82	91
	83	93
	84	96
	85	99
	86	101
	87	103
	88	107
	89	110
	90	112
	91	114
	92	118
	96	122
	97	123
	98	124
	102	128
	103	129
	104	130
	108	134
	109	135
	110	136
	115	140
	117	141
	118	142
	119	143
	120	144
	121	145
	122	146
	123	147
	126	150
net/minecraft/client/ComponentCollector	33	30
	32	29
	17	16
	33	30
	18	17
	20	19
	21	19
	23	19
	10	9
	27	24
	28	25
	13	12
	14	13
net/minecraft/client/particle/TrailParticle	70	81
	67	79
	68	80
	70	81
	16	26
	18	27
	20	28
	21	29
	22	30
	24	31
	26	32
	27	33
	31	37
	36	42
	37	43
	38	44
	40	45
	41	46
	42	54
	45	48
	46	49
	48	50
	49	51
	50	52
	51	54
	55	58
	62	65
	63	66
net/minecraft/client/resources/metadata/gui/GuiSpriteScaling	124	113
	14	13
	21	71
	25	75
	30	80
	31	82
	32	83
	33	85
	37	90
	42	19
	43	21
	44	22
	45	23
	46	24
	47	26
	50	31
	51	32
	52	33
	54	35
	55	36
	57	37
	62	43
	66	47
	67	48
	69	49
	70	50
	71	50
	73	50
	77	52
	78	54
	79	55
	80	56
	81	57
	82	59
	84	61
	85	62
	86	62
	87	62
	89	62
	94	65
	95	65
	97	65
	103	95
	104	96
	105	97
	108	99
	114	104
	115	105
	116	106
	120	109
	124	113
net/minecraft/client/gui/components/AbstractOptionSliderButton	12	12
	10	10
	11	11
	12	12
com/mojang/realmsclient/gui/screens/configuration/RealmsConfigurationTab	12	12
	9	9
	12	12
net/minecraft/client/renderer/state/level/CameraRenderState	24	23
	24	23
	12	13
	13	14
net/minecraft/client/gui/screens/WinScreen	338	324
	259	247
	261	248
	263	249
	265	250
	266	251
	268	252
	270	253
	271	254
	273	255
	274	256
	276	257
	278	259
	279	260
	280	261
	281	262
	282	263
	285	267
	286	268
	287	269
	288	270
	290	272
	293	276
	295	279
	40	37
	296	280
	41	38
	42	39
	299	283
	44	41
	300	284
	48	44
	304	288
	49	45
	305	289
	50	46
	306	290
	307	291
	308	293
	309	295
	311	297
	313	299
	317	303
	318	304
	319	305
	323	309
	69	62
	70	63
	71	64
	72	65
	328	314
	73	66
	75	68
	77	71
	333	319
	334	320
	79	72
	80	73
	338	324
	83	76
	84	77
	86	78
	91	83
	92	84
	93	85
	94	86
	95	87
	97	89
	101	93
	102	94
	103	95
	104	96
	105	97
	106	98
	108	101
	110	102
	115	107
	116	108
	118	111
	119	112
	120	113
	121	114
	123	117
	125	118
	130	123
	131	124
	134	127
	135	128
	139	132
	140	147
	143	133
	144	134
	145	135
	146	136
	147	137
	149	140
	150	141
	151	142
	154	145
	155	147
	159	151
	168	155
	169	156
	170	157
	171	158
	173	160
	176	163
	177	164
	180	167
	181	168
	184	171
	185	172
	186	173
	187	174
	189	177
	190	178
	193	181
	194	182
	196	184
	199	187
	200	187
	201	188
	202	189
	203	190
	204	191
	205	192
	206	193
	207	194
	209	196
	210	196
	211	197
	212	198
	213	199
	214	200
	215	201
	216	202
	219	205
	220	205
	221	206
	222	207
	223	208
	224	209
	225	211
	226	212
	227	213
	229	216
	230	217
	234	221
	237	224
	238	225
	239	226
	242	229
	243	230
	244	231
	245	232
	248	235
	249	236
	251	239
	252	240
	253	241
	255	243
net/minecraft/client/renderer/entity/DisplayRenderer	307	309
	257	250
	258	251
	260	252
	261	253
	262	254
	263	255
	264	256
	266	258
	267	259
	268	260
	270	262
	273	265
	275	266
	277	267
	278	268
	279	269
	281	270
	282	271
	284	272
	285	273
	286	274
	288	275
	289	276
	290	278
	35	44
	291	279
	292	280
	293	281
	294	282
	41	49
	297	286
	42	50
	298	288
	43	51
	299	289
	44	52
	300	290
	301	291
	302	292
	48	55
	304	295
	305	307
	307	309
	53	59
	57	63
	58	64
	63	68
	64	69
	65	69
	67	69
	72	73
	73	74
	74	74
	76	74
	81	78
	82	79
	83	79
	85	79
	90	83
	91	84
	92	84
	94	84
	99	88
	100	89
	101	99
	103	90
	105	91
	107	92
	108	93
	109	94
	110	95
	111	96
	112	97
	113	99
	116	102
	118	103
	120	104
	122	105
	124	106
	129	114
	133	118
	137	122
	141	126
	148	134
	149	135
	150	136
	151	137
	152	138
	153	139
	154	140
	155	141
	156	142
	160	146
	161	147
	165	150
	170	154
	171	155
	172	156
	173	157
	175	159
	177	161
	181	170
	182	171
	189	178
	190	179
	191	180
	195	183
	200	187
	201	188
	202	189
	203	190
	205	192
	207	194
	211	203
	212	207
	215	204
	216	205
	217	207
	225	215
	226	216
	227	217
	231	220
	236	224
	237	225
	238	226
	239	227
	242	230
	243	231
	245	232
	246	234
	247	235
	248	236
	249	237
	252	240
net/minecraft/client/renderer/entity/layers/WingsLayer	60	74
	34	37
	35	38
	36	39
	37	60
	40	40
	41	41
	43	42
	44	43
	46	44
	48	58
	49	60
	52	63
	53	64
	54	65
	55	66
	56	69
	57	70
	26	28
	27	29
	28	30
	60	74
	29	31
	30	32
net/minecraft/client/gui/navigation/ScreenDirection	62	45
	32	31
	33	32
	42	37
	43	37
	12	11
	45	37
	15	14
	16	15
	17	16
	22	21
	54	41
	23	22
	55	41
	24	23
	25	24
	57	41
	26	25
	62	45
	31	30
net/minecraft/client/renderer/block/FluidStateModelSet	48	37
	32	27
	33	28
	37	31
	38	32
	39	33
	14	14
	15	14
	16	15
	48	37
	17	16
	18	17
	20	20
	21	20
	22	20
	31	26
com/mojang/realmsclient/client/Request	294	290
	256	283
	257	284
	258	285
	259	286
	260	287
	261	288
	262	289
	263	290
	272	240
	273	241
	274	242
	279	246
	280	247
	283	250
	284	251
	285	252
	286	253
	31	28
	287	254
	32	29
	288	255
	289	256
	34	30
	290	257
	35	31
	291	258
	292	259
	37	33
	293	260
	294	261
	40	36
	41	37
	42	38
	43	39
	44	40
	45	41
	47	43
	50	46
	51	47
	54	50
	55	51
	56	52
	58	54
	60	56
	63	59
	64	60
	65	61
	68	64
	72	68
	74	71
	75	72
	76	73
	82	79
	83	80
	84	81
	85	82
	91	88
	94	90
	95	91
	97	93
	100	96
	101	97
	102	98
	103	99
	108	104
	109	105
	111	108
	112	109
	113	111
	114	112
	117	115
	121	119
	123	122
	124	124
	127	127
	130	131
	131	132
	132	147
	135	133
	138	136
	142	143
	143	144
	146	128
	150	150
	151	151
	153	154
	154	155
	155	156
	162	162
	166	166
	170	170
	174	174
	178	178
	182	182
	186	186
	190	190
	195	195
	196	196
	197	197
	203	203
	204	204
	209	208
	210	209
	211	210
	212	211
	213	212
	214	213
	221	220
	222	221
	227	225
	228	226
	229	227
	230	228
	231	229
	232	230
	233	231
	242	270
	243	271
	244	272
	249	276
	250	277
	253	280
	254	281
	255	282
net/minecraft/client/model/monster/piglin/AbstractPiglinModel	81	82
	67	69
	72	74
	74	75
	75	76
	76	77
	77	78
	78	79
	79	80
	80	81
	81	82
	25	23
	28	24
	31	27
	35	31
	36	32
	37	33
	38	34
	39	35
	43	39
	44	40
	45	42
	46	43
	47	45
	48	47
	49	49
	53	53
	54	55
	55	55
	56	56
	58	58
	59	60
	60	60
	61	61
	63	63
net/minecraft/client/Camera	546	530
	512	496
	515	499
	516	500
	524	508
	525	509
	526	510
	527	511
	530	514
	534	518
	538	522
	542	526
	546	530
	46	45
	47	46
	48	47
	54	52
	56	54
	57	55
	58	56
	59	57
	75	70
	76	71
	90	81
	93	84
	94	85
	95	86
	96	87
	98	90
	99	91
	102	94
	103	95
	105	96
	106	97
	107	112
	109	98
	110	99
	113	102
	115	103
	117	104
	118	105
	119	106
	121	107
	122	108
	123	109
	125	110
	126	112
	129	115
	133	119
	134	120
	135	121
	136	122
	137	123
	138	124
	140	127
	141	128
	142	129
	143	130
	144	131
	145	132
	146	133
	148	134
	149	135
	151	136
	152	137
	153	138
	154	139
	156	140
	157	141
	159	142
	160	143
	161	144
	163	146
	164	147
	165	148
	168	151
	169	152
	171	153
	172	154
	173	155
	175	157
	177	160
	178	161
	182	165
	183	166
	184	167
	185	168
	186	169
	188	171
	191	174
	192	175
	193	176
	194	177
	198	180
	199	181
	200	182
	204	192
	208	196
	209	197
	211	199
	212	200
	214	203
	215	204
	216	205
	218	207
	221	210
	225	214
	226	215
	229	218
	230	219
	233	222
	234	223
	237	226
	239	227
	243	231
	247	235
	248	236
	249	237
	252	240
	253	241
	254	242
	255	243
	257	246
	261	250
	262	252
	263	253
	266	254
	267	255
	268	256
	269	257
	271	258
	272	259
	274	261
	275	262
	277	269
	278	270
	279	271
	280	272
	282	275
	283	276
	284	277
	285	278
	286	279
	288	282
	289	283
	290	284
	291	285
	292	286
	294	289
	295	290
	296	291
	297	292
	298	293
	300	295
	303	298
	304	300
	305	301
	306	302
	307	303
	308	304
	309	305
	310	306
	311	307
	312	308
	313	309
	314	310
	318	315
	322	319
	326	323
	330	327
	331	328
	334	331
	335	332
	338	335
	339	336
	340	337
	343	340
	344	341
	346	342
	352	343
	353	344
	354	345
	356	346
	357	347
	360	350
	361	351
	364	354
	365	355
	366	356
	370	359
	374	363
	378	367
	382	371
	387	375
	391	379
	395	383
	396	384
	397	385
	398	386
	400	389
	404	393
	405	394
	406	395
	407	396
	408	397
	409	398
	410	399
	412	402
	416	406
	420	410
	421	411
	424	414
	428	418
	432	422
	436	426
	437	427
	438	428
	440	429
	441	430
	442	431
	444	432
	448	436
	449	437
	452	440
	453	441
	454	441
	455	442
	459	445
	462	447
	463	447
	464	448
	465	449
	466	450
	467	451
	468	452
	469	453
	472	456
	473	457
	474	458
	479	463
	483	467
	487	471
	491	475
	495	479
	499	483
	500	484
	501	485
	502	486
	503	487
	506	490
	507	491
	510	494
	511	495
com/mojang/blaze3d/vulkan/package-info	0	0
net/minecraft/client/multiplayer/ClientLevel	1282	1284
	1035	1189
	1036	1190
	1037	1191
	1038	1192
	1042	1195
	1047	1199
	1051	1203
	1052	1204
	1056	1207
	1057	1208
	1061	1211
	1066	1215
	1071	1219
	1076	1223
	1077	1224
	1080	1227
	1081	1228
	1084	1231
	1085	1232
	1088	1235
	1089	1235
	1092	1235
	1096	1239
	1097	1239
	1099	1239
	1105	1045
	1111	1245
	1115	1248
	1119	1251
	1120	1252
	1124	1255
	1125	1256
	1129	1259
	1130	1260
	1131	1263
	1135	1268
	1139	1271
	1140	1272
	1141	1273
	1142	1276
	1146	1281
	1150	1284
	1155	1049
	1160	1053
	1161	1083
	1164	1054
	142	148
	1166	1055
	144	149
	1169	1056
	1170	1058
	1171	1059
	1172	1060
	1174	1061
	1175	1062
	1176	1063
	1178	1065
	1179	1066
	1180	1067
	1181	1068
	1182	1069
	1183	1070
	1185	1071
	1186	1072
	1187	1073
	1189	1074
	168	171
	169	172
	1193	1080
	170	173
	1194	1083
	171	174
	172	175
	1197	1086
	1198	1087
	1199	1122
	1202	1088
	1203	1089
	1204	1090
	1206	1091
	1208	1092
	1209	1093
	1210	1094
	187	191
	1211	1095
	188	192
	1214	1096
	191	195
	1215	1097
	192	196
	1217	1100
	1218	1101
	196	199
	1220	1104
	197	200
	1221	1105
	198	201
	1223	1108
	200	203
	1224	1109
	1226	1112
	203	206
	1227	1113
	1229	1116
	1230	1117
	207	210
	208	211
	1233	1120
	210	213
	1234	1122
	213	216
	1237	1125
	214	217
	1238	1126
	215	218
	1241	1129
	219	219
	220	220
	221	221
	1246	1133
	224	224
	1251	1137
	228	227
	1256	1141
	233	231
	234	232
	235	233
	236	234
	237	235
	1261	1159
	239	238
	241	240
	1265	1162
	244	188
	1270	1166
	247	256
	1271	1167
	248	257
	1272	1168
	249	258
	250	259
	251	260
	252	261
	253	262
	1277	1173
	254	263
	1278	1174
	255	264
	256	265
	1281	1177
	258	266
	1282	1178
	260	267
	262	268
	263	269
	266	272
	268	273
	269	274
	270	275
	271	275
	273	275
	275	277
	276	277
	279	278
	283	282
	284	283
	287	286
	288	287
	289	289
	290	290
	291	291
	292	295
	297	297
	300	300
	304	304
	305	305
	306	306
	307	307
	308	308
	309	309
	312	312
	313	313
	316	316
	317	317
	318	318
	319	319
	323	335
	325	340
	326	339
	327	352
	329	356
	330	357
	331	358
	334	361
	335	362
	336	363
	337	364
	338	412
	341	365
	342	366
	344	367
	346	368
	347	369
	348	370
	349	372
	350	373
	351	374
	354	375
	355	376
	359	379
	360	380
	362	381
	367	385
	368	386
	370	387
	371	388
	372	389
	374	390
	375	391
	376	392
	378	393
	379	396
	383	402
	384	403
	385	404
	387	406
	389	408
	392	412
	395	415
	396	416
	398	419
	399	420
	403	424
	404	425
	405	437
	408	426
	409	428
	410	429
	412	430
	414	431
	415	432
	416	433
	419	437
	422	440
	423	441
	424	442
	425	443
	426	444
	428	446
	431	449
	435	453
	436	454
	437	455
	438	456
	441	459
	442	460
	445	463
	449	467
	450	468
	451	471
	453	469
	454	471
	455	472
	458	475
	463	479
	467	483
	469	484
	470	485
	471	486
	472	487
	474	489
	475	490
	477	492
	480	495
	481	496
	482	506
	485	497
	486	506
	489	498
	491	499
	492	500
	494	502
	495	503
	497	506
	500	509
	502	510
	503	511
	504	512
	505	513
	506	514
	507	515
	510	518
	511	519
	512	520
	513	521
	516	524
	517	525
	518	526
	521	529
	522	530
	526	533
	530	537
	534	541
	535	542
	536	543
	539	546
	540	547
	541	548
	542	549
	544	551
	549	554
	550	555
	552	555
	553	555
	555	556
	557	557
	562	561
	566	565
	567	566
	568	567
	571	570
	572	571
	574	572
	575	573
	576	575
	577	576
	578	577
	580	579
	583	582
	584	583
	585	584
	586	585
	587	586
	591	590
	595	602
	596	603
	597	604
	599	605
	600	606
	601	607
	603	608
	605	609
	606	610
	608	611
	609	612
	610	613
	611	614
	612	615
	616	619
	617	620
	620	623
	621	624
	622	625
	623	626
	627	632
	630	635
	631	657
	634	636
	635	637
	636	638
	637	639
	638	640
	640	642
	641	643
	642	644
	643	645
	645	647
	646	648
	647	649
	648	650
	649	651
	650	652
	654	657
	657	660
	658	662
	659	663
	660	664
	663	668
	666	671
	667	672
	671	675
	673	676
	674	678
	675	680
	676	681
	678	682
	683	696
	684	697
	686	699
	690	710
	691	711
	693	713
	697	716
	698	717
	702	720
	703	721
	705	723
	709	735
	710	736
	713	749
	714	750
	716	751
	718	752
	719	753
	721	755
	723	757
	727	762
	729	763
	730	764
	733	767
	735	769
	739	772
	740	773
	744	776
	749	780
	754	784
	759	788
	764	792
	769	796
	774	800
	779	804
	784	808
	788	812
	789	813
	793	816
	798	820
	799	821
	803	824
	804	825
	807	828
	808	829
	811	834
	812	835
	816	838
	817	853
	818	854
	819	855
	822	839
	823	840
	824	841
	827	844
	828	845
	829	846
	832	849
	833	850
	834	851
	836	858
	840	861
	841	862
	846	866
	847	867
	848	868
	849	869
	851	870
	852	871
	853	872
	854	873
	856	874
	858	876
	862	879
	863	880
	867	893
	868	894
	872	899
	873	900
	877	912
	878	913
	882	927
	883	928
	885	929
	886	930
	887	946
	890	931
	891	946
	894	932
	896	946
	899	933
	900	936
	901	937
	902	938
	904	939
	905	941
	906	943
	908	944
	910	946
	913	949
	915	950
	917	950
	918	951
	922	954
	924	954
	925	955
	929	958
	934	962
	939	966
	944	970
	948	974
	953	978
	954	979
	958	983
	963	988
	964	989
	968	993
	969	994
	970	995
	973	998
	974	999
	975	1000
	976	1001
	978	1002
	979	1003
	980	1005
	981	1006
	982	1007
	983	1008
	984	1009
	985	1010
	988	1013
	993	1017
	994	1018
	998	1021
	1003	1026
	1008	1030
	1014	1034
	1017	1037
	1021	1041
	1022	1042
net/minecraft/client/particle/SulfurBubbleParticle	93	87
	64	52
	65	53
	66	54
	69	55
	70	56
	72	57
	73	58
	76	61
	81	66
	88	73
	89	74
	26	23
	27	24
	28	25
	29	26
	93	87
	32	27
	33	28
	35	29
	36	30
	39	31
	40	32
	41	33
	42	34
	43	35
	47	39
	50	40
	51	41
	55	44
	56	45
	60	48
	61	49
com/mojang/blaze3d/buffers/package-info	0	0
net/minecraft/client/model/monster/vex/VexModel	133	130
	128	125
	129	126
	131	128
	133	130
	29	27
	36	28
	39	31
	40	32
	42	33
	43	34
	44	35
	45	35
	47	37
	48	40
	49	42
	50	44
	52	46
	53	48
	54	49
	55	51
	56	53
	57	54
	59	56
	60	58
	61	59
	62	61
	63	63
	64	64
	66	66
	71	70
	72	71
	73	72
	74	73
	76	74
	77	75
	79	76
	80	77
	81	78
	83	80
	85	83
	86	84
	87	85
	88	86
	89	87
	90	88
	91	89
	94	92
	95	93
	96	94
	97	95
	98	96
	99	97
	100	98
	101	112
	104	100
	105	101
	106	102
	107	103
	109	106
	110	107
	111	108
	112	109
	114	112
	118	115
	119	116
	120	117
	121	118
	122	119
	123	120
	124	121
	125	122
net/minecraft/client/gui/screens/recipebook/RecipeBookComponent	675	587
	512	443
	513	444
	514	445
	517	447
	522	453
	523	454
	528	459
	529	460
	531	461
	532	462
	535	463
	536	464
	537	465
	540	467
	545	473
	546	474
	548	475
	549	476
	552	478
	553	478
	556	478
	561	484
	567	489
	58	57
	59	57
	571	493
	60	57
	63	59
	575	497
	576	498
	578	499
	67	62
	579	500
	580	501
	582	503
	73	67
	585	506
	586	507
	587	508
	588	509
	589	510
	590	511
	592	514
	593	515
	594	516
	595	517
	597	519
	600	522
	604	526
	605	527
	607	528
	609	529
	611	531
	614	534
	615	535
	618	538
	619	539
	620	540
	621	541
	626	546
	115	95
	627	547
	116	96
	628	548
	117	97
	629	549
	630	550
	119	98
	120	99
	632	552
	121	100
	124	103
	125	104
	126	105
	638	556
	127	106
	128	107
	130	108
	643	561
	132	109
	644	562
	133	110
	645	563
	134	111
	646	564
	136	113
	648	566
	649	567
	650	568
	139	116
	651	569
	141	117
	653	570
	142	118
	654	571
	143	119
	655	572
	145	120
	657	574
	146	121
	147	122
	149	123
	150	124
	151	125
	152	126
	153	127
	154	128
	666	578
	155	129
	667	579
	158	130
	670	582
	671	583
	161	131
	162	131
	674	586
	163	131
	675	587
	166	133
	168	134
	169	135
	170	136
	171	137
	172	138
	173	139
	174	140
	175	141
	176	142
	178	143
	180	145
	181	146
	184	149
	185	150
	187	153
	188	154
	190	157
	192	158
	193	159
	194	160
	195	161
	198	164
	202	168
	209	175
	210	176
	212	178
	215	181
	219	185
	220	186
	223	189
	227	193
	231	197
	232	198
	235	201
	236	202
	237	203
	238	204
	240	207
	241	208
	246	213
	247	214
	248	215
	250	216
	251	217
	254	220
	258	223
	259	224
	260	225
	263	228
	268	233
	270	234
	273	235
	276	236
	277	237
	278	238
	279	239
	280	240
	281	241
	286	245
	287	246
	290	249
	291	250
	294	253
	295	254
	296	255
	298	256
	299	258
	300	259
	302	260
	303	261
	304	262
	305	263
	306	264
	307	265
	310	268
	314	271
	315	272
	316	273
	319	276
	320	282
	323	277
	324	278
	325	279
	327	282
	330	285
	331	286
	332	287
	334	288
	335	289
	336	290
	339	293
	344	298
	345	315
	348	299
	349	300
	352	303
	353	304
	354	305
	356	306
	358	308
	359	309
	362	312
	364	313
	365	315
	368	318
	369	322
	372	319
	374	320
	375	322
	380	327
	381	328
	385	332
	386	374
	390	333
	391	334
	392	335
	394	336
	395	337
	396	338
	399	341
	400	342
	402	343
	403	344
	407	348
	410	350
	411	351
	412	353
	413	354
	414	355
	416	358
	420	361
	421	362
	424	365
	425	366
	426	367
	430	371
	435	380
	436	380
	438	380
	442	384
	443	385
	446	388
	447	389
	448	390
	449	391
	453	395
	454	396
	455	397
	457	399
	460	402
	461	403
	463	406
	464	407
	465	408
	468	411
	469	412
	470	413
	471	414
	474	417
	475	418
	478	421
	479	422
	481	423
	486	428
	487	429
	488	430
	491	431
	492	432
	493	433
	496	434
	497	435
	498	436
	500	437
	502	438
	505	439
	506	440
	507	441
	509	442
net/minecraft/client/gui/screens/inventory/CraftingScreen	36	36
	16	16
	32	32
	17	17
	33	33
	34	34
	35	35
	36	36
	21	21
	22	22
	23	23
	27	27
	13	13
net/minecraft/client/renderer/entity/EvokerRenderer	42	47
	16	17
	18	18
	35	41
	21	28
	22	29
	24	31
	40	45
	41	46
	26	34
	42	47
	13	14
	30	37
com/mojang/realmsclient/gui/screens/AddRealmPopupScreen	152	144
	128	120
	129	121
	131	123
	134	126
	138	130
	142	134
	146	138
	151	143
	152	144
	25	22
	26	23
	28	24
	29	25
	31	27
	32	27
	33	27
	49	39
	60	47
	61	48
	62	49
	63	50
	66	53
	67	54
	68	55
	72	59
	74	60
	75	61
	76	62
	77	62
	78	63
	82	68
	83	69
	84	70
	86	74
	87	76
	89	77
	90	79
	91	81
	92	82
	94	85
	95	86
	99	90
	100	91
	101	92
	102	93
	104	95
	108	99
	110	100
	111	101
	113	103
	116	106
	117	107
	118	110
	122	114
	123	115
	124	116
	125	117
	126	118
	127	119
com/mojang/realmsclient/dto/BackupList	31	30
	17	14
	19	17
	20	18
	21	19
	22	20
	23	21
	24	22
	28	26
	29	27
	14	11
	31	30
com/mojang/realmsclient/dto/ServiceQuality	61	59
	34	34
	38	38
	42	42
	14	13
	46	46
	15	14
	16	15
	17	16
	18	17
	50	49
	51	50
	55	53
	24	23
	56	54
	25	24
	57	55
	26	25
	58	56
	59	57
	29	28
	61	59
	30	29
	31	30
net/minecraft/client/tutorial/MovementTutorialStepInstance	122	121
	19	17
	20	19
	22	20
	23	21
	37	34
	38	35
	42	39
	44	40
	45	41
	46	42
	49	45
	50	46
	51	47
	54	50
	55	51
	56	52
	57	53
	59	56
	62	59
	63	60
	64	61
	65	62
	67	65
	70	68
	71	69
	72	70
	74	72
	78	76
	79	77
	82	80
	83	81
	86	84
	87	85
	88	86
	89	87
	90	88
	91	89
	92	90
	93	91
	96	94
	100	98
	101	99
	102	100
	104	103
	105	104
	106	105
	108	107
	112	111
	113	112
	115	114
	119	118
	120	119
	122	121
net/minecraft/client/renderer/entity/layers/HorseMarkingLayer	41	71
	33	56
	34	57
	36	58
	37	71
	40	59
	41	71
	17	16
	19	18
	21	23
	22	28
	23	33
	24	38
	28	45
	29	46
net/minecraft/client/OptionInstance	596	555
	512	444
	513	444
	259	257
	515	444
	520	450
	521	451
	266	313
	522	452
	271	318
	527	457
	528	458
	529	459
	534	464
	535	465
	537	468
	538	469
	284	342
	285	343
	286	344
	287	345
	543	474
	288	346
	544	475
	289	347
	290	348
	291	349
	38	38
	39	39
	295	353
	40	40
	296	354
	297	355
	553	538
	301	359
	302	360
	558	542
	304	362
	306	364
	563	546
	309	367
	310	368
	55	54
	311	369
	567	550
	312	370
	314	372
	59	58
	318	376
	63	62
	319	377
	320	378
	321	379
	67	71
	323	381
	327	385
	329	386
	330	387
	331	388
	332	389
	77	81
	334	391
	593	555
	82	81
	338	395
	594	555
	339	396
	340	397
	596	555
	342	399
	88	92
	89	93
	346	403
	347	404
	348	405
	350	408
	351	409
	352	410
	353	411
	354	412
	99	104
	355	413
	100	105
	356	414
	101	106
	357	415
	102	107
	103	108
	104	109
	360	419
	105	110
	361	420
	106	111
	362	421
	107	112
	363	422
	364	423
	110	115
	367	427
	368	428
	369	429
	114	119
	370	430
	373	434
	118	123
	122	127
	126	133
	384	282
	130	137
	389	286
	134	141
	139	146
	396	290
	397	291
	398	293
	143	150
	399	293
	144	151
	145	152
	401	293
	147	154
	149	155
	150	162
	406	298
	407	299
	152	157
	153	158
	409	302
	154	159
	156	162
	413	306
	159	165
	179	501
	183	505
	189	511
	194	524
	457	263
	458	264
	206	226
	462	267
	211	238
	467	272
	212	239
	213	240
	214	241
	215	242
	216	243
	217	244
	474	190
	218	245
	479	195
	227	491
	228	492
	485	200
	486	203
	230	493
	487	204
	488	205
	490	206
	496	213
	242	172
	501	218
	247	177
	254	252
	510	441
	511	442
net/minecraft/client/gui/screens/telemetry/package-info	0	0
net/minecraft/client/animation/AnimationDefinition	43	38
	16	11
	33	28
	34	29
	38	33
	39	34
	25	20
	43	38
	29	24
	30	25
net/minecraft/client/animation/definitions/BabyAxolotlAnimation	594	1023
	10	9
	11	11
	12	15
	13	16
	15	19
	16	22
	18	25
	19	28
	21	31
	22	34
	24	37
	25	40
	27	43
	28	46
	30	49
	31	52
	33	55
	34	59
	35	60
	36	61
	37	62
	38	63
	39	64
	41	67
	42	71
	43	72
	44	73
	45	74
	47	77
	48	81
	49	82
	50	83
	51	84
	53	87
	54	91
	55	92
	56	93
	57	94
	59	97
	60	101
	61	102
	62	103
	63	104
	65	107
	67	108
	68	110
	69	114
	70	115
	72	118
	73	122
	74	123
	76	126
	77	129
	79	132
	80	136
	81	137
	83	140
	84	143
	86	146
	87	150
	88	151
	90	154
	91	157
	93	160
	94	164
	95	165
	97	168
	98	171
	100	174
	101	178
	102	179
	104	182
	105	186
	106	187
	107	188
	109	191
	110	195
	111	196
	112	197
	114	200
	115	204
	116	205
	117	206
	119	209
	120	213
	121	214
	122	215
	124	218
	126	219
	127	221
	128	225
	129	226
	130	227
	132	230
	133	234
	134	235
	135	236
	137	239
	138	243
	139	244
	140	245
	142	248
	143	251
	145	254
	146	258
	147	259
	148	260
	150	263
	151	266
	153	269
	154	273
	155	274
	156	275
	158	278
	159	281
	161	284
	162	288
	163	289
	164	290
	166	293
	167	296
	169	299
	170	303
	171	304
	172	305
	174	308
	175	312
	176	313
	177	314
	179	317
	180	321
	181	322
	182	323
	184	326
	185	330
	186	331
	187	332
	189	335
	190	339
	191	340
	192	341
	194	344
	196	345
	197	347
	198	351
	199	352
	200	353
	201	354
	203	357
	204	361
	205	362
	206	363
	208	366
	209	370
	210	371
	211	372
	212	373
	213	374
	215	377
	216	381
	217	382
	218	383
	219	384
	220	385
	222	388
	223	392
	224	393
	225	394
	226	395
	228	398
	229	402
	230	403
	231	404
	232	405
	233	406
	235	409
	236	413
	237	414
	238	415
	240	418
	241	422
	242	423
	243	424
	244	425
	246	428
	247	432
	248	433
	249	434
	250	435
	252	438
	253	442
	254	443
	255	444
	256	445
	258	448
	259	452
	260	453
	261	454
	262	455
	264	458
	266	459
	267	461
	268	465
	269	466
	270	467
	271	468
	273	471
	274	475
	275	476
	276	477
	278	480
	279	484
	280	485
	281	486
	282	487
	284	490
	285	494
	286	495
	287	496
	288	497
	289	498
	291	501
	292	505
	293	506
	294	507
	295	508
	297	511
	298	515
	299	516
	300	517
	301	518
	302	519
	304	522
	305	526
	306	527
	307	528
	308	529
	309	530
	310	531
	311	532
	313	535
	314	539
	315	540
	316	541
	317	542
	319	545
	320	549
	321	550
	322	551
	323	552
	325	555
	326	559
	327	560
	328	561
	329	562
	331	565
	332	569
	333	570
	334	571
	335	572
	336	573
	337	574
	339	577
	341	578
	342	580
	343	584
	344	585
	346	588
	347	592
	348	593
	349	594
	351	597
	352	600
	354	603
	355	607
	356	608
	357	609
	359	612
	360	616
	361	617
	363	620
	364	624
	365	625
	366	626
	368	629
	369	632
	371	635
	372	639
	373	640
	374	641
	376	644
	377	648
	378	649
	380	652
	381	656
	382	657
	383	658
	385	661
	386	665
	387	666
	388	667
	390	670
	391	674
	392	675
	393	676
	394	677
	396	680
	397	684
	398	685
	399	686
	400	687
	402	690
	403	694
	404	695
	405	696
	406	697
	408	700
	410	701
	411	703
	412	707
	413	708
	414	709
	416	712
	417	716
	418	717
	420	720
	421	724
	422	725
	423	726
	424	727
	425	728
	427	731
	428	735
	429	736
	430	737
	432	740
	433	744
	434	745
	435	746
	436	747
	437	748
	439	751
	440	755
	441	756
	442	757
	444	760
	445	764
	446	765
	447	766
	448	767
	450	770
	451	774
	452	775
	453	776
	455	779
	456	783
	457	784
	458	785
	459	786
	461	789
	462	793
	463	794
	464	795
	466	798
	467	802
	468	803
	469	804
	470	805
	472	808
	473	812
	474	813
	475	814
	477	817
	478	821
	479	822
	480	823
	482	826
	483	830
	484	831
	485	832
	487	835
	488	839
	489	840
	490	841
	492	844
	494	845
	495	846
	496	849
	498	852
	499	855
	501	858
	502	860
	504	862
	505	865
	507	868
	508	871
	510	874
	511	876
	513	878
	514	881
	516	884
	517	887
	519	890
	520	892
	522	894
	523	897
	525	900
	526	903
	528	906
	529	908
	531	910
	532	914
	534	917
	535	920
	537	923
	538	925
	540	927
	541	930
	543	933
	544	936
	546	939
	547	941
	549	943
	550	946
	552	949
	553	952
	555	955
	556	957
	558	959
	559	962
	561	965
	562	968
	564	971
	565	973
	567	975
	568	978
	570	981
	571	984
	573	987
	574	989
	576	991
	577	994
	579	997
	580	1000
	582	1003
	583	1005
	585	1007
	586	1010
	588	1013
	589	1016
	591	1019
	592	1021
	594	1023
net/minecraft/client/model/object/leash/package-info	0	0
net/minecraft/client/multiplayer/ClientRegistryLayer	19	17
	16	14
	19	17
	14	13
net/minecraft/client/gui/screens/packs/PackSelectionScreen	394	429
	258	254
	262	257
	263	259
	265	261
	266	262
	267	263
	269	265
	270	266
	272	268
	273	269
	277	273
	278	274
	279	275
	282	278
	283	279
	284	280
	287	283
	288	284
	289	287
	290	289
	291	290
	292	291
	294	294
	297	298
	298	299
	299	300
	300	301
	301	304
	304	307
	308	334
	309	318
	310	319
	311	357
	313	324
	314	326
	59	59
	316	329
	61	60
	317	330
	62	61
	318	331
	63	62
	319	350
	64	63
	321	358
	322	359
	324	360
	69	67
	70	68
	328	365
	73	70
	336	373
	337	374
	340	377
	343	379
	344	380
	345	381
	90	83
	346	382
	91	84
	92	85
	93	86
	94	87
	350	386
	351	387
	352	388
	98	91
	354	390
	99	92
	100	93
	358	394
	103	96
	359	395
	360	396
	105	98
	361	397
	106	99
	107	100
	110	103
	366	402
	367	403
	114	107
	370	406
	115	108
	116	109
	117	110
	118	111
	374	409
	119	112
	375	410
	120	113
	376	410
	121	114
	377	411
	122	115
	378	412
	123	116
	379	413
	380	414
	125	117
	381	415
	126	119
	127	119
	128	119
	385	420
	130	121
	132	122
	388	423
	133	123
	134	124
	135	125
	393	428
	394	429
	139	129
	140	130
	142	132
	144	134
	147	137
	148	138
	151	141
	152	142
	153	143
	156	148
	157	158
	159	149
	160	151
	161	152
	162	153
	163	154
	164	156
	165	158
	169	162
	170	163
	171	164
	173	167
	174	168
	176	170
	180	174
	182	176
	184	177
	186	179
	187	180
	188	181
	192	185
	193	185
	194	186
	197	188
	200	191
	201	192
	203	195
	204	196
	206	199
	207	200
	209	203
	210	204
	212	206
	215	209
	216	210
	217	211
	218	212
	219	213
	222	216
	223	217
	224	218
	225	219
	227	221
	228	222
	229	223
	230	224
	232	226
	233	227
	234	228
	235	229
	237	231
	238	232
	239	233
	241	235
	245	239
	246	242
	247	245
	248	246
	249	247
	250	248
	253	250
net/minecraft/client/renderer/entity/state/BoatRenderState	0	0
net/minecraft/client/renderer/entity/layers/BeeStingerLayer	21	23
	16	17
	17	19
	21	23
	13	13
net/minecraft/client/gui/screens/debug/DebugOptionsScreen	324	310
	256	186
	257	187
	258	188
	259	189
	260	190
	261	191
	263	192
	264	193
	267	196
	268	197
	269	198
	273	202
	274	204
	275	205
	277	208
	278	209
	282	213
	287	218
	292	223
	293	224
	294	225
	296	226
	298	227
	43	40
	299	228
	44	41
	45	42
	46	43
	302	231
	47	44
	303	232
	48	45
	304	233
	49	46
	306	234
	51	47
	307	235
	308	236
	310	237
	311	238
	312	239
	313	240
	59	53
	60	54
	317	244
	318	245
	319	246
	64	58
	320	247
	321	248
	66	59
	322	249
	67	60
	323	250
	324	251
	69	61
	70	62
	71	63
	72	64
	73	65
	74	66
	75	67
	76	68
	78	69
	80	70
	82	71
	83	72
	84	73
	85	74
	87	75
	88	76
	89	77
	93	81
	94	82
	95	83
	99	87
	100	88
	103	91
	104	92
	105	93
	106	94
	107	96
	108	97
	110	100
	111	101
	112	102
	113	103
	114	104
	115	105
	119	109
	120	110
	121	111
	123	113
	126	116
	131	256
	132	257
	133	257
	135	257
	140	263
	141	269
	142	270
	146	274
	147	275
	151	279
	155	283
	156	284
	159	287
	160	288
	161	289
	162	290
	163	292
	164	293
	165	294
	166	295
	167	296
	168	297
	170	300
	173	304
	174	305
	177	308
	178	309
	179	310
	190	127
	191	128
	195	132
	196	133
	200	137
	205	142
	221	147
	236	161
	237	162
	238	163
	239	164
	241	165
	242	166
	244	168
	247	171
	248	174
	249	175
	250	176
	251	177
	252	180
	253	181
	254	182
	255	183
net/minecraft/client/model/object/armorstand/ArmorStandModel	125	82
	29	26
	30	27
	31	28
	32	29
	33	30
	35	31
	36	32
	39	35
	40	36
	41	37
	42	37
	43	37
	44	37
	46	38
	47	38
	48	38
	51	39
	52	40
	53	40
	54	40
	56	42
	57	43
	58	43
	59	43
	61	45
	62	45
	63	45
	64	45
	66	46
	67	47
	68	47
	69	47
	71	49
	72	49
	73	49
	76	50
	77	50
	78	50
	81	51
	82	51
	83	51
	86	52
	87	53
	88	53
	89	53
	92	55
	97	60
	99	61
	101	62
	102	63
	103	64
	105	65
	106	66
	107	67
	109	68
	110	69
	111	70
	113	71
	114	72
	115	73
	116	74
	120	77
	121	78
	122	79
	123	80
	124	81
	125	82
net/minecraft/client/gui/screens/recipebook/package-info	0	0
net/minecraft/client/gui/screens/worldselection/CreateWorldCallback	0	0
net/minecraft/client/gui/font/AllMissingGlyphProvider	33	32
	16	16
	33	32
	21	21
	27	27
com/mojang/blaze3d/systems/DeviceLimits	21	14
	21	14
com/mojang/realmsclient/client/FileDownload	383	422
	259	279
	260	280
	261	281
	262	282
	265	286
	266	289
	268	290
	269	291
	271	293
	272	294
	273	295
	275	296
	276	297
	281	287
	284	303
	285	304
	287	307
	289	308
	291	309
	292	311
	293	312
	295	313
	296	314
	297	315
	300	317
	301	318
	303	320
	304	321
	305	322
	51	54
	307	325
	308	326
	312	330
	314	333
	315	334
	316	335
	318	337
	319	338
	65	91
	66	92
	322	341
	67	93
	323	342
	68	94
	326	350
	327	349
	72	99
	328	365
	73	100
	329	366
	74	101
	330	367
	331	368
	76	103
	77	104
	334	371
	336	373
	82	109
	339	378
	341	380
	86	113
	342	381
	343	382
	344	383
	345	384
	91	118
	92	119
	348	387
	93	119
	94	119
	351	392
	96	120
	97	121
	98	122
	354	394
	99	123
	356	395
	357	396
	358	397
	104	133
	360	399
	105	181
	361	400
	362	401
	108	134
	364	403
	109	135
	365	404
	366	405
	111	137
	112	138
	113	139
	369	408
	114	140
	115	141
	116	142
	118	144
	119	145
	375	414
	120	146
	376	415
	377	416
	122	149
	125	152
	381	420
	126	153
	382	421
	383	422
	129	156
	130	157
	132	159
	133	160
	134	161
	135	162
	136	163
	137	164
	139	166
	140	167
	141	168
	143	171
	147	175
	149	177
	150	178
	151	179
	152	181
	155	184
	159	188
	160	189
	161	190
	162	191
	163	192
	164	193
	165	194
	167	197
	168	211
	171	198
	172	199
	173	211
	176	201
	179	204
	180	205
	182	207
	184	211
	187	214
	188	215
	189	216
	192	219
	193	220
	194	221
	195	222
	197	224
	200	227
	204	231
	208	235
	212	81
	217	239
	219	241
	220	242
	221	243
	225	247
	229	251
	232	252
	234	254
	235	255
	238	258
	239	259
	242	262
	245	265
	246	266
	247	267
	248	268
	249	269
	250	270
	251	271
	252	272
	255	275
net/minecraft/client/particle/ParticleGroup	73	73
	64	63
	65	64
	68	68
	69	69
	73	73
	23	21
	24	22
	27	25
	31	29
	32	30
	33	33
	34	34
	36	35
	37	36
	38	37
	42	41
	46	45
	47	46
	48	47
	49	48
	50	49
	51	50
	53	51
	55	53
	58	56
	59	57
	60	58
	62	61
	63	62
net/minecraft/client/renderer/entity/NautilusRenderer	51	54
	34	40
	38	43
	43	47
	15	15
	16	16
	48	51
	49	52
	50	53
	19	19
	51	54
	20	19
	21	19
	22	20
	24	25
	25	26
	28	30
	30	35
	31	36
net/minecraft/client/renderer/special/ChestSpecialRenderer	95	92
	64	77
	65	78
	68	81
	69	82
	73	86
	78	90
	79	91
	81	92
	23	22
	87	56
	88	57
	25	23
	26	24
	27	25
	28	27
	92	61
	29	27
	93	62
	30	27
	94	63
	31	27
	95	64
	32	27
	41	35
	42	36
	43	37
	44	38
	45	39
	48	42
	49	43
	50	43
	51	43
	56	67
	57	69
	59	70
	60	71
	61	73
net/minecraft/client/gui/components/tabs/MenuTabBar	126	145
	22	29
	23	30
	27	74
	28	75
	31	78
	32	79
	36	83
	37	84
	39	87
	44	91
	49	33
	54	38
	55	50
	56	51
	57	54
	58	55
	63	59
	64	60
	65	61
	66	63
	67	64
	69	67
	70	68
	71	69
	72	70
	75	97
	76	97
	77	98
	78	99
	79	100
	90	109
	91	110
	95	114
	97	117
	98	118
	100	119
	101	120
	102	121
	104	124
	106	125
	107	126
	110	129
	111	130
	114	133
	115	134
	116	135
	117	136
	118	137
	119	138
	122	141
	123	142
	124	143
	125	144
	126	145
net/minecraft/client/model/animal/chicken/ColdChickenModel	31	28
	14	11
	15	12
	18	15
	19	17
	20	19
	21	19
	22	19
	23	20
	25	23
	26	25
	27	25
	28	25
	29	26
	31	28
net/minecraft/client/renderer/extract/LevelExtractor	544	510
	512	478
	513	479
	515	482
	516	483
	518	484
	520	485
	521	488
	522	489
	523	490
	524	491
	525	492
	531	498
	532	499
	534	500
	539	505
	544	510
	97	88
	98	89
	99	90
	100	91
	103	94
	104	95
	107	98
	108	99
	109	100
	112	103
	113	104
	114	105
	117	108
	119	109
	121	110
	123	111
	124	112
	126	113
	127	114
	129	115
	131	116
	133	117
	134	118
	135	119
	137	120
	138	121
	139	122
	140	123
	142	124
	143	125
	144	126
	145	127
	146	128
	147	129
	148	130
	152	134
	153	135
	154	136
	155	137
	156	138
	157	139
	158	140
	160	141
	161	142
	162	143
	163	144
	165	146
	167	147
	168	148
	169	150
	170	151
	171	152
	172	155
	173	158
	178	163
	179	164
	181	165
	182	166
	184	167
	185	168
	187	169
	188	170
	190	171
	191	172
	193	173
	194	174
	195	175
	196	176
	198	179
	199	180
	201	189
	202	190
	204	191
	205	192
	206	193
	207	194
	210	197
	214	198
	215	199
	217	200
	219	201
	220	202
	221	203
	224	206
	226	207
	228	208
	229	209
	230	210
	233	213
	234	214
	235	215
	236	216
	237	217
	239	218
	241	219
	243	221
	244	222
	247	223
	250	224
	254	225
	255	226
	256	227
	257	228
	259	231
	260	232
	261	233
	263	237
	264	238
	267	241
	268	242
	270	243
	271	248
	273	245
	274	246
	281	253
	285	257
	286	258
	287	259
	288	260
	291	261
	293	263
	294	264
	295	265
	299	266
	300	267
	301	268
	303	270
	304	276
	306	271
	307	272
	308	273
	309	274
	311	279
	312	280
	313	281
	318	287
	319	290
	320	291
	321	292
	324	294
	325	295
	326	296
	329	300
	332	303
	333	304
	334	305
	335	306
	337	307
	338	309
	339	310
	340	311
	344	312
	345	313
	348	314
	349	315
	351	319
	354	322
	355	323
	356	346
	359	324
	360	346
	362	325
	363	326
	364	327
	365	328
	366	329
	367	330
	368	331
	369	332
	370	333
	371	334
	372	335
	373	336
	374	337
	376	341
	379	346
	382	349
	383	350
	384	351
	385	352
	387	355
	388	356
	391	359
	392	360
	394	363
	395	364
	396	365
	399	368
	404	372
	405	373
	408	376
	409	377
	410	378
	412	380
	413	381
	415	384
	417	385
	418	386
	421	389
	422	399
	425	390
	427	391
	428	392
	430	393
	432	394
	433	395
	434	396
	436	397
	437	399
	440	402
	441	403
	444	406
	445	407
	448	410
	449	411
	450	412
	451	413
	455	417
	458	420
	459	421
	460	422
	461	423
	465	427
	468	430
	469	431
	471	433
	474	436
	475	437
	478	442
	479	443
	480	444
	481	445
	485	449
	488	452
	489	453
	492	456
	493	457
	496	460
	500	464
	501	466
	502	467
	503	468
	506	472
	511	477
net/minecraft/client/telemetry/TelemetryLogManager	66	63
	64	61
	66	63
	18	18
	27	25
	28	26
	31	29
	33	31
	34	32
	35	32
	36	32
	37	33
	38	34
	39	35
	40	36
	42	38
	46	42
	47	43
	49	45
	50	46
	51	47
	52	48
	53	49
	54	50
	56	52
	58	55
	63	60
net/minecraft/client/gui/screens/friends/FriendsOverlayTabButton	65	59
	64	58
	65	59
	35	29
	39	33
	41	36
	42	37
	44	38
	45	39
	47	42
	49	43
	50	44
	53	47
	54	48
	55	49
	56	50
	57	51
	58	52
	28	28
	61	55
	62	56
	63	57
net/minecraft/client/model/object/equipment/ShieldModel	51	40
	32	30
	33	30
	34	30
	37	31
	38	31
	39	31
	43	32
	47	36
	51	40
	23	22
	24	23
	25	24
	26	25
	29	28
	30	29
net/minecraft/client/gui/layouts/FrameLayout	135	121
	64	55
	128	114
	129	115
	66	57
	130	116
	67	58
	68	59
	134	120
	71	62
	135	121
	72	63
	73	64
	76	67
	77	68
	78	69
	81	72
	85	76
	86	77
	25	17
	26	18
	90	81
	29	21
	30	22
	95	86
	96	87
	33	25
	34	26
	35	27
	100	91
	101	92
	38	30
	104	95
	105	96
	42	34
	43	35
	108	99
	109	100
	47	39
	48	40
	112	103
	113	104
	52	44
	56	48
	123	109
	124	110
	61	53
	125	111
	63	54
net/minecraft/client/model/object/equipment/package-info	0	0
net/minecraft/client/renderer/entity/DonkeyRenderer	76	60
	65	52
	66	52
	74	58
	75	59
	76	60
	20	25
	21	25
	22	25
	25	26
	26	27
	28	28
	30	30
	31	30
	34	33
	38	36
	43	40
	48	44
	49	45
	50	46
	53	49
	54	49
	57	50
	58	50
	61	51
	62	51
net/minecraft/client/model/animal/ghast/package-info	0	0
net/minecraft/client/model/monster/hoglin/HoglinModel	126	103
	29	26
	30	27
	31	28
	32	29
	33	30
	34	31
	35	32
	36	33
	37	34
	40	37
	41	38
	43	39
	44	40
	45	40
	46	40
	47	42
	48	44
	49	44
	50	45
	52	47
	53	49
	54	49
	55	50
	57	52
	58	54
	59	54
	60	55
	62	57
	63	59
	64	59
	65	60
	67	62
	68	63
	69	63
	70	63
	72	65
	73	66
	74	66
	75	66
	78	68
	79	69
	80	70
	81	71
	82	71
	83	71
	85	73
	86	74
	87	74
	88	74
	90	76
	91	77
	92	77
	93	77
	95	79
	96	80
	97	80
	98	80
	100	82
	105	86
	107	87
	108	88
	109	89
	110	90
	111	91
	114	92
	115	93
	117	94
	118	95
	119	96
	120	97
	121	98
	122	99
	125	102
	126	103
net/minecraft/client/particle/BubblePopParticle	52	60
	32	31
	33	32
	35	33
	36	35
	40	39
	11	13
	12	14
	13	15
	14	16
	15	17
	47	46
	16	18
	48	47
	17	19
	18	20
	19	21
	52	60
	23	25
	24	26
	25	27
	27	28
	28	29
	29	35
net/minecraft/client/color/item/CustomModelDataSource	37	38
	32	33
	18	15
	19	17
	20	18
	21	20
	37	38
	25	25
	26	26
	27	27
	28	28
	29	29
net/minecraft/client/gui/screens/telemetry/TelemetryEventWidget	169	161
	130	122
	141	134
	143	135
	144	136
	146	137
	147	138
	150	141
	151	142
	154	145
	155	146
	156	147
	159	151
	32	30
	160	152
	161	153
	164	156
	165	157
	39	36
	168	160
	41	37
	169	161
	42	38
	43	39
	46	42
	47	43
	48	44
	51	47
	52	48
	53	49
	56	52
	57	53
	58	54
	59	56
	60	57
	61	58
	63	59
	65	60
	66	61
	69	65
	73	69
	74	70
	78	74
	79	75
	80	76
	82	78
	86	82
	91	87
	92	88
	94	89
	95	90
	96	91
	97	92
	98	93
	102	97
	103	98
	106	101
	107	101
	109	101
	113	105
	114	108
	115	109
	116	110
	118	111
	120	112
	121	113
	124	116
	125	117
	127	119
com/mojang/blaze3d/opengl/GlTransientMemory	457	448
	28	24
	40	34
	41	35
	42	36
	43	37
	44	38
	48	42
	52	46
	53	47
	54	48
	58	52
	59	53
	71	61
	73	62
	77	66
	78	67
	82	71
	83	72
	89	75
	90	76
	91	77
	92	78
	96	82
	97	83
	98	84
	104	88
	105	90
	106	92
	107	93
	108	94
	109	97
	110	101
	115	106
	116	108
	117	110
	122	117
	128	124
	133	129
	134	131
	135	132
	136	133
	139	136
	141	137
	142	138
	143	139
	144	140
	145	142
	146	143
	147	144
	149	145
	150	146
	152	149
	153	150
	155	151
	161	156
	166	161
	167	162
	169	163
	170	164
	172	165
	173	167
	175	168
	177	170
	178	171
	179	172
	180	173
	183	174
	184	175
	185	176
	187	177
	188	178
	189	179
	190	180
	191	181
	192	182
	194	186
	199	187
	200	188
	201	189
	202	190
	204	191
	205	192
	206	193
	207	194
	209	198
	211	199
	240	210
	241	212
	242	215
	243	218
	244	220
	248	224
	249	226
	250	227
	251	228
	254	231
	258	235
	259	236
	260	237
	263	240
	264	241
	265	241
	266	241
	269	243
	270	244
	273	247
	275	248
	276	249
	277	250
	279	253
	280	254
	281	255
	282	256
	284	259
	285	260
	287	262
	288	263
	290	265
	292	268
	294	269
	296	270
	300	274
	301	275
	305	281
	306	282
	307	284
	308	285
	309	286
	314	293
	315	294
	316	296
	317	297
	322	304
	323	305
	324	307
	325	308
	326	309
	331	316
	336	323
	340	334
	341	336
	342	337
	343	338
	346	341
	347	342
	349	343
	351	344
	352	345
	353	347
	354	348
	355	349
	356	350
	357	351
	361	356
	367	362
	372	367
	376	371
	377	372
	379	373
	381	374
	382	375
	383	377
	385	378
	387	380
	388	381
	389	382
	390	383
	393	384
	395	386
	396	387
	398	388
	400	389
	401	390
	403	393
	404	394
	406	398
	411	399
	412	400
	413	402
	414	403
	415	404
	418	409
	427	418
	429	419
	433	423
	434	424
	436	427
	437	428
	442	433
	443	434
	447	438
	452	443
	457	448
net/minecraft/client/gui/components/debug/DebugEntryHeightmap	63	73
	33	44
	34	73
	37	45
	38	46
	40	47
	41	49
	42	50
	43	51
	46	55
	48	56
	49	57
	18	19
	50	59
	51	60
	52	61
	53	62
	54	63
	56	65
	26	33
	60	70
	30	42
	62	71
	31	43
	63	73
com/mojang/blaze3d/platform/DisplayData	17	11
	17	11
	13	7
net/minecraft/client/renderer/entity/state/ZombifiedPiglinRenderState	0	0
com/mojang/realmsclient/exception/RetryCallException	18	16
	16	12
	18	16
	11	10
	13	11
	14	14
net/minecraft/client/renderer/entity/layers/IronGolemFlowerLayer	39	38
	32	31
	33	32
	34	33
	35	34
	37	35
	38	36
	39	38
	15	14
	16	15
	20	25
	21	38
	24	26
	25	27
	28	28
	29	29
	31	30
net/minecraft/client/gui/screens/worldselection/WorldOpenFlows	538	610
	513	585
	514	586
	517	589
	518	590
	519	591
	520	592
	521	593
	522	594
	524	596
	529	601
	530	603
	531	604
	532	604
	533	605
	537	609
	538	610
	84	91
	85	92
	91	97
	92	98
	93	99
	97	108
	98	109
	99	110
	100	138
	103	111
	105	112
	107	115
	108	116
	110	119
	111	120
	112	121
	114	123
	117	126
	122	131
	123	132
	124	133
	125	134
	126	135
	128	138
	132	142
	133	143
	134	144
	135	145
	136	146
	137	147
	138	148
	139	149
	140	150
	141	151
	147	162
	148	164
	149	168
	150	170
	153	175
	154	176
	156	179
	157	181
	158	183
	159	183
	160	183
	169	190
	171	191
	172	192
	173	193
	174	194
	176	197
	178	198
	179	203
	181	206
	182	208
	183	210
	185	212
	186	213
	187	214
	189	216
	193	220
	194	221
	195	222
	196	224
	197	226
	199	233
	206	242
	207	243
	208	244
	209	245
	210	246
	211	247
	212	248
	218	254
	219	255
	220	256
	222	258
	223	259
	226	262
	229	267
	230	268
	231	268
	232	268
	237	274
	240	279
	241	280
	242	281
	244	283
	246	285
	247	286
	248	287
	249	288
	250	290
	252	292
	253	292
	257	297
	259	299
	260	299
	263	303
	266	306
	267	307
	268	308
	269	311
	271	309
	272	311
	275	314
	279	319
	280	320
	281	321
	282	322
	283	323
	284	324
	286	326
	287	327
	289	329
	290	330
	291	331
	292	332
	294	333
	295	334
	297	335
	298	336
	299	337
	300	338
	301	339
	303	340
	305	343
	306	344
	309	349
	310	350
	311	351
	312	379
	314	361
	315	362
	316	363
	317	364
	318	365
	319	366
	320	367
	322	370
	324	371
	326	372
	327	373
	328	374
	329	374
	335	376
	337	379
	340	382
	341	383
	342	383
	343	384
	346	387
	347	388
	348	389
	349	390
	350	391
	351	392
	353	393
	354	394
	355	395
	356	396
	359	399
	360	400
	361	401
	362	417
	364	402
	365	403
	366	410
	368	405
	369	406
	371	408
	373	410
	374	410
	375	410
	377	411
	379	413
	381	415
	382	417
	383	418
	388	424
	389	425
	390	428
	391	435
	392	436
	393	437
	394	440
	395	441
	397	446
	399	448
	400	450
	401	451
	402	452
	403	454
	404	462
	405	463
	406	464
	407	465
	408	466
	409	467
	410	468
	411	469
	412	470
	413	471
	415	424
	419	476
	420	477
	424	481
	425	483
	426	484
	428	486
	429	487
	430	488
	431	489
	432	490
	433	491
	434	492
	436	494
	437	495
	439	508
	442	511
	443	512
	446	517
	447	518
	449	519
	450	520
	452	521
	453	524
	454	525
	455	526
	456	527
	457	528
	458	530
	461	522
	462	530
	465	535
	466	536
	467	536
	468	536
	469	537
	470	538
	472	539
	473	540
	474	541
	476	543
	477	544
	478	545
	479	546
	481	548
	482	548
	483	549
	484	550
	486	552
	489	561
	490	573
	492	564
	493	565
	495	567
	496	568
	497	569
	498	570
	500	572
	501	573
	502	574
	506	578
	508	580
	510	582
net/minecraft/client/renderer/fog/environment/DarknessFogEnvironment	37	37
	32	32
	17	17
	36	36
	37	37
	22	22
	23	23
	24	24
	25	25
	26	26
	27	27
	28	28
	29	29
net/minecraft/client/gui/components/AbstractButton	71	75
	64	67
	66	69
	36	33
	38	34
	70	74
	39	35
	71	75
	44	40
	45	41
	48	44
	49	53
	20	19
	21	19
	53	57
	22	20
	54	58
	23	21
	58	62
	59	63
	29	26
	61	64
	30	27
	62	65
	63	66
net/minecraft/client/renderer/entity/state/FishingHookRenderState	6	6
	6	6
com/mojang/blaze3d/vulkan/checkpoints/NoopCheckpointExtension	36	35
	32	31
	20	19
	36	35
	25	24
	15	14
net/minecraft/client/model/animal/pig/package-info	0	0
net/minecraft/client/renderer/texture/DynamicTexture	81	79
	64	62
	65	63
	66	64
	70	68
	71	69
	72	70
	76	74
	77	75
	78	76
	79	77
	81	79
	18	16
	22	20
	23	21
	24	22
	25	23
	28	26
	29	27
	30	28
	33	31
	34	32
	35	33
	38	36
	39	37
	40	38
	41	39
	42	40
	45	43
	46	44
	47	45
	48	46
	49	47
	52	50
	53	51
	55	53
	57	55
	60	58
net/minecraft/client/model/monster/dragon/EnderDragonModel	314	288
	48	40
	52	44
	56	48
	57	49
	58	50
	59	52
	60	53
	62	56
	63	57
	65	60
	66	61
	67	62
	68	63
	69	64
	70	65
	71	66
	72	67
	73	68
	74	69
	75	70
	76	71
	77	72
	78	73
	79	74
	80	75
	81	76
	82	77
	85	80
	86	81
	88	82
	89	83
	90	85
	91	86
	92	87
	93	88
	94	89
	95	90
	96	91
	97	92
	98	93
	99	94
	101	96
	102	96
	103	96
	104	96
	107	97
	108	98
	109	99
	110	101
	111	102
	113	105
	114	106
	117	109
	118	111
	119	112
	120	113
	121	114
	122	115
	123	116
	126	118
	127	120
	128	120
	129	120
	130	120
	131	121
	133	123
	134	125
	135	125
	136	125
	137	125
	138	126
	141	128
	142	130
	143	130
	144	131
	146	133
	147	135
	148	135
	149	136
	151	138
	152	140
	153	140
	154	141
	157	143
	158	145
	159	145
	160	146
	162	148
	163	150
	164	150
	165	151
	167	153
	168	155
	169	155
	170	156
	173	158
	174	160
	175	160
	176	160
	177	161
	179	163
	180	165
	181	165
	182	165
	183	166
	186	168
	187	170
	188	170
	189	171
	191	173
	192	175
	193	175
	194	176
	196	178
	197	180
	198	180
	199	181
	202	183
	203	185
	204	185
	205	186
	207	188
	208	190
	209	190
	210	191
	212	193
	213	195
	214	195
	215	196
	218	198
	223	202
	225	203
	226	204
	228	205
	229	206
	231	207
	232	208
	233	209
	235	210
	236	211
	237	212
	239	213
	241	214
	243	215
	244	216
	246	218
	247	219
	248	220
	249	221
	250	222
	251	223
	252	224
	254	225
	255	226
	256	227
	257	228
	258	229
	259	230
	262	233
	263	234
	264	235
	266	236
	267	237
	268	238
	269	239
	271	240
	272	241
	273	242
	274	243
	275	244
	277	245
	278	246
	279	247
	280	248
	282	249
	283	250
	285	251
	286	252
	287	253
	288	254
	289	255
	290	257
	291	258
	292	259
	293	260
	294	261
	295	262
	296	263
	297	264
	298	265
	299	266
	300	267
	301	268
	302	269
	304	271
	307	282
	308	283
	309	284
	311	285
	312	286
	313	287
	314	288
net/minecraft/client/Options	2262	1978
	2050	1783
	2051	1784
	2052	1785
	1030	1272
	1033	537
	2057	1790
	2058	1791
	2059	1792
	1036	1276
	1039	539
	2064	1797
	2065	1798
	2066	1799
	1047	1280
	2071	1804
	2072	1805
	2073	1806
	1052	545
	1053	546
	2078	1811
	2079	1812
	2080	1813
	2084	1817
	1061	1284
	2085	1818
	2086	1819
	2088	1821
	1065	553
	2089	1822
	2092	1825
	1069	1288
	2093	1826
	1070	1288
	1072	1288
	2096	1829
	2097	1830
	2099	1831
	1076	1292
	2101	1833
	2102	1833
	1080	1296
	2104	1833
	1084	1300
	2108	1838
	2109	1840
	1086	1300
	2110	1841
	1089	1300
	2113	1845
	1091	1301
	1092	1302
	1093	1303
	2117	1858
	1094	1304
	2118	1859
	1096	1307
	2120	1861
	1097	1308
	1098	1309
	2123	1864
	1100	1311
	2124	1865
	2126	1867
	1104	555
	2128	1869
	82	79
	2131	1872
	2135	1876
	1112	1315
	91	86
	1115	559
	2139	1880
	1116	560
	94	88
	1119	562
	2143	1884
	2144	1885
	97	965
	2145	1888
	1122	563
	2146	1889
	1123	564
	1124	565
	2148	1890
	1125	566
	101	969
	102	970
	2150	1891
	103	971
	105	973
	1129	1319
	2153	1894
	2154	1895
	107	89
	2155	1896
	2156	1897
	2157	1898
	2158	1899
	1135	571
	2159	1900
	2160	1901
	2161	1902
	115	976
	2163	1904
	118	93
	1142	1323
	2166	1908
	2167	1909
	1146	579
	2170	1912
	1147	580
	1148	581
	1149	582
	126	980
	2174	1916
	1151	584
	2175	1917
	129	97
	1154	1327
	2178	1920
	2179	1921
	1159	586
	2183	1925
	1160	587
	137	984
	2187	1929
	1164	589
	1165	590
	2189	1930
	1166	591
	1167	592
	144	102
	2192	1933
	145	103
	1169	595
	2193	1934
	1170	596
	147	105
	148	105
	2197	1936
	150	105
	2198	1937
	1175	1331
	2199	1938
	2200	1939
	2201	1940
	2202	1941
	2203	1942
	1181	1335
	2205	1943
	158	988
	2206	1944
	2207	1945
	1184	599
	2208	1946
	1185	600
	164	992
	2212	1950
	2213	1951
	1190	602
	2216	1954
	170	996
	1197	1339
	179	115
	1203	605
	182	118
	186	1000
	1210	1343
	2236	1958
	1216	608
	2240	1962
	195	124
	196	125
	2244	1966
	198	126
	1223	1347
	2248	1970
	201	127
	204	130
	2252	1974
	1229	611
	2253	1974
	2255	1974
	208	1004
	2259	1978
	1236	1351
	2260	1978
	213	133
	214	134
	2262	1978
	1239	613
	219	138
	220	139
	221	140
	1245	617
	222	141
	1246	618
	224	144
	1248	619
	225	145
	226	146
	227	147
	229	150
	231	152
	1256	1355
	1261	625
	239	1008
	243	1012
	1270	1359
	251	162
	1276	1363
	1279	630
	259	1017
	260	1018
	261	1019
	262	1020
	1288	1367
	265	1023
	1291	634
	268	168
	269	169
	273	173
	274	174
	275	175
	1300	1371
	277	178
	1304	1375
	1305	1381
	1307	1376
	1308	1377
	1309	1378
	286	1027
	1311	1381
	292	186
	297	188
	301	191
	305	1031
	311	196
	319	200
	320	201
	321	202
	325	1035
	328	204
	333	208
	340	211
	344	1039
	347	213
	354	216
	355	217
	356	218
	360	1043
	363	220
	372	1047
	375	224
	382	227
	383	228
	385	229
	386	230
	389	235
	392	232
	393	233
	1417	782
	394	235
	1418	783
	1419	784
	1420	785
	398	1051
	1423	789
	405	238
	1429	1384
	406	239
	407	240
	1432	793
	1433	795
	1434	795
	411	1055
	414	241
	1441	801
	1442	802
	1443	803
	420	245
	421	246
	1445	805
	1446	806
	423	247
	1448	807
	425	248
	1455	1388
	432	1059
	1458	813
	435	253
	436	254
	437	255
	441	259
	442	260
	443	261
	444	262
	446	265
	1470	1392
	1473	822
	449	268
	453	1063
	460	1067
	461	1068
	462	1069
	463	1071
	464	1072
	465	1073
	1489	1396
	466	1074
	467	1075
	1492	832
	471	1080
	472	1081
	473	1082
	474	1083
	476	1085
	481	275
	1507	1400
	485	279
	1510	841
	486	280
	487	281
	489	283
	493	1088
	1522	1404
	499	288
	1525	850
	502	291
	506	1092
	1537	1408
	1540	859
	519	1096
	522	296
	1552	1412
	535	304
	1559	872
	1560	873
	1561	874
	1563	875
	1564	876
	540	1100
	1566	878
	1567	879
	544	1104
	1569	880
	553	312
	1577	1416
	557	1108
	1585	892
	1587	894
	1588	895
	1589	895
	1591	895
	1594	898
	570	1112
	573	322
	1598	1420
	579	325
	580	326
	1604	903
	581	327
	582	328
	583	329
	1607	906
	585	331
	586	331
	587	332
	1611	1424
	590	334
	1618	911
	594	1116
	1619	911
	597	336
	1621	911
	1626	914
	604	1120
	1630	1428
	1638	921
	1639	922
	1641	924
	1642	924
	618	1124
	1644	924
	1647	928
	1649	929
	1650	933
	1652	932
	629	357
	1658	938
	1659	939
	1660	940
	636	1128
	1661	941
	1665	1432
	646	367
	647	367
	1671	1436
	1672	1437
	649	367
	1673	1438
	1675	944
	653	370
	1680	948
	657	1132
	1683	951
	663	375
	1687	1441
	666	378
	1692	955
	1693	956
	670	1136
	1696	959
	676	383
	1700	1445
	679	386
	683	1140
	1707	1449
	1708	1450
	1710	1451
	1712	1452
	689	391
	1714	1454
	1715	1455
	692	394
	1718	1456
	696	1144
	1721	1457
	1723	1458
	1724	1459
	703	399
	1727	1460
	704	400
	1729	1462
	706	401
	1730	1463
	708	402
	1732	1464
	1733	1464
	711	405
	1736	1465
	1737	1466
	715	1148
	718	407
	1742	1468
	1744	1469
	1745	1470
	722	411
	723	412
	1748	1473
	1752	1477
	730	1152
	1756	1481
	737	420
	738	420
	1763	1485
	740	420
	1764	1486
	1765	1487
	1766	1488
	1767	1489
	744	423
	1768	1490
	1769	1491
	1770	1492
	1771	1493
	748	1156
	1772	1494
	1773	1495
	1774	1496
	751	425
	1775	1497
	1776	1498
	1777	1499
	1778	1500
	1779	1501
	1780	1502
	757	429
	1781	1503
	758	430
	1782	1504
	1783	1505
	760	431
	1784	1506
	1785	1507
	1786	1508
	1787	1509
	1788	1510
	765	435
	1789	1511
	766	436
	1790	1512
	767	437
	1791	1513
	1792	1514
	1793	1515
	1794	1516
	771	1160
	1796	1517
	1797	1518
	1798	1519
	775	1164
	1799	1520
	1800	1521
	1801	1522
	778	439
	1802	1523
	779	440
	780	441
	1805	1526
	1807	1527
	784	445
	1808	1528
	785	446
	1809	1529
	786	447
	1810	1530
	787	448
	1811	1531
	1812	1532
	789	451
	1813	1533
	1814	1534
	1815	1535
	1816	1536
	793	455
	1817	1537
	794	456
	1818	1538
	795	457
	1819	1539
	1820	1540
	1821	1541
	1822	1542
	799	1168
	1823	1543
	1824	1544
	1825	1545
	1826	1546
	1827	1547
	1828	1548
	1829	1549
	1830	1550
	807	463
	1831	1551
	1832	1552
	1833	1553
	1835	1554
	1836	1555
	1837	1556
	814	1172
	1838	1557
	1839	1558
	1840	1559
	1841	1560
	1842	1561
	1843	1562
	1845	1563
	1846	1564
	1847	1565
	824	471
	1848	1566
	825	472
	1849	1567
	1850	1568
	1851	1569
	1852	1570
	1853	1571
	830	474
	1854	1572
	831	475
	1855	1573
	832	476
	1856	1574
	1857	1575
	1858	1576
	1859	1577
	836	1176
	1860	1578
	1861	1579
	1862	1580
	1863	1581
	840	1180
	1864	1582
	1865	1583
	1866	1584
	1867	1585
	844	1184
	1868	1586
	1869	1587
	1870	1588
	1871	1589
	1872	1590
	1873	1591
	850	480
	1874	1592
	1875	1593
	1876	1594
	1877	1595
	1878	1596
	1879	1597
	1880	1598
	858	1188
	1882	1600
	1883	1601
	1884	1602
	1885	1603
	1886	1604
	865	487
	866	488
	1890	1608
	867	489
	1891	1609
	869	491
	1894	1612
	1895	1613
	1896	1614
	873	1192
	1897	1615
	1898	1616
	876	492
	1901	1619
	1905	1623
	882	495
	1906	1624
	883	496
	884	497
	1909	1627
	886	499
	1910	1629
	1911	1630
	1913	1632
	890	1196
	1914	1633
	1915	1634
	1916	1635
	1918	1637
	1921	1640
	898	1200
	1923	1641
	901	503
	1925	1644
	1926	1645
	1927	1646
	1929	1654
	1930	1658
	1932	1660
	909	1204
	1937	1666
	1938	1667
	915	1208
	1941	1668
	1942	1669
	1943	1671
	1944	1672
	921	1212
	1946	1674
	1950	1678
	927	1216
	1951	1679
	1953	1681
	1954	1682
	1955	1683
	933	1220
	1958	1687
	939	1224
	1963	1692
	1964	1693
	943	513
	944	514
	1969	1698
	947	1228
	1974	1703
	1975	1704
	1977	1708
	954	516
	1978	1709
	1980	1712
	1981	1713
	958	1232
	1984	1717
	962	1236
	1986	1719
	963	1237
	964	1238
	1989	1705
	967	1239
	969	1241
	1994	1726
	971	518
	1995	1727
	974	1244
	1999	1731
	2001	1732
	2002	1733
	979	1248
	2003	1734
	2006	1737
	2007	1738
	2008	1739
	985	523
	2011	1742
	989	1252
	2015	1746
	995	1256
	2019	1750
	2021	1753
	2022	1754
	1001	1260
	2025	1757
	2029	1761
	2030	1762
	1007	1264
	2032	1763
	1010	528
	2034	1766
	2035	1767
	2036	1768
	2040	1772
	2041	1774
	1018	1268
	2042	1775
	2043	1776
	2044	1777
	1021	532
	2045	1778
	2046	1779
net/minecraft/client/renderer/entity/layers/EyesLayer	19	22
	18	20
	19	22
	13	13
	14	14
net/minecraft/client/multiplayer/package-info	0	0
com/mojang/blaze3d/TracyBootstrap	27	25
	11	11
	12	18
	14	12
	15	13
	16	18
	18	14
	19	15
	20	18
	23	21
	24	25
	25	22
	26	23
	27	24
net/minecraft/client/renderer/entity/layers/SimpleEquipmentLayer	48	77
	32	42
	35	52
	36	53
	40	58
	41	59
	42	60
	43	77
	46	61
	47	62
	48	77
	25	35
	26	36
	27	37
	28	38
	29	39
	30	40
	31	41
net/minecraft/client/resources/model/EquipmentClientInfo	143	135
	129	123
	134	127
	135	128
	139	131
	143	135
	19	18
	21	19
	22	21
	23	23
	26	27
	30	31
	39	76
	40	78
	41	79
	42	80
	43	82
	46	86
	47	87
	50	90
	54	94
	58	98
	65	69
	66	70
	67	71
	71	35
	74	38
	77	41
	81	45
	82	46
	83	47
	87	51
	88	52
	89	53
	93	57
	94	58
	98	62
	99	63
	101	63
	108	103
	109	104
	110	105
	111	106
	112	107
	113	108
	114	109
	115	110
	116	111
	117	112
	118	113
	119	114
	120	115
	121	116
	122	117
	123	118
	124	119
	125	120
	126	121
net/minecraft/client/gui/font/providers/ProviderReferenceDefinition	20	20
	20	20
	9	9
	10	10
	11	10
	15	15
net/minecraft/client/model/animal/fox/BabyFoxModel	103	124
	23	20
	24	21
	25	22
	28	25
	29	26
	30	27
	31	32
	32	34
	33	36
	34	40
	35	45
	36	50
	37	55
	38	60
	39	63
	41	68
	46	73
	47	74
	48	75
	49	76
	50	77
	51	78
	52	79
	54	80
	55	81
	57	82
	58	83
	60	84
	61	85
	62	86
	63	87
	65	88
	66	89
	67	90
	68	91
	69	92
	73	96
	74	97
	75	98
	76	99
	77	100
	78	101
	80	102
	81	103
	82	104
	83	105
	84	106
	86	107
	87	108
	88	109
	89	110
	90	111
	91	112
	95	116
	96	117
	97	118
	101	122
	102	123
	103	124
net/minecraft/client/CloudStatus	30	26
	20	17
	21	18
	22	19
	9	8
	25	22
	10	9
	11	10
	14	12
	30	26
net/minecraft/client/renderer/EndFlashState	62	59
	32	30
	33	31
	34	32
	35	33
	36	34
	37	35
	39	37
	42	40
	43	41
	44	43
	46	42
	50	47
	54	51
	23	21
	24	22
	25	23
	26	24
	58	55
	29	27
	30	28
	62	59
	31	29
com/mojang/blaze3d/buffers/GpuBuffer	77	55
	48	26
	49	27
	65	43
	66	46
	52	30
	68	44
	56	34
	72	51
	77	55
	46	24
	47	25
net/minecraft/client/gui/screens/dialog/ServerLinksDialogScreen	31	24
	17	16
	18	17
	22	20
	26	24
	28	24
	29	24
	31	24
net/minecraft/client/renderer/texture/atlas/sources/Unstitcher	113	105
	64	63
	74	74
	75	75
	76	76
	77	77
	78	78
	83	83
	85	84
	86	85
	88	86
	89	87
	91	88
	92	89
	29	23
	94	90
	31	24
	95	91
	32	26
	33	27
	34	28
	35	29
	36	31
	101	92
	102	93
	103	94
	40	36
	41	37
	105	96
	42	38
	106	99
	43	39
	107	99
	44	41
	45	42
	48	45
	112	104
	113	105
	50	47
	54	51
	58	55
	59	57
	60	58
	61	59
	62	60
	63	61
net/minecraft/client/gui/components/MultiLineTextWidget	82	79
	64	61
	65	62
	66	63
	67	64
	69	66
	71	68
	74	71
	78	75
	82	79
	19	18
	20	19
	23	22
	24	23
	25	24
	26	25
	28	26
	31	28
	32	29
	35	32
	36	33
	40	37
	41	38
	45	42
	46	43
	51	48
	56	53
	61	58
	62	59
	63	60
net/minecraft/client/gui/screens/dialog/DialogConnectionAccess	0	0
net/minecraft/client/particle/SoulParticle	69	82
	33	28
	66	55
	67	56
	68	57
	69	58
	38	33
	39	34
	40	35
	14	15
	46	66
	47	67
	16	16
	17	17
	19	18
	51	80
	20	19
	52	81
	53	82
	24	23
	25	23
	28	23
	61	41
	62	42
com/mojang/realmsclient/gui/task/package-info	0	0
net/minecraft/client/telemetry/events/AggregatedTelemetryEvent	47	47
	32	32
	35	35
	39	39
	43	43
	44	44
	13	12
	47	47
	17	16
	18	17
	19	18
	20	19
	23	22
	24	23
	25	24
	26	25
	28	28
	29	29
	30	30
net/minecraft/client/renderer/entity/MobRenderer	26	27
	16	16
	21	22
	25	26
	26	27
	11	12
	12	13
net/minecraft/client/model/monster/nautilus/package-info	0	0
net/minecraft/client/renderer/entity/state/WitherSkullRenderState	0	0
net/minecraft/client/gui/components/debug/DebugEntrySectionPosition	30	31
	16	19
	17	20
	19	21
	20	27
	23	22
	25	23
	26	27
	30	31
net/minecraft/client/renderer/entity/TntMinecartRenderer	55	60
	35	44
	36	45
	38	47
	41	50
	42	51
	14	14
	46	54
	15	15
	19	24
	51	58
	21	25
	22	26
	54	59
	55	60
	24	27
	25	28
	26	29
	29	32
	30	33
net/minecraft/client/gui/components/LogoRenderer	51	45
	32	27
	33	28
	36	31
	37	32
	40	35
	41	36
	10	10
	42	37
	11	11
	43	38
	12	12
	45	39
	46	40
	47	41
	48	42
	51	45
net/minecraft/client/resources/model/sprite/package-info	0	0
net/minecraft/client/model/geom/builders/UVPair	22	21
	17	16
	18	17
	6	6
	22	21
	11	10
	12	11
	13	12
net/minecraft/client/renderer/entity/BreezeRenderer	40	36
	33	29
	34	30
	35	31
	36	32
	37	33
	38	34
	39	35
	40	36
	13	12
	16	15
	17	16
	18	17
	19	18
	23	21
	28	25
net/minecraft/client/model/QuadrupedModel	81	72
	64	59
	65	60
	69	63
	71	64
	72	65
	74	66
	75	67
	77	68
	78	69
	79	70
	80	71
	81	72
	27	25
	28	26
	31	29
	32	30
	33	31
	34	32
	35	33
	36	34
	37	35
	38	36
	41	39
	42	40
	44	41
	45	42
	46	42
	47	42
	49	44
	50	46
	51	46
	52	47
	54	49
	55	50
	59	54
	60	55
	61	56
	62	57
	63	58
net/minecraft/client/resources/sounds/BubbleColumnAmbientSoundHandler	40	42
	35	36
	37	38
	39	41
	40	42
	17	16
	18	17
	22	21
	23	23
	24	26
	25	27
	26	27
	27	28
	28	29
	29	30
	31	32
net/minecraft/client/model/object/boat/RaftModel	79	63
	64	51
	67	53
	68	55
	69	55
	70	56
	73	58
	74	60
	75	60
	76	61
	14	12
	15	13
	79	63
	18	16
	19	18
	20	18
	21	18
	22	19
	25	21
	26	22
	27	23
	28	24
	30	25
	31	27
	32	27
	33	27
	34	27
	35	28
	37	30
	38	32
	39	32
	40	32
	41	32
	42	33
	44	35
	47	38
	48	39
	50	40
	52	41
	56	45
	57	46
	59	47
	61	48
	62	50
	63	50
net/minecraft/client/renderer/block/model/properties/select/DisplayContext	9	8
	9	8
net/minecraft/client/gui/screens/ChatScreen	333	328
	256	254
	257	265
	260	256
	261	257
	264	260
	265	261
	266	262
	267	265
	270	268
	271	268
	273	268
	279	273
	280	274
	282	279
	283	280
	284	281
	32	30
	33	31
	289	285
	293	289
	298	294
	303	299
	304	300
	305	301
	51	44
	307	303
	52	45
	309	306
	310	307
	55	48
	311	308
	56	49
	57	50
	313	310
	58	51
	59	52
	316	313
	317	314
	318	325
	63	56
	64	57
	321	315
	322	316
	67	60
	325	319
	70	63
	326	320
	71	64
	72	65
	328	322
	73	66
	74	67
	330	325
	75	68
	76	69
	333	328
	78	70
	79	71
	80	72
	81	73
	82	74
	83	75
	84	76
	85	77
	89	81
	90	82
	94	86
	95	87
	96	88
	100	92
	101	93
	102	94
	106	98
	107	99
	109	100
	110	101
	111	102
	112	103
	114	105
	117	108
	121	113
	122	114
	123	115
	124	116
	129	120
	130	121
	133	124
	134	125
	135	126
	136	127
	139	130
	140	131
	143	134
	144	135
	146	136
	148	139
	149	140
	150	141
	151	142
	153	144
	154	145
	156	148
	159	150
	160	155
	161	152
	163	158
	165	161
	167	164
	170	167
	175	173
	176	174
	177	175
	179	178
	180	179
	182	182
	183	183
	188	188
	189	189
	192	192
	193	193
	194	194
	195	195
	196	196
	197	197
	198	198
	199	199
	200	200
	203	204
	207	208
	211	212
	212	213
	213	214
	214	215
	216	217
	217	218
	219	219
	220	220
	221	221
	222	222
	226	225
	227	226
	228	227
	229	229
	231	232
	233	235
	238	240
	239	241
	241	243
	243	245
	246	248
	247	249
	249	250
	250	251
	251	265
	254	252
	255	253
net/minecraft/client/model/monster/slime/package-info	0	0
com/mojang/blaze3d/pipeline/TextureTarget	12	12
	9	9
	10	10
	11	11
	12	12
net/minecraft/client/renderer/entity/state/DolphinRenderState	0	0
net/minecraft/client/renderer/state/gui/TiledBlitRenderState	57	94
	14	46
	15	47
	19	51
	20	52
	21	54
	23	55
	25	58
	26	59
	27	60
	29	62
	30	63
	32	66
	34	67
	36	70
	37	71
	38	72
	40	74
	41	75
	43	78
	44	79
	45	80
	46	81
	47	82
	48	83
	49	84
	50	85
	53	88
	56	93
	57	94
net/minecraft/client/gui/screens/multiplayer/ServerSelectionList	542	547
	512	514
	513	515
	514	516
	515	517
	516	519
	517	509
	519	522
	520	523
	521	524
	522	525
	523	526
	524	527
	525	528
	526	529
	527	532
	528	533
	532	537
	537	542
	538	543
	542	547
	42	42
	43	43
	44	44
	45	45
	46	46
	47	47
	48	48
	49	49
	50	50
	51	51
	52	52
	53	53
	54	54
	55	55
	56	56
	57	57
	58	58
	59	59
	60	60
	61	62
	63	69
	64	70
	65	71
	66	72
	67	73
	68	74
	69	75
	77	82
	78	83
	79	84
	82	87
	83	88
	84	89
	85	90
	86	91
	87	92
	88	93
	89	94
	90	95
	91	96
	95	100
	99	103
	100	104
	101	105
	104	108
	106	110
	107	111
	110	114
	111	115
	114	118
	115	119
	117	121
	118	122
	120	125
	125	127
	126	128
	127	129
	128	130
	129	131
	130	132
	131	133
	134	136
	138	140
	142	144
	147	149
	159	157
	160	158
	165	162
	166	163
	167	164
	171	168
	176	173
	181	178
	186	183
	187	184
	194	190
	195	191
	196	192
	197	193
	201	197
	202	198
	204	199
	205	200
	207	202
	209	204
	213	208
	214	209
	216	212
	221	217
	222	218
	223	219
	225	221
	230	227
	231	228
	235	232
	239	236
	244	241
	264	260
	265	261
	266	262
	267	263
	268	264
	269	265
	273	269
	274	270
	275	271
	276	272
	278	273
	280	275
	281	275
	283	276
	284	277
	285	278
	286	278
	288	279
	289	280
	290	281
	291	282
	292	283
	293	284
	294	285
	295	286
	297	288
	299	291
	301	292
	302	294
	303	295
	305	298
	307	299
	308	300
	309	301
	310	302
	311	303
	313	305
	314	310
	315	306
	316	307
	317	308
	318	309
	319	305
	322	314
	323	315
	324	316
	327	319
	328	320
	329	321
	330	322
	332	324
	333	325
	337	329
	338	332
	339	333
	340	334
	342	335
	343	340
	344	341
	345	346
	348	349
	349	350
	350	351
	351	352
	353	353
	354	354
	355	355
	357	357
	359	360
	360	361
	361	362
	362	363
	364	365
	367	369
	368	370
	369	371
	370	372
	372	374
	376	378
	379	381
	381	382
	383	385
	384	386
	385	387
	387	389
	388	390
	389	391
	390	392
	392	394
	393	395
	394	396
	396	398
	397	399
	398	400
	399	401
	400	402
	401	403
	402	404
	403	405
	405	407
	407	410
	408	411
	411	413
	414	416
	415	417
	418	420
	419	421
	422	424
	423	425
	426	428
	427	429
	428	430
	429	431
	432	435
	437	440
	438	441
	439	442
	441	445
	443	446
	444	447
	446	448
	447	449
	450	452
	451	452
	453	453
	454	454
	458	458
	463	463
	464	464
	467	467
	468	468
	469	469
	473	473
	474	474
	476	475
	477	476
	478	477
	481	480
	482	481
	483	482
	484	483
	487	486
	488	487
	489	488
	492	491
	493	492
	496	495
	500	499
	505	504
	506	505
	507	506
	508	507
	510	512
	511	513
net/minecraft/client/model/monster/creeper/package-info	0	0
net/minecraft/client/data/models/model/package-info	0	0
net/minecraft/client/renderer/feature/submit/SubmitNode	0	0
net/minecraft/client/tutorial/PunchTreeTutorialStepInstance	94	89
	65	60
	66	61
	67	62
	69	64
	73	68
	74	69
	75	70
	76	71
	78	74
	79	75
	81	77
	82	78
	19	18
	83	79
	20	19
	84	80
	86	82
	90	86
	91	87
	28	26
	92	89
	29	27
	94	89
	33	31
	35	32
	36	33
	37	56
	40	35
	41	36
	42	37
	43	38
	44	39
	45	40
	46	41
	48	44
	49	45
	50	46
	55	51
	56	51
	57	52
	58	53
	61	56
net/minecraft/client/gui/navigation/ScreenPosition	23	23
	16	16
	5	5
	21	21
	6	6
	22	22
	7	7
	23	23
	12	12
	13	13
	14	14
	15	15
net/minecraft/client/gui/screens/inventory/tooltip/TooltipRenderUtil	43	35
	33	31
	34	31
	36	31
	40	35
	9	9
	41	35
	10	10
	43	35
	24	22
	25	23
	26	24
	27	25
	28	26
	29	27
	30	28
net/minecraft/client/gui/render/GuiItemAtlas	152	133
	128	112
	129	113
	130	114
	131	115
	133	116
	135	117
	136	118
	138	119
	139	120
	142	123
	147	128
	148	129
	149	130
	150	131
	151	132
	152	133
	46	40
	48	41
	49	42
	50	43
	52	44
	53	45
	54	46
	55	47
	56	48
	58	49
	59	50
	60	51
	63	54
	64	55
	65	56
	66	57
	67	59
	72	64
	73	65
	76	68
	77	68
	80	68
	84	72
	85	73
	86	74
	88	77
	89	79
	90	82
	94	86
	95	87
	96	88
	97	89
	101	93
	102	94
	103	95
	105	96
	106	97
	107	98
	117	104
	118	105
	119	106
	121	107
	122	108
	123	109
	124	110
	126	111
net/minecraft/client/renderer/entity/WitherSkullRenderer	79	67
	64	54
	69	58
	74	62
	75	63
	76	64
	77	65
	78	66
	79	67
	22	21
	23	22
	28	26
	29	27
	30	28
	33	31
	34	32
	36	33
	37	33
	38	33
	42	34
	47	38
	52	44
	54	45
	56	46
	58	49
	60	50
	61	51
net/minecraft/client/model/animal/parrot/ParrotModel	214	157
	35	25
	36	26
	37	27
	38	28
	39	29
	40	30
	41	31
	42	32
	43	33
	46	36
	47	37
	49	38
	50	40
	51	40
	52	41
	54	43
	55	45
	56	45
	57	46
	59	48
	60	50
	61	50
	62	51
	64	53
	65	55
	66	55
	67	56
	69	58
	70	59
	71	59
	72	59
	74	61
	75	61
	76	61
	77	61
	79	62
	80	62
	81	62
	82	62
	84	63
	85	63
	86	63
	87	63
	89	64
	90	66
	91	66
	92	67
	94	69
	95	69
	96	70
	97	71
	99	72
	104	76
	106	77
	108	78
	109	79
	111	80
	115	101
	116	102
	117	103
	118	104
	120	105
	121	106
	122	107
	124	108
	125	109
	127	110
	128	111
	129	112
	131	113
	132	114
	133	115
	135	116
	136	117
	140	82
	141	83
	146	87
	147	88
	149	89
	150	90
	152	91
	154	92
	155	93
	157	94
	158	95
	160	96
	161	97
	164	119
	167	122
	169	124
	170	125
	173	131
	175	132
	177	133
	178	134
	180	135
	182	136
	183	137
	185	138
	186	139
	188	140
	189	141
	191	142
	192	143
	193	144
	195	146
	196	147
	204	149
	207	152
	208	153
	209	154
	210	155
	211	157
	212	157
	214	157
com/mojang/blaze3d/systems/GpuDeviceBackend	0	0
net/minecraft/client/gui/font/TextFieldHelper	264	290
	258	284
	259	285
	260	286
	261	287
	264	290
	29	30
	30	31
	31	32
	32	33
	33	34
	35	35
	36	36
	39	39
	43	43
	47	47
	51	51
	52	52
	55	55
	56	56
	58	59
	62	63
	63	64
	64	65
	65	68
	66	69
	67	70
	68	73
	69	74
	70	75
	71	78
	72	79
	73	80
	76	83
	77	84
	78	85
	79	86
	80	89
	81	90
	82	92
	83	93
	84	94
	85	97
	86	98
	87	99
	88	102
	89	103
	90	104
	91	107
	92	108
	93	109
	95	113
	99	117
	103	121
	104	122
	107	125
	108	126
	109	127
	110	128
	111	129
	113	131
	116	134
	117	135
	120	138
	121	139
	123	141
	126	144
	127	146
	128	149
	130	151
	133	154
	134	155
	137	158
	138	159
	139	160
	142	163
	143	164
	146	167
	147	168
	148	169
	151	172
	152	174
	153	177
	155	179
	158	182
	159	183
	160	184
	163	187
	164	188
	166	190
	167	191
	169	193
	170	194
	171	195
	172	196
	173	197
	174	198
	177	202
	179	204
	182	207
	183	208
	184	209
	185	210
	188	213
	189	214
	190	215
	193	218
	194	219
	197	222
	198	223
	199	224
	202	227
	203	228
	204	229
	208	233
	209	234
	211	237
	212	238
	213	239
	214	240
	215	241
	219	245
	220	246
	223	249
	224	250
	225	251
	228	254
	229	255
	232	258
	233	259
	234	260
	237	263
	241	267
	242	268
	245	271
	246	272
	247	273
	250	276
	254	280
	255	281
net/minecraft/client/resources/model/ModelBakery	277	221
	128	167
	130	168
	133	171
	262	139
	135	172
	267	144
	268	145
	140	173
	142	174
	143	174
	272	149
	277	154
	151	175
	159	176
	164	91
	165	92
	167	93
	168	95
	172	97
	173	98
	174	99
	175	100
	49	52
	51	53
	52	54
	181	105
	55	57
	56	59
	57	59
	185	108
	58	60
	186	110
	59	61
	187	111
	188	112
	61	62
	194	117
	195	118
	196	119
	198	120
	199	121
	201	123
	203	124
	76	81
	204	127
	77	82
	78	83
	79	84
	80	85
	81	86
	82	87
	83	88
	214	185
	217	188
	218	189
	219	190
	92	160
	220	191
	224	195
	229	200
	234	205
	239	210
	240	211
	241	212
	242	213
	244	215
	121	161
	122	162
	250	221
	123	163
	124	164
	125	165
	127	166
net/minecraft/client/searchtree/FullTextSearchTree	31	29
	16	15
	17	16
	21	20
	26	25
	27	26
	28	27
	30	28
	15	14
	31	29
net/minecraft/client/model/monster/zombie/GiantZombieModel	9	9
	8	8
	9	9
net/minecraft/client/renderer/entity/layers/MushroomCowMushroomLayer	65	77
	65	77
	14	14
	15	15
	19	25
	20	61
	23	26
	25	27
	26	61
	29	28
	31	29
	32	30
	33	31
	34	32
	35	33
	36	34
	37	37
	39	38
	40	39
	41	40
	42	41
	43	42
	44	43
	45	44
	46	45
	47	48
	49	49
	50	50
	51	51
	52	52
	53	53
	54	54
	55	55
	56	58
	57	61
	60	72
	61	73
	63	75
net/minecraft/client/model/animal/bee/package-info	0	0
net/minecraft/client/renderer/entity/TropicalFishRenderer	77	71
	68	64
	70	65
	71	66
	73	67
	74	68
	75	69
	77	71
	21	20
	22	21
	25	24
	27	25
	28	26
	29	27
	33	30
	34	31
	35	32
	41	38
	46	42
	47	43
	48	44
	49	45
	50	46
	54	51
	55	52
	56	53
	58	56
	59	57
	63	60
net/minecraft/client/model/animal/polarbear/BabyPolarBearModel	55	44
	14	12
	15	13
	18	16
	19	17
	21	18
	22	18
	23	18
	24	18
	26	19
	27	21
	28	22
	29	24
	30	26
	31	28
	32	30
	34	32
	35	33
	36	33
	37	33
	39	35
	40	36
	41	36
	42	36
	44	38
	45	39
	46	39
	47	39
	49	41
	50	42
	51	42
	52	42
	55	44
net/minecraft/client/renderer/gizmos/DrawableGizmoPrimitives	84	63
	14	13
	15	14
	16	15
	19	18
	83	62
	20	18
	84	63
	22	18
	28	22
	29	23
	30	24
	34	27
	35	28
	36	29
	40	32
	41	33
	42	34
	46	37
	47	38
	48	39
	52	42
	53	43
	54	44
	57	47
	58	51
	60	48
	61	49
	62	51
net/minecraft/client/renderer/gizmos/package-info	0	0
com/mojang/blaze3d/buffers/GpuFence	0	0
net/minecraft/client/model/geom/package-info	0	0
net/minecraft/client/renderer/entity/HorseRenderer	66	94
	64	92
	65	93
	66	94
	19	19
	20	22
	21	26
	22	30
	23	35
	24	39
	25	43
	26	47
	30	54
	32	55
	33	56
	35	61
	36	62
	40	67
	42	72
	43	73
	47	78
	51	81
	52	82
	57	86
	62	90
	63	91
net/minecraft/client/gui/layouts/HeaderAndFooterLayout	152	142
	128	118
	132	122
	136	126
	137	127
	140	130
	144	134
	148	138
	152	142
	25	21
	26	22
	29	25
	30	26
	33	29
	34	30
	35	31
	36	32
	37	33
	38	34
	43	38
	48	42
	52	46
	57	51
	62	56
	67	61
	71	65
	75	69
	76	70
	79	73
	80	74
	83	77
	87	81
	92	86
	93	87
	94	88
	95	89
	99	93
	100	94
	101	95
	102	96
	106	100
	107	101
	109	102
	110	103
	111	104
	112	105
	114	106
	115	107
	116	108
	117	109
	119	110
	120	111
	122	112
	123	113
	124	114
	125	115
net/minecraft/client/model/monster/zombie/BabyDrownedModel	14	13
	10	9
	11	10
	14	13
net/minecraft/client/renderer/rendertype/OutputTarget	34	28
	32	13
	16	19
	34	14
	19	22
	20	23
	25	28
	28	11
	30	12
	14	17
	15	18
net/minecraft/client/renderer/item/properties/conditional/ComponentMatches	24	27
	19	22
	24	27
	13	14
	14	15
	15	15
com/mojang/blaze3d/opengl/GlStateManager	636	658
	514	536
	515	537
	516	538
	519	541
	520	542
	521	543
	524	546
	525	547
	526	548
	529	551
	530	552
	531	553
	534	556
	23	20
	535	557
	24	21
	25	22
	26	23
	539	561
	28	24
	541	563
	543	565
	546	568
	547	569
	38	33
	551	573
	40	35
	552	574
	556	578
	557	579
	46	593
	47	594
	48	595
	561	583
	562	584
	51	40
	52	41
	53	42
	566	588
	567	589
	56	45
	568	590
	57	46
	58	47
	61	50
	62	51
	63	52
	576	598
	577	599
	66	55
	578	600
	67	56
	579	601
	68	57
	580	602
	581	603
	582	604
	71	60
	72	61
	73	62
	586	646
	587	647
	76	65
	588	648
	77	66
	78	67
	79	68
	592	642
	81	70
	84	73
	596	652
	85	74
	86	75
	87	76
	89	78
	602	637
	603	638
	92	81
	93	82
	94	83
	607	658
	97	86
	98	87
	99	88
	102	91
	615	612
	104	92
	616	613
	105	93
	106	94
	107	95
	619	616
	108	96
	620	617
	109	97
	110	98
	623	620
	112	100
	624	621
	115	103
	627	624
	628	625
	117	104
	629	626
	118	105
	630	627
	119	106
	631	628
	120	107
	121	108
	633	630
	123	110
	636	633
	126	113
	127	114
	131	118
	132	119
	133	120
	136	123
	137	124
	138	125
	141	128
	142	129
	146	133
	150	134
	151	135
	152	136
	153	137
	154	138
	156	140
	157	141
	158	142
	159	143
	161	145
	162	147
	166	150
	167	151
	168	152
	171	155
	172	156
	176	160
	177	161
	178	162
	181	165
	182	166
	186	170
	187	171
	188	172
	191	175
	192	176
	193	177
	196	180
	197	181
	201	185
	202	186
	203	187
	206	190
	207	191
	208	192
	212	195
	213	196
	214	197
	217	200
	218	201
	219	202
	223	206
	224	207
	228	211
	229	212
	230	213
	233	216
	234	217
	235	218
	238	221
	239	222
	240	223
	243	226
	244	227
	245	228
	248	231
	249	232
	250	233
	253	236
	254	237
	258	241
	259	242
	260	243
	263	246
	264	247
	265	248
	266	249
	267	250
	270	253
	271	254
	272	255
	274	258
	275	259
	276	260
	278	262
	281	265
	282	266
	284	268
	285	268
	287	268
	291	284
	292	285
	293	286
	296	289
	297	290
	298	291
	299	292
	301	295
	302	296
	304	298
	307	301
	309	302
	313	306
	315	307
	316	308
	319	311
	320	312
	321	313
	324	316
	325	317
	326	318
	329	321
	330	322
	334	326
	335	327
	339	331
	340	332
	341	333
	344	336
	345	337
	346	338
	349	341
	350	342
	351	343
	354	346
	355	347
	356	348
	359	351
	360	352
	361	353
	364	356
	365	357
	366	358
	367	359
	368	360
	370	362
	373	365
	374	366
	375	367
	378	370
	379	371
	380	372
	383	375
	384	376
	385	377
	386	378
	388	380
	391	383
	392	384
	393	385
	394	386
	396	388
	399	391
	400	392
	401	393
	404	396
	408	400
	409	401
	410	402
	411	403
	415	407
	416	408
	417	410
	418	411
	419	412
	422	416
	423	417
	424	418
	427	421
	428	422
	429	423
	430	424
	432	426
	435	439
	436	440
	437	441
	440	454
	441	455
	442	456
	445	469
	446	470
	447	471
	450	474
	451	475
	454	478
	455	480
	456	481
	457	482
	458	483
	461	486
	464	489
	465	490
	466	491
	467	492
	469	494
	472	497
	473	498
	475	499
	476	500
	478	502
	481	505
	482	506
	484	507
	485	508
	487	510
	490	513
	491	514
	493	515
	494	516
	496	518
	499	521
	500	522
	501	523
	504	526
	505	527
	506	528
	509	531
	510	532
	511	533
net/minecraft/client/renderer/feature/TextFeatureRenderer	65	64
	32	31
	33	32
	65	64
	34	33
	37	36
	46	45
	15	13
	47	46
	48	47
	19	17
	20	18
	21	20
	22	21
	23	22
	24	23
	25	24
	26	25
	27	26
	29	28
	30	29
	31	30
net/minecraft/client/renderer/entity/FireworkEntityRenderer	50	46
	33	33
	35	34
	37	35
	38	36
	42	39
	47	43
	48	44
	49	45
	18	18
	50	46
	19	19
	20	20
	24	25
	25	26
	27	27
	28	28
	29	29
	30	30
net/minecraft/client/resources/model/SimpleModelWrapper	66	62
	32	26
	33	27
	34	28
	66	62
	36	29
	37	30
	38	31
	39	32
	42	34
	46	39
	47	41
	48	42
	49	43
	50	44
	51	45
	53	48
	56	52
	26	21
	29	24
	61	57
	31	25
com/mojang/blaze3d/vulkan/checkpoints/AbstractCheckpointStorage	53	52
	32	30
	33	31
	34	32
	38	36
	39	37
	40	38
	41	39
	46	44
	47	45
	48	46
	49	47
	53	52
	22	19
	23	20
	24	21
	25	23
	26	24
	28	26
net/minecraft/client/gui/font/PlayerGlyphProvider	117	113
	64	68
	77	69
	78	70
	23	21
	91	72
	94	91
	31	28
	95	92
	32	29
	96	93
	97	94
	34	30
	99	95
	100	96
	37	34
	101	97
	102	98
	103	99
	42	41
	107	103
	112	108
	49	50
	50	51
	53	54
	117	113
	59	64
	60	65
	61	66
	62	67
net/minecraft/client/model/monster/zombie/BabyZombieModel	59	43
	16	14
	17	15
	20	18
	21	19
	23	20
	24	20
	25	20
	26	20
	28	21
	29	23
	30	24
	31	26
	32	28
	34	30
	35	30
	38	31
	39	32
	40	32
	41	32
	43	34
	44	35
	45	35
	46	35
	48	37
	49	38
	50	38
	51	38
	53	40
	54	41
	55	41
	56	41
	59	43
net/minecraft/client/renderer/fog/FogRenderer	231	218
	38	35
	39	35
	40	35
	41	35
	42	35
	43	35
	44	35
	45	35
	52	36
	61	44
	66	49
	67	50
	69	52
	70	53
	71	54
	72	55
	76	58
	77	59
	81	63
	82	64
	83	65
	86	68
	87	69
	90	72
	91	73
	93	76
	94	77
	95	78
	100	85
	101	86
	103	87
	104	88
	105	90
	106	91
	107	92
	108	93
	110	96
	111	97
	116	102
	117	103
	120	106
	122	107
	123	108
	124	109
	125	110
	126	111
	129	114
	130	115
	131	116
	133	117
	134	118
	135	119
	136	120
	137	121
	140	124
	141	125
	142	126
	143	127
	147	131
	148	132
	149	133
	151	135
	153	137
	154	138
	156	140
	159	143
	161	144
	162	145
	163	146
	166	147
	167	148
	169	149
	170	150
	172	151
	173	152
	176	155
	177	156
	180	159
	184	165
	185	166
	187	167
	188	168
	189	169
	191	170
	193	172
	194	173
	195	174
	196	175
	200	179
	201	180
	202	181
	204	182
	208	186
	209	187
	211	191
	214	194
	215	195
	216	195
	218	195
	222	209
	223	210
	224	211
	225	212
	226	213
	227	214
	228	215
	229	216
	230	217
	231	218
net/minecraft/client/gui/screens/worldselection/FileFixerProgressScreen	128	112
	128	112
	17	18
	23	23
	24	24
	25	25
	29	29
	30	30
	31	31
	32	32
	33	33
	34	34
	35	35
	39	39
	44	44
	46	45
	47	46
	48	47
	50	48
	52	49
	53	50
	54	51
	56	53
	58	55
	61	58
	62	59
	65	62
	66	63
	67	64
	69	65
	70	66
	72	67
	73	68
	75	69
	76	70
	78	71
	79	72
	81	73
	82	74
	84	75
	85	76
	86	77
	89	80
	90	81
	91	82
	93	83
	94	84
	95	85
	98	88
	99	89
	100	90
	102	92
	105	95
	106	96
	107	97
	110	100
	112	101
	113	101
	116	102
	117	102
	119	103
	122	106
	123	107
	126	110
	127	111
net/minecraft/client/gui/screens/inventory/BeaconScreen	309	307
	256	301
	257	302
	258	303
	260	305
	262	307
	269	277
	270	278
	271	279
	272	280
	276	284
	277	285
	282	156
	283	157
	287	161
	288	164
	289	165
	34	32
	35	33
	36	34
	37	35
	293	169
	38	36
	294	170
	39	37
	40	38
	41	39
	42	40
	299	141
	300	142
	304	146
	49	46
	305	147
	51	47
	309	151
	54	49
	58	52
	59	53
	60	54
	62	56
	65	59
	66	60
	67	61
	71	65
	73	66
	75	68
	76	69
	77	70
	79	72
	80	73
	81	75
	82	77
	83	78
	86	82
	88	83
	89	84
	91	86
	92	87
	93	89
	94	91
	95	92
	99	95
	100	97
	101	99
	102	100
	104	101
	105	102
	106	103
	110	107
	111	108
	112	109
	115	112
	116	113
	117	114
	121	118
	122	119
	123	120
	127	124
	128	125
	129	126
	130	127
	131	128
	132	129
	133	130
	134	131
	135	132
	136	133
	146	233
	147	234
	150	237
	151	238
	156	243
	157	244
	158	245
	159	246
	160	247
	161	248
	163	250
	166	253
	167	254
	168	255
	173	260
	177	264
	178	265
	182	269
	183	270
	193	180
	194	181
	195	182
	196	183
	197	184
	200	187
	201	188
	202	189
	203	190
	206	193
	211	198
	212	210
	215	199
	216	200
	217	201
	218	202
	221	205
	223	208
	224	210
	228	214
	229	215
	233	219
	234	220
	235	221
	239	225
	245	290
	246	291
	250	295
	255	300
net/minecraft/client/resources/LegacyStuffWrapper	17	16
	17	16
	14	13
	15	14
net/minecraft/client/resources/sounds/AbstractTickableSoundInstance	23	22
	16	16
	20	20
	22	21
	23	22
	11	11
	12	12
net/minecraft/client/gui/screens/AccessibilityOnboardingScreen	183	177
	128	122
	130	125
	131	126
	132	127
	136	131
	138	132
	140	133
	141	134
	144	137
	145	138
	146	139
	147	140
	148	141
	149	142
	151	144
	152	145
	154	148
	157	151
	30	29
	158	152
	31	30
	159	153
	160	154
	161	155
	162	156
	164	158
	165	159
	167	162
	170	165
	171	166
	174	169
	175	170
	176	171
	177	172
	179	173
	180	174
	183	177
	56	48
	57	49
	58	50
	59	51
	60	52
	61	53
	62	54
	66	58
	67	59
	69	60
	71	61
	72	62
	73	63
	74	64
	75	65
	76	66
	77	67
	79	70
	80	71
	81	72
	82	73
	83	74
	85	76
	86	79
	88	82
	90	83
	91	84
	92	85
	96	89
	97	90
	99	93
	100	94
	104	98
	105	99
	107	101
	109	103
	112	106
	117	111
	118	112
	120	114
	123	117
	124	118
	127	121
net/minecraft/client/renderer/special/SpecialModelRenderers	27	35
	11	17
	14	20
	15	21
	16	22
	17	23
	18	24
	19	25
	20	28
	21	29
	22	30
	23	31
	24	32
	25	33
	26	34
	27	35
net/minecraft/client/renderer/entity/state/TurtleRenderState	0	0
net/minecraft/client/renderer/blockentity/state/BedRenderState	9	9
	8	8
	9	9
com/mojang/blaze3d/systems/RenderPass	321	380
	257	292
	258	293
	261	296
	262	297
	264	300
	265	301
	267	304
	268	305
	270	308
	271	309
	273	312
	274	313
	277	316
	278	317
	280	320
	281	321
	283	324
	284	325
	286	328
	287	329
	289	332
	290	333
	292	336
	293	337
	39	41
	295	340
	40	42
	296	341
	41	43
	42	44
	43	45
	44	46
	300	345
	45	47
	301	346
	46	48
	302	347
	303	348
	49	51
	305	351
	50	52
	307	353
	52	55
	53	56
	54	57
	57	60
	58	61
	315	374
	60	64
	316	375
	61	65
	63	68
	64	69
	65	70
	321	380
	68	73
	69	76
	71	74
	72	78
	75	81
	76	82
	77	83
	79	86
	80	87
	81	88
	84	89
	85	90
	86	91
	89	96
	90	97
	93	100
	94	101
	97	104
	98	105
	101	108
	102	109
	103	110
	105	113
	106	114
	109	117
	110	129
	112	118
	113	125
	115	122
	116	131
	119	134
	120	135
	123	138
	124	139
	126	142
	127	143
	129	146
	130	147
	132	150
	133	151
	136	154
	137	155
	149	158
	150	159
	152	162
	153	163
	155	166
	156	167
	159	170
	160	171
	162	174
	163	175
	165	178
	166	179
	168	182
	169	183
	171	186
	172	187
	174	190
	175	191
	178	194
	179	195
	181	198
	182	199
	184	202
	185	203
	187	206
	188	207
	190	210
	191	211
	193	214
	194	215
	197	218
	198	219
	200	222
	201	223
	203	226
	204	227
	206	230
	207	231
	209	234
	210	235
	212	238
	213	239
	215	242
	216	243
	219	252
	220	253
	222	256
	223	257
	232	260
	233	261
	235	264
	236	265
	238	268
	239	269
	242	272
	243	273
	245	276
	246	277
	248	280
	249	281
	251	284
	252	285
	254	288
	255	289
net/minecraft/client/telemetry/package-info	0	0
com/mojang/blaze3d/package-info	0	0
net/minecraft/client/renderer/state/level/WorldBorderRenderState	29	29
	18	19
	24	24
	28	28
	29	29
com/mojang/realmsclient/util/task/SwitchMinigameTask	56	57
	32	31
	35	34
	36	35
	39	38
	40	39
	41	40
	43	43
	12	12
	44	44
	45	45
	14	13
	46	46
	48	49
	49	50
	52	53
	21	19
	22	20
	23	21
	24	22
	56	57
	28	26
	29	28
	31	30
net/minecraft/client/renderer/state/gui/GuiTextRenderState	53	63
	32	41
	33	42
	34	43
	35	44
	36	45
	39	48
	40	49
	41	50
	42	51
	43	52
	44	53
	47	57
	52	62
	53	63
	26	35
	27	36
	28	37
	29	38
	30	39
	31	40
net/minecraft/client/gui/components/LockIconButton	57	61
	33	38
	34	39
	35	40
	36	41
	38	43
	41	46
	42	47
	45	50
	14	14
	46	51
	15	15
	47	52
	48	53
	49	54
	50	55
	19	22
	23	28
	56	60
	57	61
	27	32
	28	33
net/minecraft/client/model/animal/llama/BabyLlamaModel	67	55
	64	53
	67	55
	15	13
	16	14
	19	17
	20	18
	22	19
	23	21
	24	22
	25	24
	26	26
	27	28
	28	30
	30	32
	31	33
	32	33
	33	33
	35	35
	36	36
	37	36
	38	36
	40	38
	41	39
	42	39
	43	39
	45	41
	46	42
	47	42
	48	42
	50	44
	51	44
	52	44
	53	44
	56	45
	57	47
	58	47
	59	48
	61	50
	62	52
	63	52
net/minecraft/client/renderer/entity/PigRenderer	68	73
	32	35
	65	70
	66	71
	35	39
	67	72
	68	73
	38	43
	39	45
	40	47
	46	53
	47	57
	49	54
	50	55
	51	57
	55	60
	27	27
	28	28
	60	66
	29	29
	31	34
net/minecraft/client/gui/font/AtlasGlyphProvider	86	95
	68	78
	69	79
	70	80
	71	81
	73	82
	74	83
	75	84
	76	85
	77	86
	81	90
	22	21
	86	95
	33	29
	34	30
	35	31
	36	32
	38	33
	39	34
	40	35
	41	35
	43	35
	45	37
	48	40
	52	44
	55	48
	60	56
net/minecraft/client/resources/sounds/DirectionalSoundInstance	33	35
	32	34
	33	35
	15	17
	16	18
	17	19
	18	20
	19	21
	20	22
	23	25
	24	26
	25	27
	26	28
	27	29
	28	30
net/minecraft/client/model/monster/witch/WitchModel	108	90
	27	26
	28	27
	29	28
	30	29
	31	30
	32	31
	33	32
	36	35
	37	36
	39	37
	40	37
	41	37
	44	38
	45	39
	46	39
	47	39
	49	41
	50	43
	51	43
	52	44
	54	46
	55	48
	56	48
	57	49
	59	51
	60	53
	61	53
	62	54
	65	56
	66	57
	67	58
	68	58
	69	58
	72	60
	77	64
	79	65
	80	66
	82	67
	83	68
	85	69
	86	70
	87	71
	89	72
	90	73
	91	74
	93	76
	96	79
	101	84
	106	88
	107	89
	108	90
net/minecraft/client/model/object/boat/package-info	0	0
net/minecraft/client/particle/NoxiousGasCloudParticle	51	56
	33	31
	36	34
	38	35
	39	36
	41	37
	45	41
	46	42
	17	17
	18	18
	19	19
	51	56
	23	23
	24	24
	25	31
	28	25
	29	26
	30	27
	31	28
com/mojang/blaze3d/buffers/GpuBufferSlice	24	24
	17	17
	23	23
	24	24
	9	7
	10	11
	12	8
net/minecraft/client/renderer/entity/layers/HumanoidArmorLayer	67	88
	67	88
	22	24
	23	25
	26	30
	27	31
	28	32
	29	33
	30	34
	33	37
	34	38
	38	42
	43	48
	44	49
	45	50
	46	51
	47	52
	50	62
	51	63
	52	81
	55	64
	57	65
	58	67
	59	68
	60	81
	63	84
net/minecraft/client/renderer/entity/layers/WolfArmorLayer	59	87
	35	40
	36	41
	37	42
	38	43
	42	53
	43	54
	44	55
	45	70
	48	56
	49	68
	50	70
	53	80
	54	81
	55	87
	57	82
	58	83
	59	87
	28	28
	29	30
	30	32
	31	34
net/minecraft/client/renderer/entity/layers/VillagerProfessionLayer	114	104
	65	60
	66	61
	68	62
	69	63
	71	64
	73	65
	75	66
	78	68
	79	69
	81	70
	82	71
	83	72
	84	73
	85	74
	86	77
	89	82
	92	85
	31	30
	32	31
	96	89
	33	32
	34	33
	35	34
	36	35
	100	95
	37	36
	101	96
	102	97
	105	98
	108	98
	110	100
	111	101
	48	47
	112	102
	49	48
	50	49
	114	104
	51	50
	52	51
	53	52
	57	57
	58	82
	61	58
	62	59
	63	82
com/mojang/blaze3d/vulkan/glsl/SpvVariable	0	0
net/minecraft/client/renderer/texture/AbstractTexture	47	50
	33	34
	34	35
	36	37
	40	42
	41	43
	43	45
	14	14
	47	50
	18	18
	19	19
	22	22
	23	23
	24	24
	26	27
	27	28
	28	29
	30	31
net/minecraft/client/renderer/fog/environment/WaterFogEnvironment	33	34
	16	16
	17	17
	33	34
	18	18
	19	19
	20	20
	22	23
	23	24
	24	25
	28	29
net/minecraft/client/player/KeyboardInput	37	36
	34	33
	35	34
	36	35
	37	36
	11	11
	12	12
	15	15
	16	16
	19	18
	24	24
	25	25
	26	26
	27	27
	28	28
	29	29
	30	30
	31	31
com/mojang/blaze3d/systems/BackendCreationException	49	46
	35	10
	36	11
	37	12
	38	13
	8	28
	41	16
	9	29
	42	17
	10	30
	11	31
	12	32
	45	20
	13	33
	14	34
	15	35
	16	36
	49	24
	17	37
	23	42
	24	43
	27	46
net/minecraft/client/renderer/item/SpecialModelWrapper	103	109
	70	74
	71	76
	72	77
	73	78
	74	80
	78	85
	79	86
	83	90
	85	91
	86	92
	87	93
	89	96
	90	97
	94	101
	96	102
	33	33
	97	103
	34	34
	98	104
	36	35
	37	36
	38	37
	39	38
	103	109
	41	40
	42	41
	46	53
	47	54
	48	55
	49	56
	50	57
	51	58
	52	59
	55	62
	56	63
	57	64
	58	65
	59	66
	60	67
	62	70
	63	71
com/mojang/realmsclient/dto/ReflectionBasedSerialization	0	0
net/minecraft/client/gui/screens/inventory/BookViewScreen	292	308
	256	221
	257	222
	258	223
	259	224
	263	228
	267	232
	268	233
	271	236
	273	237
	274	243
	275	248
	276	273
	279	274
	281	277
	284	256
	288	284
	292	288
	43	40
	45	41
	49	293
	53	297
	54	297
	56	297
	60	301
	61	302
	62	303
	63	304
	65	307
	66	308
	67	308
	69	308
	73	42
	75	43
	100	62
	101	63
	104	66
	105	54
	108	70
	109	71
	110	72
	111	73
	114	76
	115	77
	116	78
	117	79
	118	80
	121	83
	122	84
	123	85
	124	86
	125	87
	126	88
	128	90
	132	95
	137	100
	138	101
	139	102
	143	106
	147	110
	151	115
	152	117
	155	120
	156	121
	158	122
	159	123
	161	124
	162	125
	165	128
	169	132
	170	133
	172	136
	173	137
	176	140
	177	141
	179	144
	180	145
	183	148
	184	149
	185	150
	189	154
	190	155
	193	158
	195	160
	196	161
	199	164
	200	165
	202	167
	208	173
	209	174
	210	175
	213	178
	214	179
	215	180
	216	181
	217	182
	220	185
	221	186
	223	187
	224	188
	227	191
	228	193
	229	194
	230	195
	232	197
	236	201
	237	202
	238	203
	241	206
	245	210
	249	214
	254	219
	255	220
net/minecraft/client/particle/SingleQuadParticle	148	190
	130	141
	134	169
	135	172
	136	174
	137	176
	138	178
	139	180
	142	184
	143	185
	144	186
	145	187
	146	188
	19	161
	148	190
	21	162
	36	27
	37	28
	38	29
	39	30
	42	35
	43	36
	44	37
	45	38
	48	41
	52	45
	53	46
	54	47
	55	48
	58	51
	59	52
	62	57
	64	58
	65	59
	66	60
	68	61
	69	62
	72	67
	73	84
	76	87
	81	92
	82	93
	87	98
	91	102
	92	103
	94	105
	97	108
	98	109
	101	112
	105	116
	109	120
	113	124
	119	130
	120	131
	121	132
	122	133
	125	136
	126	137
net/minecraft/client/quickplay/package-info	0	0
net/minecraft/client/renderer/block/LoadedBlockModels	43	52
	32	36
	33	37
	37	52
	38	44
	39	46
	41	48
	42	49
	43	50
	29	33
	30	34
	31	35
net/minecraft/client/gui/narration/ScreenNarrationCollector	78	79
	65	46
	66	47
	70	51
	71	52
	72	53
	73	54
	74	55
	11	11
	77	58
	78	59
	17	67
	18	68
	22	73
	23	75
	27	79
	32	15
	34	16
	35	17
	38	20
	39	21
	44	25
	45	26
	47	29
	48	30
	49	31
	52	33
	53	34
	54	35
	55	36
	57	38
	58	39
net/minecraft/client/gui/components/SubtitleOverlay	207	185
	33	30
	34	31
	37	34
	38	35
	39	36
	40	37
	41	38
	42	39
	43	40
	46	43
	47	114
	50	44
	51	45
	52	46
	53	47
	55	48
	56	50
	57	51
	58	52
	62	56
	63	114
	66	57
	67	58
	69	59
	71	60
	72	63
	73	64
	74	65
	75	66
	77	68
	81	72
	83	73
	84	74
	87	77
	88	78
	89	79
	91	80
	93	81
	97	82
	98	83
	99	84
	100	85
	102	86
	103	87
	104	88
	105	89
	106	90
	107	92
	109	94
	110	95
	111	96
	113	97
	115	98
	116	99
	117	100
	118	101
	119	102
	120	103
	123	107
	124	108
	125	109
	127	114
	131	118
	132	131
	134	119
	135	120
	136	121
	137	122
	138	123
	139	124
	144	129
	145	131
	155	142
	156	143
	157	144
	158	145
	161	148
	165	152
	166	153
	169	155
	170	156
	173	157
	174	157
	175	157
	179	162
	180	163
	181	164
	184	167
	185	168
	188	171
	189	172
	192	175
	194	176
	195	176
	198	176
	202	180
	203	181
	204	182
	207	185
net/minecraft/client/renderer/state/gui/pip/OversizedItemRenderState	28	26
	18	16
	23	21
	28	26
	13	11
net/minecraft/client/renderer/BiomeColors	31	31
	19	19
	23	23
	10	10
	11	11
	27	27
	12	12
	15	15
	31	31
net/minecraft/client/renderer/entity/FallingBlockRenderer	62	53
	16	17
	17	18
	18	19
	22	22
	23	22
	25	22
	30	28
	31	29
	32	36
	35	30
	36	31
	37	32
	38	33
	40	34
	41	36
	45	39
	50	43
	53	44
	54	45
	55	46
	56	47
	57	48
	58	49
	59	50
	60	51
	62	53
com/mojang/realmsclient/dto/RealmsSlot	52	46
	35	32
	51	45
	52	46
	39	36
	25	22
	26	23
	27	24
	28	25
	46	41
	31	28
	47	42
net/minecraft/client/NarratorStatus	48	46
	32	30
	36	34
	40	38
	10	10
	11	11
	12	12
	44	42
	13	13
	16	15
	48	46
	17	16
	23	21
	24	22
	25	23
	28	26
net/minecraft/client/gui/screens/inventory/tooltip/MenuTooltipPositioner	45	41
	32	29
	33	30
	35	31
	38	33
	40	36
	44	40
	45	41
	16	16
	17	17
	21	21
	23	22
	24	23
	27	26
	29	27
	31	28
net/minecraft/client/model/animal/fish/SalmonModel	89	70
	16	15
	17	16
	26	23
	27	24
	28	25
	31	28
	32	29
	34	30
	35	31
	36	32
	37	32
	38	32
	40	34
	41	35
	42	35
	43	35
	45	37
	46	37
	47	37
	48	37
	50	38
	51	39
	52	39
	53	39
	55	41
	56	42
	57	42
	58	42
	60	44
	61	45
	62	45
	63	45
	65	47
	66	49
	67	49
	68	50
	70	52
	71	54
	72	54
	73	55
	76	57
	81	61
	82	62
	83	63
	84	64
	85	65
	86	66
	88	69
	89	70
net/minecraft/client/model/geom/builders/MeshDefinition	28	27
	16	15
	17	16
	20	19
	24	23
	12	11
	28	27
	13	12
net/minecraft/client/gui/ComponentPath	58	58
	36	47
	37	48
	39	50
	9	9
	41	53
	42	54
	13	13
	14	13
	46	58
	16	13
	20	17
	21	19
	53	35
	22	20
	54	36
	24	23
	58	40
com/mojang/blaze3d/systems/TracyGpuProfiler	75	70
	66	58
	70	65
	73	68
	74	69
	75	70
	20	16
	21	17
	23	18
	24	19
	27	22
	28	23
	31	26
	32	27
	33	28
	34	29
	37	32
	38	33
	39	34
	40	35
	43	38
	45	39
	46	41
	47	42
	48	43
	49	47
	50	48
	53	44
	57	52
	58	53
	59	55
	60	56
	61	57
	62	61
	63	62
com/mojang/realmsclient/gui/package-info	0	0
net/minecraft/client/gui/screens/inventory/tooltip/package-info	0	0
net/minecraft/client/renderer/LevelEventHandler	435	602
	62	59
	63	60
	64	61
	67	64
	69	68
	70	69
	72	70
	74	71
	75	72
	76	73
	77	74
	78	75
	80	77
	85	81
	88	84
	89	85
	90	171
	91	165
	92	168
	93	162
	94	90
	95	87
	96	207
	97	210
	98	96
	99	93
	100	213
	101	358
	102	257
	105	301
	106	302
	107	303
	109	304
	110	306
	111	307
	113	310
	114	311
	115	313
	120	270
	122	271
	123	273
	124	274
	127	280
	128	281
	129	282
	131	283
	132	285
	133	286
	134	287
	135	288
	136	289
	137	290
	139	291
	140	293
	141	295
	143	298
	144	299
	146	260
	147	261
	148	262
	149	263
	151	266
	152	267
	154	470
	155	471
	156	472
	158	475
	159	476
	161	318
	162	319
	163	320
	164	321
	166	322
	167	323
	170	481
	172	484
	173	486
	174	487
	176	551
	177	553
	180	489
	181	491
	182	492
	184	533
	185	535
	186	536
	188	538
	189	547
	190	548
	191	549
	193	494
	194	496
	195	497
	196	511
	198	499
	199	501
	200	503
	204	507
	205	508
	206	509
	208	514
	209	515
	210	516
	211	517
	212	518
	214	530
	215	531
	217	253
	218	254
	219	255
	220	361
	221	364
	222	478
	224	378
	225	379
	227	381
	230	367
	232	395
	233	396
	235	397
	236	398
	237	399
	238	400
	240	403
	241	404
	242	405
	243	406
	244	407
	245	407
	246	407
	248	409
	249	410
	250	411
	251	412
	252	414
	255	418
	256	419
	257	420
	258	421
	262	425
	263	426
	264	427
	265	428
	266	429
	267	431
	268	432
	269	433
	270	434
	271	436
	273	438
	280	449
	281	450
	283	453
	284	454
	286	455
	287	456
	291	385
	292	386
	293	387
	294	389
	295	392
	296	350
	297	219
	298	250
	300	222
	301	224
	302	225
	306	229
	307	232
	308	233
	309	234
	310	235
	312	236
	316	240
	317	242
	318	243
	319	244
	320	245
	322	246
	326	327
	327	328
	328	329
	329	330
	330	331
	331	332
	333	333
	336	345
	337	346
	341	353
	342	354
	346	99
	347	100
	348	101
	349	102
	352	153
	353	156
	354	191
	355	159
	356	174
	357	107
	358	110
	359	113
	360	119
	361	116
	362	125
	363	137
	364	133
	365	129
	366	122
	367	140
	368	146
	369	149
	370	177
	371	181
	372	143
	373	185
	374	188
	376	370
	377	371
	378	373
	379	375
	380	194
	381	197
	382	200
	383	203
	384	216
	386	555
	389	558
	390	559
	391	560
	392	561
	394	563
	395	564
	396	565
	397	566
	398	567
	399	568
	400	569
	401	570
	402	571
	404	573
	407	576
	409	577
	410	578
	411	579
	412	580
	413	581
	414	582
	415	583
	416	584
	419	587
	420	588
	421	589
	423	591
	426	594
	427	595
	428	596
	431	599
	432	599
	433	600
	435	602
net/minecraft/client/gui/components/debugchart/BandwidthDebugChart	71	68
	33	30
	34	31
	67	64
	37	34
	38	35
	39	36
	71	68
	43	40
	47	44
	48	45
	50	47
	51	48
	21	18
	53	49
	22	19
	26	23
	58	55
	27	24
	28	25
	29	26
	30	27
	62	59
net/minecraft/client/resources/sounds/TickableSoundInstance	0	0
com/mojang/realmsclient/gui/screens/RealmsLongRunningMcoConnectTaskScreen	67	65
	65	63
	66	64
	67	65
	23	22
	24	23
	25	24
	26	25
	30	29
	31	30
	32	44
	35	31
	36	33
	37	35
	38	36
	39	39
	40	40
	42	41
	43	42
	44	44
	48	48
	50	49
	51	50
	53	51
	54	52
	55	53
	59	57
	60	58
	61	59
net/minecraft/client/resources/metadata/gui/package-info	0	0
net/minecraft/client/model/monster/slime/MagmaCubeModel	62	54
	19	18
	20	19
	21	20
	24	23
	28	27
	29	28
	31	30
	32	31
	33	32
	34	33
	35	34
	36	35
	37	36
	38	37
	40	40
	41	40
	42	40
	47	43
	48	43
	49	43
	52	44
	57	48
	58	49
	59	51
	60	52
	62	54
net/minecraft/client/gui/components/WidgetSprites	22	22
	16	16
	19	19
	20	20
	22	22
	7	7
	8	8
	11	11
	12	12
	15	15
net/minecraft/client/model/animal/wolf/BabyWolfModel	86	68
	17	14
	18	15
	21	18
	22	19
	24	20
	25	23
	26	25
	27	27
	29	29
	30	30
	31	30
	33	32
	34	33
	35	33
	36	33
	38	35
	39	35
	40	35
	41	35
	43	36
	44	37
	45	37
	46	37
	48	39
	49	40
	50	40
	51	40
	53	42
	54	43
	55	43
	56	43
	58	45
	59	46
	60	46
	61	46
	64	48
	65	48
	67	49
	68	51
	69	51
	70	52
	72	54
	77	59
	78	60
	79	61
	80	62
	84	66
	85	67
	86	68
net/minecraft/client/gui/spectator/categories/TeleportToTeamMenuCategory	125	121
	64	62
	65	63
	69	67
	78	76
	79	77
	80	78
	81	79
	84	82
	85	84
	86	85
	89	86
	90	87
	27	26
	28	27
	29	28
	94	91
	95	92
	34	32
	98	95
	35	33
	99	96
	36	34
	39	37
	104	101
	105	102
	44	42
	109	106
	49	47
	114	111
	116	112
	117	113
	54	52
	55	53
	120	116
	121	117
	59	57
	125	121
net/minecraft/client/renderer/entity/state/ArmadilloRenderState	0	0
com/mojang/realmsclient/dto/WorldTemplatePaginatedList	60	47
	35	20
	39	24
	40	25
	41	26
	42	27
	44	30
	45	31
	46	32
	47	33
	48	34
	49	35
	21	13
	54	40
	55	41
	24	16
	56	42
	25	16
	57	43
	58	44
	60	47
	30	17
net/minecraft/client/CommandHistory	57	55
	33	30
	36	33
	37	34
	38	35
	40	38
	41	39
	43	41
	46	44
	47	45
	16	15
	48	46
	49	47
	51	49
	52	50
	54	52
	25	22
	57	55
	26	23
	27	24
	28	25
	29	26
	30	27
net/minecraft/client/quickplay/QuickPlayLog	117	115
	65	56
	66	57
	67	58
	71	61
	72	62
	73	64
	74	65
	76	67
	77	68
	78	69
	79	70
	81	72
	82	73
	83	78
	86	103
	87	104
	88	105
	25	24
	90	107
	28	27
	95	111
	32	31
	96	112
	35	33
	36	34
	100	115
	105	92
	106	94
	43	39
	107	95
	44	40
	108	96
	109	98
	47	43
	48	43
	113	81
	50	43
	114	83
	115	84
	116	85
	117	87
	54	47
	55	48
	58	51
	59	76
	60	78
	63	52
net/minecraft/client/renderer/block/model/BlockModel	0	0
net/minecraft/client/gui/screens/inventory/NautilusInventoryScreen	40	40
	16	16
	35	35
	20	20
	40	40
	25	25
	11	11
	12	12
	30	30
	15	15
net/minecraft/client/renderer/item/properties/numeric/CustomModelDataProperty	32	33
	16	15
	32	33
	20	20
	21	21
	22	22
	23	23
	24	24
	27	28
	14	14
	15	15
net/minecraft/client/gui/screens/inventory/JigsawBlockEditScreen	260	237
	257	234
	258	235
	260	237
	24	23
	25	24
	26	25
	27	26
	28	27
	29	28
	30	29
	31	30
	32	31
	53	47
	54	48
	55	49
	58	52
	59	53
	60	54
	63	57
	64	58
	67	63
	68	65
	69	66
	70	67
	71	68
	72	69
	74	71
	75	72
	77	75
	81	79
	82	80
	83	81
	88	86
	89	86
	93	87
	97	91
	98	92
	102	96
	103	97
	104	98
	105	99
	106	100
	108	101
	109	102
	110	103
	111	104
	112	105
	114	106
	115	107
	116	108
	117	109
	118	110
	120	111
	121	112
	122	113
	123	114
	125	115
	126	116
	127	117
	128	118
	129	119
	131	120
	132	121
	133	122
	134	123
	135	124
	137	125
	138	126
	139	129
	140	130
	142	132
	143	133
	144	134
	146	138
	148	137
	153	142
	154	143
	158	147
	159	148
	162	152
	164	154
	166	155
	167	156
	168	157
	170	159
	171	161
	172	162
	173	163
	177	167
	178	168
	181	171
	185	175
	186	175
	187	175
	188	176
	189	177
	190	178
	194	182
	199	187
	200	188
	201	189
	202	190
	203	191
	204	192
	205	193
	206	194
	208	195
	210	196
	211	197
	212	198
	213	199
	214	200
	215	201
	216	202
	217	203
	218	204
	219	205
	223	209
	224	210
	227	211
	228	212
	229	213
	232	215
	237	221
	239	222
	240	223
	242	224
	243	225
	245	226
	246	227
	248	228
	249	229
	251	230
	252	231
	254	232
	255	233
com/mojang/realmsclient/gui/screens/RealmsConfirmScreen	36	34
	32	31
	18	17
	34	32
	19	18
	35	33
	20	19
	36	34
	21	20
	22	21
	26	25
	27	26
	28	27
com/mojang/realmsclient/RealmsMainScreen	1278	1337
	1026	739
	1027	740
	1028	741
	1030	743
	1034	748
	1035	751
	1036	753
	1037	755
	1038	756
	1039	758
	1040	759
	1041	761
	1045	768
	1046	770
	1056	1095
	1057	1096
	1058	1097
	1060	1099
	1064	1103
	1065	1104
	1066	1105
	1067	1106
	1068	1107
	1069	1108
	1070	1117
	1074	1121
	1079	1197
	1089	1205
	1090	1206
	1091	1207
	1092	1208
	1093	1209
	1094	1210
	1096	1212
	1100	1216
	1101	1217
	1103	1218
	1104	1219
	1105	1241
	1109	1221
	1111	1222
	1112	1223
	1113	1224
	91	93
	1115	1225
	92	94
	1116	1226
	93	95
	1117	1229
	94	96
	1118	1230
	95	97
	96	98
	1120	1241
	97	99
	98	100
	99	101
	1123	1253
	1124	1254
	101	102
	1125	1255
	1126	1256
	103	103
	1127	1257
	1128	1258
	105	104
	1129	1259
	106	105
	107	106
	1131	1261
	108	107
	1132	1262
	109	108
	110	109
	1134	1264
	111	110
	112	111
	113	112
	1137	1267
	114	113
	1138	1269
	115	114
	1139	1270
	116	115
	1140	1271
	117	116
	1141	1272
	118	117
	1142	1273
	119	118
	120	119
	1144	1274
	121	120
	1145	1275
	122	121
	123	122
	124	123
	1149	1279
	1150	1280
	1151	1283
	1154	1287
	1158	1291
	1159	1292
	136	133
	1160	1293
	137	134
	1163	1296
	1164	1297
	1165	1298
	1166	1299
	1170	1303
	1171	1304
	1172	1305
	1173	1305
	1174	1306
	1177	1309
	1182	1314
	1183	1315
	1184	1316
	1185	1317
	1186	1320
	1187	1321
	1188	1322
	1191	1326
	1196	1331
	1197	1332
	1199	1333
	176	160
	177	161
	178	162
	179	163
	1204	1337
	183	167
	185	168
	1209	681
	187	169
	188	171
	1213	685
	190	173
	191	174
	192	175
	193	176
	1217	689
	194	185
	1218	690
	1219	691
	1220	692
	197	177
	1222	693
	199	178
	200	179
	1224	694
	201	180
	1225	695
	202	181
	203	182
	1228	951
	205	185
	1229	951
	1230	952
	207	186
	1231	953
	208	187
	1232	954
	209	188
	1233	955
	1234	956
	211	189
	212	190
	213	191
	215	192
	216	193
	217	196
	218	197
	219	198
	220	199
	1245	964
	1246	965
	223	203
	224	204
	1249	968
	226	205
	227	206
	228	207
	229	208
	1253	972
	1254	973
	231	210
	233	212
	234	213
	1258	977
	1259	978
	1260	979
	237	216
	1262	981
	1265	984
	242	221
	1266	987
	243	222
	244	223
	246	225
	1270	780
	1271	780
	1272	780
	250	229
	251	230
	1276	784
	1277	785
	254	233
	1278	786
	255	234
	257	236
	259	238
	262	241
	263	251
	265	242
	266	243
	268	246
	269	247
	270	248
	271	249
	272	251
	275	254
	276	255
	277	256
	279	257
	280	258
	281	259
	282	260
	284	261
	285	263
	286	266
	287	269
	290	272
	294	276
	296	277
	297	278
	298	279
	299	280
	301	281
	302	282
	304	283
	305	284
	306	285
	308	286
	312	290
	313	291
	315	292
	316	293
	317	294
	318	295
	319	296
	321	299
	322	300
	324	301
	328	305
	329	306
	331	307
	333	308
	335	315
	339	319
	340	320
	341	321
	342	322
	343	323
	344	324
	346	327
	347	328
	348	329
	349	330
	352	333
	356	337
	360	341
	365	346
	367	347
	368	348
	370	350
	373	353
	374	354
	377	357
	378	358
	381	361
	382	362
	384	364
	387	367
	389	368
	390	369
	391	370
	393	371
	395	372
	396	374
	397	375
	398	376
	401	380
	402	381
	403	382
	405	384
	407	385
	408	386
	409	387
	411	389
	412	390
	413	391
	414	392
	415	393
	416	394
	417	395
	423	400
	424	401
	426	403
	428	404
	429	405
	430	406
	431	407
	432	408
	434	410
	436	411
	438	412
	440	413
	441	414
	442	415
	443	416
	444	417
	446	418
	450	422
	451	424
	452	425
	453	426
	457	430
	458	431
	459	432
	460	433
	461	434
	463	436
	470	439
	471	440
	473	442
	474	443
	475	444
	477	446
	478	447
	479	448
	481	450
	484	453
	485	454
	486	455
	487	456
	490	469
	491	460
	492	461
	493	462
	495	462
	499	465
	500	466
	501	467
	503	469
	504	470
	505	471
	506	472
	509	475
	511	477
	512	478
	513	479
	517	483
	521	487
	522	488
	523	489
	524	490
	525	491
	527	493
	529	495
	531	497
	534	500
	535	501
	537	503
	540	506
	541	507
	542	508
	543	508
	546	510
	549	513
	550	513
	552	513
	556	517
	560	521
	561	522
	562	523
	563	524
	564	525
	565	526
	567	528
	568	529
	570	530
	571	531
	574	534
	575	535
	576	536
	578	538
	579	539
	580	540
	581	541
	584	544
	585	545
	586	546
	590	550
	591	551
	592	552
	593	553
	599	559
	601	560
	602	561
	605	564
	606	565
	609	568
	610	570
	611	573
	613	575
	616	578
	617	579
	620	582
	621	583
	624	586
	625	587
	626	588
	627	589
	629	592
	631	594
	632	597
	633	600
	634	601
	637	606
	638	609
	639	610
	640	612
	641	612
	642	614
	644	618
	646	623
	647	626
	648	628
	649	628
	650	631
	651	632
	654	638
	655	640
	656	641
	657	642
	661	646
	664	651
	666	651
	667	651
	668	652
	669	653
	670	654
	671	654
	672	654
	674	655
	677	658
	678	659
	679	660
	680	661
	681	662
	682	663
	683	664
	684	665
	685	666
	689	1127
	690	1128
	694	1131
	695	1132
	696	1133
	700	1137
	704	1141
	705	1142
	707	1144
	708	1145
	709	1146
	710	1147
	712	1148
	716	1152
	717	1153
	720	1158
	721	1159
	722	1160
	723	1161
	724	1162
	725	1163
	727	1165
	730	1168
	731	1169
	734	1172
	736	1174
	737	1175
	740	1179
	742	1181
	744	1184
	745	1185
	746	1186
	749	1189
	753	669
	757	673
	758	673
	760	673
	765	677
	766	677
	768	677
	778	798
	779	799
	780	800
	781	801
	782	802
	783	803
	784	804
	785	805
	786	813
	787	814
	788	816
	789	817
	791	818
	794	822
	795	823
	797	825
	800	830
	801	831
	802	832
	804	834
	807	839
	808	840
	810	841
	811	842
	812	843
	813	844
	814	845
	816	847
	819	850
	820	851
	821	852
	823	853
	824	854
	825	855
	826	856
	827	857
	829	865
	830	866
	832	868
	835	871
	836	872
	837	873
	839	874
	840	875
	841	876
	842	877
	843	878
	845	880
	848	885
	849	894
	851	886
	852	887
	853	888
	854	889
	856	891
	858	894
	861	897
	865	901
	869	905
	870	906
	871	907
	872	908
	873	909
	874	910
	875	911
	877	914
	878	915
	879	916
	881	919
	885	923
	889	927
	893	931
	897	935
	901	939
	920	1006
	921	1007
	922	1008
	923	1009
	924	1010
	925	1011
	926	1016
	927	1017
	928	1020
	930	1026
	932	1029
	933	1032
	934	1033
	935	1034
	939	1038
	940	1039
	942	1041
	943	1041
	945	1041
	949	1046
	950	1047
	951	1048
	952	1049
	954	1051
	957	1054
	958	1055
	959	1056
	960	1057
	961	1058
	964	1061
	969	1066
	970	1067
	971	1068
	972	1069
	976	1073
	977	1074
	979	1076
	980	1076
	983	1076
	987	1081
	992	1086
	997	698
	1004	704
	1005	705
	1006	706
	1010	710
	1012	711
	1013	712
	1014	713
	1015	720
	1016	729
	1020	733
	1021	734
net/minecraft/client/renderer/block/dispatch/multipart/Condition	43	35
	33	31
	34	31
	35	31
	38	32
	39	33
	40	34
	41	35
	43	32
	16	17
	18	19
	20	20
	21	20
	22	22
	24	24
	25	25
	27	28
	28	29
	30	30
net/minecraft/client/gui/screens/DisconnectedScreen	84	83
	65	65
	67	66
	68	67
	69	68
	70	69
	74	73
	75	74
	14	14
	15	15
	79	78
	16	16
	17	17
	84	83
	26	24
	27	25
	30	28
	31	29
	34	32
	35	33
	38	36
	39	37
	40	38
	41	39
	42	40
	46	44
	47	45
	48	46
	50	47
	51	48
	52	51
	55	53
	56	56
	57	57
	60	59
	61	60
	63	62
net/minecraft/client/gui/screens/multiplayer/package-info	0	0
net/minecraft/client/gui/spectator/RootSpectatorMenuCategory	26	25
	16	15
	17	16
	21	20
	26	25
	11	10
	12	11
	15	14
net/minecraft/client/model/animal/frog/package-info	0	0
com/mojang/blaze3d/vulkan/init/VulkanPNextStruct	46	45
	34	33
	39	37
	40	38
	41	39
	43	42
	13	12
	46	45
	17	16
	21	20
	22	21
	23	22
	25	25
	26	26
	28	27
	29	28
	30	29
net/minecraft/client/gui/screens/worldselection/package-info	0	0
net/minecraft/client/renderer/entity/state/TextDisplayEntityRenderState	13	13
	13	13
net/minecraft/client/renderer/entity/state/ItemEntityRenderState	0	0
net/minecraft/client/renderer/blockentity/state/VaultRenderState	0	0
net/minecraft/client/renderer/entity/state/SquidRenderState	0	0
net/minecraft/client/gui/screens/recipebook/CraftingRecipeBookComponent	97	102
	64	60
	65	62
	67	68
	68	69
	69	70
	70	72
	71	74
	72	76
	73	77
	74	79
	75	80
	82	87
	20	21
	21	21
	22	22
	86	91
	23	23
	24	24
	27	26
	91	96
	29	28
	96	101
	97	102
	38	36
	39	37
	43	41
	47	45
	48	46
	50	48
	51	49
	52	49
	53	50
	54	50
	55	51
	61	57
	62	58
	63	59
net/minecraft/client/tutorial/OpenInventoryTutorialStep	52	46
	32	27
	33	27
	34	28
	35	29
	36	30
	39	33
	43	37
	12	11
	44	38
	13	12
	45	39
	47	41
	51	45
	20	18
	52	46
	21	19
	25	23
	27	24
	28	25
	29	33
net/minecraft/client/particle/SuspendedParticle	111	143
	67	84
	70	87
	73	90
	74	91
	75	92
	76	93
	15	13
	16	14
	18	15
	19	16
	20	17
	84	43
	85	44
	22	18
	23	19
	24	20
	89	57
	90	58
	27	25
	91	59
	28	26
	92	60
	93	61
	30	27
	94	62
	31	28
	32	29
	34	30
	35	31
	36	32
	102	125
	103	126
	40	36
	107	139
	108	140
	109	141
	110	142
	47	101
	111	143
	48	102
	52	115
	53	116
	54	117
	62	70
	63	71
net/minecraft/client/renderer/entity/EvokerFangsRenderer	55	47
	33	29
	34	30
	36	31
	37	32
	39	33
	40	34
	42	35
	43	37
	47	40
	16	16
	52	44
	21	20
	53	45
	54	46
	23	21
	55	47
	24	22
	28	27
	29	28
	30	37
net/minecraft/client/renderer/feature/QuadParticleFeatureRenderer	129	119
	129	119
	67	61
	68	62
	72	68
	74	69
	75	70
	76	71
	77	72
	79	73
	81	74
	82	75
	83	79
	84	81
	85	82
	86	83
	88	84
	90	86
	93	94
	30	30
	94	95
	95	96
	99	97
	37	36
	101	98
	38	57
	102	99
	104	100
	41	37
	105	101
	42	38
	43	40
	107	102
	44	41
	45	42
	109	105
	49	43
	113	109
	50	44
	114	110
	115	111
	53	45
	54	46
	56	48
	61	54
	62	55
	63	57
com/mojang/realmsclient/dto/Ops	30	29
	18	15
	20	18
	21	19
	22	20
	23	21
	24	22
	27	25
	28	26
	30	29
	15	12
com/mojang/realmsclient/dto/ValueObject	31	32
	16	16
	20	21
	21	22
	22	23
	26	27
	11	10
	27	28
	12	12
	13	13
	15	15
	31	32
com/mojang/realmsclient/dto/GuardedSerializer	37	33
	33	29
	19	19
	37	33
	23	22
	24	22
	25	22
	26	22
	29	25
	14	14
net/minecraft/client/renderer/blockentity/state/EndGatewayRenderState	0	0
net/minecraft/client/model/animal/goat/BabyGoatModel	92	75
	19	15
	20	16
	23	19
	24	20
	26	21
	27	22
	28	22
	29	22
	31	24
	32	25
	33	25
	34	25
	36	27
	37	28
	38	28
	39	28
	41	30
	42	31
	43	31
	44	31
	46	33
	47	35
	48	35
	49	35
	50	36
	52	38
	53	40
	54	40
	55	41
	57	43
	58	45
	59	45
	60	46
	62	48
	63	50
	64	50
	65	51
	67	53
	68	55
	69	55
	70	56
	72	58
	73	60
	74	60
	75	61
	77	63
	78	64
	79	64
	80	64
	82	66
	87	71
	89	72
	90	73
	92	75
com/mojang/blaze3d/opengl/GlDebug	164	166
	128	130
	129	131
	131	133
	144	146
	145	147
	146	148
	147	149
	148	150
	149	151
	23	22
	152	154
	26	30
	156	154
	30	34
	31	35
	32	36
	33	37
	161	159
	34	38
	162	162
	35	39
	163	164
	36	40
	164	166
	37	41
	42	46
	43	47
	44	48
	45	49
	46	50
	47	51
	48	52
	49	53
	50	54
	55	59
	56	61
	57	62
	58	63
	59	60
	60	64
	65	24
	69	69
	72	71
	73	72
	74	73
	75	76
	76	77
	77	78
	79	74
	83	82
	84	83
	87	86
	88	87
	89	89
	90	90
	92	93
	96	26
	97	27
	100	98
	101	99
	104	102
	105	103
	106	104
	107	105
	108	106
	109	107
	110	108
	112	111
	113	112
	114	113
	116	116
	117	117
	118	118
	119	119
	120	120
	121	121
	122	122
	124	125
	125	126
	126	127
net/minecraft/client/renderer/block/dispatch/multipart/Selector	22	20
	16	12
	17	14
	18	14
	19	16
	22	20
net/minecraft/client/gui/screens/social/PlayerSocialManager	231	231
	131	135
	132	136
	134	138
	137	141
	141	145
	145	149
	149	153
	23	23
	24	24
	25	25
	153	157
	26	26
	27	27
	28	28
	157	161
	158	162
	159	163
	160	164
	161	166
	162	167
	163	168
	165	169
	166	170
	170	175
	43	47
	171	176
	44	48
	45	49
	173	178
	46	50
	47	51
	48	52
	176	181
	49	53
	177	182
	50	54
	178	183
	179	184
	180	185
	53	57
	181	186
	54	58
	182	187
	183	188
	57	61
	185	190
	58	62
	186	193
	188	191
	61	65
	190	193
	65	69
	193	196
	69	73
	197	200
	198	201
	199	202
	73	77
	201	204
	203	206
	77	81
	78	82
	206	209
	81	85
	82	86
	210	213
	211	214
	85	89
	215	217
	89	93
	220	221
	93	97
	221	222
	94	98
	222	223
	95	99
	225	227
	98	102
	99	103
	102	106
	103	107
	231	231
	105	110
	106	111
	110	115
	114	119
	118	123
	119	124
	121	125
	122	126
	124	128
	127	131
net/minecraft/client/renderer/feature/LeashFeatureRenderer	83	83
	64	67
	66	69
	67	70
	69	72
	71	75
	73	76
	74	77
	75	78
	15	14
	83	83
	22	20
	23	21
	25	23
	28	26
	30	27
	31	28
	32	29
	33	30
	34	31
	36	32
	39	33
	40	34
	43	35
	45	37
	46	38
	48	41
	49	42
	51	44
	54	59
	55	60
	56	61
	57	62
	59	63
	60	64
	61	65
	62	66
net/minecraft/client/renderer/entity/state/PigRenderState	8	8
	8	8
net/minecraft/client/renderer/feature/FeatureRenderer	23	22
	19	18
	23	22
	9	8
	14	13
net/minecraft/client/renderer/texture/atlas/sources/SingleFile	42	39
	32	29
	33	30
	34	31
	36	33
	38	35
	42	39
	18	14
	20	15
	21	17
	22	17
	23	19
	26	23
	27	24
	31	28
net/minecraft/client/resources/model/cuboid/ItemTransforms	70	74
	66	73
	67	74
	68	74
	70	74
	24	23
	27	35
	28	36
	29	37
	30	38
	31	39
	32	40
	33	41
	34	42
	35	43
	36	44
	37	45
	44	51
	46	52
	47	53
	48	54
	49	55
	51	58
	52	59
	53	60
	54	61
	56	64
	57	65
	58	66
	59	67
	60	68
	62	69
net/minecraft/client/renderer/state/gui/pip/GuiBannerResultRenderState	17	35
	17	35
	12	30
	13	31
net/minecraft/client/waypoints/ClientWaypointManager	40	38
	33	29
	19	17
	20	18
	37	33
	38	36
	39	37
	24	21
	40	38
	25	22
	29	25
	30	26
net/minecraft/client/gui/screens/inventory/CyclingSlotBackground	59	57
	33	30
	34	31
	36	33
	39	36
	40	37
	41	47
	44	38
	45	39
	46	40
	47	41
	48	42
	50	45
	51	47
	54	52
	55	53
	24	21
	25	22
	58	56
	59	57
	28	25
	29	26
	30	27
com/mojang/blaze3d/systems/DeviceType	0	0
net/minecraft/client/data/models/ItemModelOutput	10	10
	9	9
	10	10
net/minecraft/client/resources/language/LanguageInfo	21	19
	16	12
	17	13
	18	15
	21	19
	14	9
	15	11
com/mojang/blaze3d/platform/MonitorManager	109	103
	15	14
	19	18
	20	19
	21	20
	22	21
	23	22
	24	23
	25	24
	29	28
	32	31
	33	32
	34	33
	35	34
	36	35
	37	36
	39	38
	40	39
	41	40
	43	42
	46	45
	51	49
	52	50
	53	51
	56	54
	57	55
	58	56
	59	57
	61	58
	62	59
	63	60
	64	61
	66	63
	67	64
	68	65
	69	66
	70	67
	72	68
	73	69
	74	70
	75	71
	77	72
	78	73
	79	74
	80	75
	81	76
	82	77
	83	78
	84	79
	85	80
	88	84
	89	85
	93	89
	94	90
	96	92
	97	92
	99	92
	104	98
	105	99
	106	100
	107	101
	109	103
net/minecraft/client/gui/screens/debug/GameModeSwitcherScreen	249	236
	29	27
	30	28
	32	155
	33	156
	34	157
	35	158
	37	160
	46	168
	47	169
	48	170
	49	171
	52	174
	53	175
	56	178
	57	179
	58	180
	59	181
	60	182
	65	187
	66	188
	67	189
	68	190
	69	191
	74	29
	82	36
	91	42
	94	45
	96	46
	97	47
	98	48
	101	51
	102	52
	103	53
	104	54
	106	56
	111	62
	113	63
	114	64
	116	66
	117	67
	118	68
	120	70
	125	74
	128	76
	129	78
	131	79
	132	80
	133	81
	135	82
	138	85
	140	87
	141	88
	143	89
	145	90
	146	91
	149	94
	153	98
	154	99
	155	100
	156	101
	159	104
	160	105
	163	108
	164	114
	167	109
	169	110
	170	111
	172	114
	176	118
	177	119
	178	120
	179	121
	182	123
	187	129
	188	130
	189	131
	190	132
	193	134
	198	140
	199	141
	200	142
	201	143
	203	145
	208	151
	216	202
	217	203
	218	204
	222	208
	223	209
	224	210
	226	213
	227	214
	231	218
	232	219
	236	223
	240	227
	241	228
	244	231
	245	232
	248	235
	249	236
net/minecraft/client/gui/screens/recipebook/RecipeBookPage	229	216
	29	27
	30	27
	31	27
	33	30
	34	30
	35	30
	37	32
	38	33
	64	52
	65	53
	67	55
	68	56
	70	58
	73	61
	74	62
	76	64
	77	65
	83	68
	84	69
	85	70
	86	71
	87	72
	90	75
	91	76
	92	77
	94	78
	95	79
	98	82
	99	83
	102	86
	103	87
	104	89
	105	90
	107	91
	108	92
	110	93
	112	94
	114	96
	118	100
	119	101
	122	104
	123	105
	125	108
	126	109
	128	111
	131	114
	132	115
	133	116
	134	117
	137	120
	138	122
	139	123
	140	124
	141	125
	145	129
	146	130
	148	133
	149	134
	152	137
	153	138
	154	139
	157	142
	158	143
	159	144
	160	145
	162	147
	165	150
	169	154
	173	158
	174	159
	177	162
	178	163
	180	164
	181	165
	182	166
	183	167
	185	169
	188	172
	191	174
	192	175
	193	176
	194	177
	195	180
	196	181
	197	182
	198	183
	201	186
	202	188
	203	189
	204	190
	205	191
	206	192
	207	193
	208	193
	209	194
	212	198
	216	202
	220	207
	221	208
	224	211
	228	215
	229	216
net/minecraft/client/resources/model/ResolvableModel	0	0
net/minecraft/client/renderer/entity/SalmonRenderer	72	65
	66	58
	67	59
	68	60
	69	61
	71	64
	72	65
	15	15
	22	21
	23	22
	24	23
	25	24
	26	25
	30	28
	31	29
	32	30
	36	33
	41	37
	46	41
	48	42
	49	43
	50	44
	51	45
	52	46
	55	49
	56	50
	58	51
	59	52
	60	53
	62	55
net/minecraft/client/telemetry/events/WorldLoadEvent	72	70
	64	61
	65	62
	66	63
	68	66
	71	69
	72	70
	21	19
	22	20
	25	23
	26	24
	28	27
	29	28
	32	31
	33	32
	34	33
	36	35
	37	35
	39	35
	43	40
	44	50
	46	41
	47	42
	48	43
	49	44
	50	45
	52	47
	53	48
	57	55
	62	59
	63	60
net/minecraft/client/model/animal/equine/EquineSaddleModel	85	65
	65	49
	66	50
	67	50
	70	52
	71	53
	72	53
	76	55
	81	60
	82	62
	83	63
	85	65
	26	23
	27	24
	28	25
	29	26
	30	27
	33	30
	34	31
	35	32
	37	33
	39	34
	40	35
	41	35
	45	37
	46	37
	47	37
	50	38
	51	38
	52	38
	55	39
	56	41
	57	41
	58	42
	60	44
	61	46
	62	46
	63	47
net/minecraft/client/renderer/special/SkullSpecialRenderer	72	77
	67	43
	68	44
	69	45
	70	46
	71	47
	72	48
	25	24
	26	25
	27	26
	28	27
	31	51
	32	53
	33	54
	34	55
	35	57
	38	61
	39	62
	43	66
	48	70
	49	71
	51	72
	52	73
	55	76
	56	77
	62	38
	63	39
net/minecraft/client/gui/screens/NoticeWithLinkScreen	112	80
	65	52
	66	53
	67	54
	68	54
	70	54
	72	54
	73	54
	75	55
	76	56
	78	56
	80	57
	17	16
	81	58
	18	18
	83	60
	20	20
	84	60
	21	22
	86	60
	88	60
	89	60
	92	61
	29	30
	30	31
	94	62
	31	32
	95	63
	32	33
	96	64
	33	34
	36	37
	100	68
	101	69
	102	70
	106	74
	45	41
	111	79
	112	80
	55	46
	57	47
	58	48
	60	49
	61	50
	63	51
net/minecraft/client/particle/DustParticle	28	46
	16	25
	17	26
	23	32
	24	33
	10	20
	12	21
	28	46
	13	22
	14	23
	15	24
net/minecraft/client/model/object/bell/package-info	0	0
net/minecraft/client/renderer/WorldBorderRenderer	193	199
	35	35
	37	36
	46	44
	50	45
	55	49
	56	50
	59	61
	60	62
	61	63
	62	64
	63	65
	65	66
	66	67
	67	68
	68	69
	70	70
	71	71
	72	72
	73	73
	75	74
	77	75
	78	76
	79	77
	80	78
	82	79
	83	80
	84	81
	85	82
	87	83
	88	84
	89	85
	90	86
	92	87
	93	88
	94	89
	95	90
	97	92
	98	93
	101	96
	102	97
	103	98
	104	99
	105	100
	106	101
	107	102
	109	104
	112	109
	113	110
	114	111
	115	112
	116	114
	118	128
	119	130
	122	123
	123	124
	124	125
	125	126
	126	130
	129	133
	130	192
	132	134
	133	135
	134	136
	136	137
	137	138
	138	139
	140	140
	142	141
	143	142
	145	143
	146	144
	149	147
	150	148
	152	149
	154	150
	155	151
	158	154
	159	155
	160	156
	162	158
	163	159
	166	162
	167	163
	168	173
	169	174
	170	175
	171	176
	172	177
	173	178
	174	179
	176	180
	177	182
	178	183
	179	184
	180	185
	184	189
	186	192
	189	195
	190	196
	193	199
com/mojang/blaze3d/opengl/GlRenderPipeline	9	9
	9	9
net/minecraft/client/renderer/debug/HeightMapRenderer	62	69
	26	27
	27	28
	31	34
	33	35
	35	37
	36	38
	37	39
	38	41
	39	42
	40	43
	41	44
	42	46
	43	47
	44	48
	45	49
	46	50
	47	52
	53	60
	56	63
	57	64
	58	65
	59	66
	60	67
	61	68
	62	69
net/minecraft/client/renderer/entity/layers/CustomHeadLayer	88	88
	64	62
	65	63
	67	66
	68	68
	71	71
	72	72
	73	73
	74	74
	78	78
	82	82
	83	83
	84	84
	85	85
	88	88
	31	30
	32	31
	35	39
	36	40
	37	41
	38	42
	39	43
	43	48
	44	68
	47	49
	48	50
	50	51
	51	52
	52	53
	54	54
	55	55
	56	56
	58	57
	59	58
	60	59
	62	60
net/minecraft/client/renderer/entity/state/ArrowRenderState	0	0
net/minecraft/client/renderer/LevelTargetBundle	80	80
	11	10
	12	11
	13	12
	14	13
	15	14
	16	15
	17	16
	19	17
	20	18
	21	20
	23	22
	33	32
	34	33
	35	34
	36	35
	37	36
	38	37
	39	38
	40	39
	41	40
	42	41
	43	42
	44	43
	45	45
	46	49
	48	46
	50	51
	54	55
	55	56
	56	57
	57	58
	58	59
	59	60
	60	61
	61	62
	62	63
	63	64
	64	65
	65	66
	66	68
	67	68
	69	68
	73	73
	74	74
	75	75
	76	76
	77	77
	78	78
	79	79
	80	80
net/minecraft/client/renderer/state/gui/BlitRenderState	27	57
	19	47
	20	48
	21	49
	22	50
	23	51
	26	56
	27	57
	14	42
	15	43
com/mojang/realmsclient/dto/WorldTemplate	40	38
	32	31
	33	32
	34	33
	35	34
	37	36
	38	37
	40	38
	21	20
	25	24
	26	25
	27	26
	28	27
	29	28
	30	29
	31	30
net/minecraft/client/renderer/entity/SquidRenderer	44	40
	32	29
	33	30
	34	31
	35	32
	39	35
	40	36
	41	37
	42	38
	43	39
	12	12
	44	40
	13	13
	16	16
	17	17
	21	20
	26	24
	31	28
net/minecraft/client/multiplayer/chat/ChatLog	62	66
	34	36
	35	38
	36	39
	38	42
	42	46
	43	47
	12	14
	13	17
	14	18
	46	50
	15	19
	17	20
	50	54
	54	58
	25	27
	26	28
	58	62
	29	31
	30	32
	62	66
	31	33
net/minecraft/client/resources/package-info	0	0
com/mojang/realmsclient/gui/screens/RealmsPopups	44	41
	33	33
	34	34
	35	35
	36	36
	37	37
	41	41
	42	41
	43	41
	44	41
	13	11
	14	12
	17	17
	18	18
	19	19
	20	20
	21	21
	25	25
	26	26
	27	27
	28	28
	29	29
net/minecraft/client/gui/screens/inventory/tooltip/DefaultTooltipPositioner	31	28
	16	15
	17	16
	22	20
	23	21
	11	10
	27	24
	28	25
	29	26
	15	14
	31	28
net/minecraft/client/renderer/special/package-info	0	0
net/minecraft/client/renderer/texture/SkinTextureDownloader	169	162
	128	118
	129	119
	130	120
	131	121
	132	122
	135	125
	137	126
	138	127
	140	130
	141	131
	143	132
	147	140
	148	141
	149	142
	150	143
	151	144
	24	24
	156	149
	157	150
	158	151
	161	154
	34	33
	35	34
	36	35
	164	157
	37	36
	165	158
	166	159
	40	39
	41	40
	169	162
	44	43
	45	44
	46	45
	48	48
	49	49
	50	49
	54	53
	55	54
	56	56
	57	57
	61	60
	62	61
	63	62
	65	65
	66	66
	67	67
	68	68
	70	69
	71	70
	72	71
	76	74
	79	77
	80	78
	81	79
	82	80
	85	83
	87	85
	88	86
	94	97
	95	94
	96	95
	97	96
	102	101
	103	102
	104	103
	105	134
	106	135
	109	104
	110	105
	111	106
	112	107
	113	108
	114	109
	116	110
	119	111
	120	112
	121	113
	122	114
	123	115
	124	116
	127	117
net/minecraft/client/gui/screens/LevelLoadingScreen	194	188
	130	135
	131	136
	132	137
	133	138
	134	139
	135	140
	138	143
	142	147
	144	161
	145	162
	146	163
	149	149
	150	150
	152	152
	153	153
	154	154
	155	156
	156	158
	29	28
	30	29
	159	165
	162	168
	163	169
	165	172
	166	177
	171	182
	172	183
	45	54
	173	184
	46	55
	47	56
	48	57
	177	188
	51	60
	180	37
	52	61
	181	38
	53	62
	182	39
	183	40
	184	41
	185	42
	57	66
	186	43
	187	44
	188	45
	189	46
	190	47
	62	71
	191	48
	192	49
	193	50
	194	51
	67	76
	68	77
	70	79
	74	83
	75	84
	76	85
	77	86
	79	88
	83	92
	85	93
	86	94
	87	95
	88	96
	91	99
	92	100
	94	101
	96	103
	97	104
	98	105
	99	106
	101	108
	104	111
	106	112
	107	113
	109	115
	112	118
	113	119
	114	120
	117	125
	119	126
	120	127
	122	128
	123	129
	125	130
	126	131
	127	132
net/minecraft/client/multiplayer/chat/report/ReportType	17	17
	17	17
	6	6
	7	7
	8	8
	13	13
	14	14
net/minecraft/client/renderer/SpriteMapper	15	12
	11	8
	15	12
com/mojang/blaze3d/opengl/GlBackend	54	56
	32	31
	36	35
	37	36
	38	37
	39	38
	40	39
	42	41
	45	44
	51	52
	52	53
	21	20
	54	56
	26	25
	27	26
	28	27
	29	28
	30	29
	31	30
com/mojang/blaze3d/vulkan/VulkanQueryPool	74	80
	68	74
	69	75
	73	79
	74	80
	17	16
	18	17
	19	19
	20	20
	21	21
	22	22
	23	23
	24	24
	25	25
	26	26
	28	28
	32	32
	37	37
	42	42
	43	44
	45	48
	46	50
	47	51
	48	53
	51	56
	52	57
	53	58
	55	60
	59	65
	63	69
net/minecraft/client/renderer/block/dispatch/BlockStateModelPart	0	0
net/minecraft/client/renderer/chunk/ChunkSectionLayerGroup	35	34
	32	31
	17	15
	33	32
	18	16
	19	17
	35	34
	22	20
	9	8
	10	9
	26	24
	30	28
	31	30
net/minecraft/client/renderer/texture/TextureManager	184	182
	131	126
	132	127
	133	128
	134	129
	135	130
	137	132
	139	133
	140	134
	141	135
	142	136
	143	138
	144	139
	146	141
	151	146
	152	147
	153	148
	154	149
	29	30
	157	152
	158	153
	31	31
	160	155
	161	156
	162	157
	165	160
	166	161
	40	37
	42	38
	170	165
	43	39
	171	166
	44	40
	172	167
	173	168
	175	171
	48	44
	49	45
	50	46
	51	47
	52	48
	180	178
	53	49
	54	50
	182	180
	183	181
	184	182
	57	53
	58	54
	62	58
	63	59
	65	60
	66	61
	72	66
	73	67
	76	70
	77	71
	78	72
	79	73
	81	76
	82	77
	85	80
	89	83
	91	86
	92	87
	93	88
	95	90
	98	93
	99	94
	100	95
	104	98
	105	99
	106	100
	110	104
	111	105
	113	107
	116	110
	117	111
	118	112
	120	114
	124	118
	125	119
	126	120
	127	121
net/minecraft/client/gui/screens/CreateFlatWorldScreen	176	156
	129	111
	130	112
	133	115
	134	116
	137	119
	139	120
	140	121
	143	124
	144	125
	145	127
	146	128
	148	130
	152	133
	153	134
	154	135
	157	138
	30	21
	158	139
	31	22
	159	140
	161	141
	162	142
	163	143
	165	145
	168	148
	169	149
	170	150
	171	151
	172	152
	173	153
	174	154
	175	155
	176	156
	50	39
	51	40
	52	41
	53	42
	54	43
	57	46
	61	50
	62	51
	63	52
	64	53
	66	55
	70	59
	72	60
	74	61
	75	62
	76	63
	77	64
	79	65
	80	66
	81	67
	83	69
	85	70
	86	71
	87	72
	88	73
	89	74
	91	75
	92	76
	93	77
	94	78
	95	79
	97	80
	98	81
	99	82
	100	83
	102	84
	103	85
	105	86
	106	87
	107	88
	111	92
	112	93
	114	96
	115	97
	118	100
	119	101
	121	103
	124	106
net/minecraft/client/renderer/entity/LlamaRenderer	54	60
	33	42
	34	43
	38	46
	39	47
	44	51
	16	16
	17	18
	49	55
	18	20
	50	56
	19	22
	51	57
	20	24
	52	58
	53	59
	54	60
	23	28
	24	30
	25	32
	26	34
	27	36
	31	41
net/minecraft/client/multiplayer/chat/GuiMessageTag	64	61
	64	61
	35	33
	39	37
	40	38
	41	39
	12	12
	13	13
	45	43
	14	14
	15	15
	16	16
	49	47
	21	19
	22	20
	23	21
	24	22
	57	54
	58	55
	27	25
	59	56
	60	57
	31	29
	63	60
net/minecraft/client/renderer/item/properties/select/package-info	0	0
com/mojang/realmsclient/dto/RealmsNews	25	23
	17	14
	19	17
	20	18
	21	19
	22	20
	25	23
	14	11
net/minecraft/client/renderer/entity/FrogRenderer	33	31
	16	16
	32	30
	33	31
	21	20
	26	24
	11	12
	27	25
	12	13
	28	26
	29	27
	30	28
	31	29
net/minecraft/client/renderer/rendertype/PreparedRenderType	51	53
	32	28
	33	29
	34	30
	35	36
	36	37
	37	38
	38	39
	40	42
	41	43
	42	44
	44	46
	45	47
	48	50
	49	51
	51	53
	28	22
	29	23
net/minecraft/client/model/animal/golem/IronGolemModel	102	88
	23	22
	24	23
	25	24
	26	25
	27	26
	28	27
	29	28
	32	31
	33	32
	35	33
	36	35
	37	35
	38	35
	39	36
	41	38
	42	40
	43	41
	44	43
	45	45
	47	47
	48	48
	49	48
	50	48
	52	50
	53	50
	54	50
	55	50
	57	51
	58	52
	59	52
	60	52
	62	54
	63	55
	64	55
	65	55
	68	57
	73	61
	75	62
	76	63
	77	64
	78	65
	79	66
	80	67
	82	69
	83	70
	84	71
	85	72
	87	74
	88	75
	92	79
	93	80
	95	81
	96	82
	97	83
	98	84
	99	85
	102	88
net/minecraft/client/model/object/skull/PiglinHeadModel	38	33
	32	28
	33	29
	35	30
	36	31
	37	32
	38	33
	16	14
	17	15
	18	16
	19	17
	20	18
	23	21
	24	22
	26	23
	31	27
com/mojang/blaze3d/vulkan/glsl/SpvUniformBuffer	0	0
net/minecraft/client/model/animal/turtle/package-info	0	0
com/mojang/blaze3d/vulkan/VulkanBindGroupLayout	53	37
	15	14
	27	18
	28	19
	29	19
	30	21
	31	22
	32	22
	33	22
	34	23
	35	24
	36	25
	38	26
	39	26
	40	26
	41	27
	43	30
	44	31
	45	31
	46	31
	47	31
	48	31
	49	32
	50	33
	51	34
	53	37
net/minecraft/client/renderer/blockentity/BlockEntityRenderers	58	68
	14	18
	17	42
	18	43
	19	44
	20	45
	21	46
	22	47
	23	48
	24	49
	25	50
	26	51
	27	52
	28	53
	29	54
	30	55
	31	56
	32	57
	33	58
	34	59
	35	60
	36	61
	37	62
	38	63
	39	64
	40	65
	41	66
	42	67
	43	68
	46	26
	47	27
	50	30
	51	31
	53	33
	54	34
	55	35
	57	37
	58	38
net/minecraft/client/renderer/item/properties/numeric/CompassAngle	29	28
	16	15
	19	18
	20	19
	24	23
	10	10
	29	28
	15	14
net/minecraft/client/ScrollWheelHandler	43	44
	33	32
	34	33
	35	34
	37	36
	38	37
	40	40
	41	41
	11	10
	43	44
	12	11
	14	14
	15	15
	17	18
	18	19
	20	20
	21	21
	22	22
	23	23
	26	26
	27	27
	29	28
net/minecraft/client/model/player/PlayerEarsModel	33	23
	33	23
	14	13
	15	14
	18	17
	20	18
	21	19
	23	20
	24	20
	25	20
	26	21
	27	21
	29	22
	30	22
net/minecraft/client/particle/DustPlumeParticle	35	54
	35	54
	12	22
	13	23
	14	24
	15	25
	16	26
	17	27
	21	31
	22	32
	23	33
	24	34
	30	40
	31	41
net/minecraft/client/renderer/blockentity/BlockEntityRendererProvider	28	30
	28	30
net/minecraft/client/gui/screens/reporting/ReportReasonSelectionScreen	166	157
	128	116
	132	120
	137	125
	138	126
	142	131
	143	138
	144	139
	145	140
	148	143
	151	146
	152	146
	153	146
	26	23
	154	146
	27	24
	28	25
	159	151
	164	155
	165	156
	166	157
	46	39
	47	40
	48	41
	49	42
	50	43
	51	44
	55	48
	56	49
	57	50
	58	51
	59	52
	60	53
	62	54
	63	55
	64	56
	65	57
	66	58
	67	59
	69	62
	70	63
	72	64
	73	65
	74	66
	78	70
	79	71
	80	72
	82	74
	86	78
	88	79
	89	80
	90	81
	92	82
	93	83
	94	84
	95	85
	96	86
	97	87
	99	88
	100	89
	102	90
	103	91
	105	93
	108	96
	112	100
	116	104
	120	108
	124	112
net/minecraft/client/renderer/entity/layers/CatCollarLayer	38	42
	32	42
	34	37
	35	38
	36	39
	37	40
	38	42
	16	16
	17	17
	23	22
	24	23
	25	24
	26	25
	30	35
	31	36
net/minecraft/client/gui/components/toasts/FriendToast	128	115
	128	115
	68	66
	69	67
	71	69
	72	70
	73	71
	75	73
	77	76
	78	77
	79	79
	80	80
	82	82
	20	19
	85	85
	86	86
	89	89
	90	90
	93	93
	94	93
	35	33
	99	94
	36	34
	102	97
	39	37
	103	98
	40	38
	104	99
	41	39
	42	40
	43	41
	107	102
	108	102
	110	103
	47	45
	113	106
	114	106
	52	50
	116	107
	53	51
	55	53
	119	110
	120	110
	122	111
	59	57
	125	114
	126	114
	63	61
net/minecraft/client/multiplayer/LevelLoadTracker	155	139
	65	60
	69	63
	70	64
	71	65
	75	68
	76	69
	140	116
	80	72
	81	73
	145	120
	146	121
	147	122
	21	21
	85	76
	22	22
	86	77
	150	124
	151	125
	88	79
	152	126
	153	131
	91	82
	155	130
	95	86
	35	31
	99	90
	36	32
	39	35
	103	94
	40	36
	104	95
	106	96
	43	39
	44	40
	47	43
	111	104
	48	44
	51	47
	115	108
	52	48
	54	50
	57	53
	58	53
	62	57
	63	58
	127	139
net/minecraft/client/renderer/entity/layers/DolphinCarryingItemLayer	39	40
	33	34
	36	37
	38	38
	39	40
	15	14
	16	15
	20	25
	21	26
	22	40
	25	27
	27	28
	28	29
	29	30
	30	31
	31	32
net/minecraft/client/data/models/MultiVariant	28	27
	16	15
	18	17
	21	20
	25	24
	26	25
	27	26
	28	27
	15	14
net/minecraft/client/model/geom/PartPose	44	34
	17	7
	33	25
	21	11
	37	29
	38	29
	40	29
	25	17
	44	34
	29	21
	14	4
net/minecraft/client/telemetry/WorldSessionTelemetryManager	82	83
	66	67
	67	68
	68	69
	69	70
	71	72
	74	75
	75	76
	76	77
	77	78
	78	79
	79	80
	80	81
	82	83
	27	30
	28	31
	29	32
	31	33
	32	34
	33	35
	34	36
	35	37
	36	38
	39	41
	40	42
	43	45
	44	46
	45	47
	46	48
	49	51
	50	52
	51	53
	54	56
	55	57
	58	60
	59	61
	60	62
	62	64
net/minecraft/client/gui/screens/AlertScreen	63	57
	32	29
	33	30
	37	34
	42	39
	44	40
	46	41
	47	42
	48	43
	50	44
	51	45
	55	49
	24	21
	56	50
	25	22
	57	51
	58	52
	59	53
	28	25
	29	26
	30	27
	31	28
	63	57
net/minecraft/client/renderer/entity/HumanoidMobRenderer	98	99
	25	25
	26	26
	29	29
	30	30
	33	35
	35	36
	36	37
	37	38
	38	39
	41	42
	42	43
	43	44
	44	45
	46	47
	47	47
	49	47
	54	52
	55	53
	56	54
	57	55
	58	56
	61	61
	63	62
	64	63
	65	64
	66	65
	67	66
	68	67
	69	68
	70	69
	71	70
	73	73
	74	74
	76	77
	77	78
	78	79
	79	80
	80	81
	81	82
	82	83
	83	84
	84	85
	85	86
	86	87
	87	88
	88	89
	89	90
	92	93
	93	94
	97	98
	98	99
net/minecraft/client/gui/layouts/SpacerElement	65	63
	65	63
	34	33
	35	34
	39	38
	40	39
	44	43
	14	13
	15	14
	49	48
	18	17
	19	18
	20	19
	21	20
	22	21
	54	53
	25	24
	59	58
	29	28
net/minecraft/client/renderer/item/properties/numeric/RangeSelectItemModelProperty	0	0
com/mojang/blaze3d/platform/TextureUtil	233	220
	29	26
	35	29
	39	32
	40	33
	41	33
	43	33
	48	37
	50	40
	51	41
	52	42
	55	46
	56	47
	57	48
	58	49
	59	50
	64	55
	65	56
	66	58
	67	59
	69	62
	70	63
	74	66
	75	67
	77	70
	78	71
	79	72
	80	73
	81	74
	82	75
	83	76
	84	78
	85	79
	86	80
	87	82
	88	83
	89	84
	90	85
	91	86
	94	90
	95	91
	96	92
	97	93
	98	94
	100	97
	103	101
	104	102
	106	103
	107	104
	108	106
	109	107
	110	108
	111	109
	113	111
	114	112
	116	114
	120	117
	124	121
	128	125
	129	126
	132	127
	133	128
	134	129
	137	130
	140	132
	141	133
	142	134
	143	135
	144	136
	145	137
	146	138
	147	139
	153	144
	154	145
	155	146
	156	147
	157	149
	158	150
	159	151
	160	152
	161	153
	162	153
	163	154
	164	155
	165	156
	172	161
	173	162
	174	163
	175	164
	177	165
	179	167
	183	171
	186	174
	187	175
	189	176
	190	177
	192	179
	193	180
	194	181
	195	182
	196	183
	197	184
	198	185
	199	186
	200	187
	201	188
	202	189
	203	190
	209	196
	210	197
	211	198
	212	199
	214	201
	215	202
	216	203
	217	204
	218	205
	222	209
	225	212
	229	216
	233	220
net/minecraft/client/model/geom/builders/package-info	0	0
net/minecraft/client/renderer/culling/Frustum	134	135
	130	131
	134	135
	20	20
	21	21
	24	24
	25	25
	28	28
	29	29
	30	30
	31	31
	32	32
	33	33
	34	34
	37	37
	38	38
	39	39
	40	40
	44	44
	45	45
	46	46
	47	47
	48	48
	49	50
	50	51
	58	63
	59	64
	60	61
	62	67
	66	71
	67	72
	68	73
	69	74
	72	77
	74	78
	75	79
	76	80
	79	83
	80	84
	84	88
	88	92
	89	93
	90	94
	91	95
	92	96
	93	97
	94	98
	98	102
	102	106
	105	107
	106	108
	107	109
	108	110
	111	111
	112	112
	113	113
	114	114
	116	116
	117	118
	118	119
	119	120
	122	123
	126	127
net/minecraft/client/gui/screens/worldselection/WorldCreationContextMapper	0	0
com/mojang/blaze3d/opengl/GlConst	442	360
	256	189
	257	190
	258	191
	259	192
	260	193
	261	194
	262	195
	263	196
	264	197
	269	202
	270	203
	271	204
	276	209
	277	210
	278	211
	283	216
	284	217
	285	218
	286	219
	287	220
	288	221
	289	223
	290	223
	292	223
	297	228
	302	232
	304	233
	305	234
	314	239
	315	240
	316	241
	317	244
	318	245
	319	249
	320	250
	321	242
	322	243
	323	246
	324	247
	325	251
	326	254
	327	255
	328	256
	329	257
	330	258
	331	259
	332	260
	333	261
	334	262
	335	263
	336	264
	337	265
	338	266
	339	267
	340	268
	341	269
	342	270
	343	271
	344	272
	345	273
	346	274
	347	275
	348	276
	349	277
	350	278
	351	279
	352	280
	353	252
	354	281
	355	282
	356	283
	357	284
	358	285
	359	253
	360	286
	361	248
	366	291
	367	292
	368	297
	369	293
	370	298
	371	294
	372	300
	373	295
	374	299
	375	296
	376	301
	377	302
	378	303
	383	308
	384	309
	385	310
	386	311
	387	312
	388	314
	389	315
	390	317
	391	316
	392	313
	393	318
	394	319
	395	320
	396	321
	401	326
	402	327
	403	328
	408	333
	409	334
	154	104
	410	335
	412	338
	413	339
	415	342
	417	343
	419	346
	420	347
	422	350
	428	354
	429	355
	430	356
	431	356
	433	356
	435	357
	436	358
	437	358
	439	358
	442	360
	206	139
	207	140
	208	141
	209	142
	210	143
	211	144
	212	145
	213	146
	214	147
	219	152
	220	153
	221	154
	226	159
	227	160
	228	161
	229	162
	230	163
	231	164
	232	165
	233	166
	234	167
	235	168
	236	169
	237	170
	238	171
	239	172
	240	173
	241	174
	246	179
	247	180
	248	181
	249	182
	250	183
	251	184
net/minecraft/client/renderer/block/model/properties/conditional/ConditionalBlockModelProperty	0	0
net/minecraft/client/PresenceSharing	36	33
	32	29
	36	33
	21	19
	22	20
	23	21
	8	8
	24	22
	9	9
	10	10
	28	25
	13	12
net/minecraft/client/renderer/block/FluidModel	45	29
	32	25
	33	25
	25	17
	26	18
	42	29
	27	19
	43	29
	28	20
	29	21
	45	29
	30	22
net/minecraft/client/color/item/TeamColor	38	36
	33	31
	18	15
	19	16
	20	16
	38	36
	24	21
	25	22
	26	23
	27	24
	28	25
	29	26
net/minecraft/client/renderer/entity/GhastRenderer	34	28
	32	26
	33	27
	34	28
	19	18
	20	18
	22	18
	10	10
	11	11
	27	22
	14	14
	15	15
net/minecraft/client/model/object/projectile/package-info	0	0
net/minecraft/client/data/models/BlockModelGenerators	4427	4765
	4096	4091
	4097	4092
	4098	4093
	4100	4094
	4101	4095
	4103	4096
	4105	4097
	4107	4098
	4109	4099
	4110	4100
	4111	4101
	4112	4102
	4113	4103
	4114	4104
	4115	4105
	4116	4106
	4117	4107
	4118	4108
	4119	4109
	4120	4110
	4121	4111
	4122	4112
	4123	4113
	4124	4114
	4126	4115
	4128	4116
	4129	4117
	4130	4118
	4133	4119
	4134	4120
	4135	4121
	4136	4122
	4137	4123
	4138	4124
	4139	4125
	4140	4126
	4142	4127
	4144	4128
	4146	4129
	4148	4130
	4150	4131
	4152	4132
	4153	4133
	4155	4134
	4157	4135
	4158	4136
	4160	4137
	4161	4138
	4163	4139
	4164	4140
	4166	4141
	4167	4142
	4168	4143
	4170	4144
	4172	4145
	4174	4146
	4175	4147
	4177	4148
	4178	4149
	4180	4150
	4182	4151
	4184	4152
	4186	4153
	4187	4154
	4189	4155
	4190	4156
	4191	4157
	4192	4158
	4193	4159
	4194	4160
	4195	4161
	4196	4162
	4197	4163
	4198	4164
	4199	4165
	4200	4166
	4201	4167
	4202	4168
	4203	4169
	4204	4170
	4205	4171
	4206	4172
	4207	4173
	4208	4174
	4209	4175
	4210	4176
	4212	4177
	4213	4178
	4215	4179
	4216	4180
	4217	4181
	4219	4182
	4220	4183
	4221	4184
	4222	4185
	4223	4186
	4224	4187
	4225	4188
	4226	4189
	4227	4190
	4228	4191
	4229	4192
	4230	4193
	4231	4194
	4232	4195
	4233	4196
	4234	4197
	4235	4200
	140	135
	4236	4201
	4237	4202
	142	136
	4238	4203
	4239	4204
	144	137
	4240	4205
	4241	4206
	146	138
	4242	4207
	147	139
	148	140
	4244	4208
	4245	4209
	150	141
	4246	4210
	151	142
	152	143
	4248	4211
	4249	4221
	154	144
	4250	4231
	155	145
	4251	4241
	156	148
	4252	4251
	157	151
	4254	4261
	159	154
	4255	4262
	160	157
	161	160
	4257	4263
	162	163
	4258	4264
	4259	4265
	164	167
	4261	4266
	166	167
	4262	4267
	4263	4268
	4264	4269
	4266	4270
	4267	4271
	4268	4272
	4269	4273
	4271	4274
	176	170
	4272	4275
	4273	4276
	4274	4277
	4276	4278
	4277	4279
	182	177
	4278	4280
	183	178
	4279	4281
	184	179
	185	180
	4281	4282
	186	181
	4282	4283
	187	182
	4283	4284
	188	183
	4284	4285
	190	184
	4286	4286
	191	185
	4287	4287
	192	186
	4288	4288
	193	187
	4289	4289
	194	188
	195	189
	4291	4290
	196	190
	4292	4291
	4293	4292
	198	191
	4294	4293
	199	192
	200	193
	4296	4294
	201	194
	4297	4295
	202	195
	4298	4296
	4299	4297
	204	196
	205	197
	4301	4298
	206	198
	4302	4299
	207	199
	4303	4300
	208	200
	4304	4301
	210	201
	4306	4302
	211	202
	4307	4303
	212	203
	4308	4304
	213	204
	4309	4305
	214	205
	4311	4306
	4312	4307
	217	282
	4314	4308
	4315	4309
	221	289
	4317	4310
	4318	4311
	4320	4312
	225	296
	4322	4313
	4323	4314
	4324	4315
	229	303
	4325	4316
	4327	4317
	233	310
	4329	4318
	4330	4319
	4331	4320
	4333	4321
	238	318
	4334	4322
	4335	4323
	4337	4324
	242	325
	4338	4325
	4340	4326
	4341	4327
	246	332
	4342	4328
	4344	4329
	250	339
	4346	4330
	4347	4331
	4349	4332
	254	351
	4350	4333
	255	352
	4351	4334
	4352	4335
	4353	4336
	4354	4337
	259	364
	4355	4338
	260	365
	4356	4339
	4359	4342
	264	377
	265	378
	4361	4343
	266	378
	4363	4344
	4364	4346
	269	206
	4365	4347
	270	207
	4366	4348
	271	208
	4367	4349
	272	209
	4368	4351
	273	210
	4369	4353
	274	213
	275	217
	276	219
	4372	4356
	277	220
	278	221
	279	222
	280	227
	281	229
	282	230
	4378	4357
	283	231
	4379	4357
	284	232
	4380	4357
	285	233
	286	234
	4382	4358
	287	235
	288	236
	289	237
	4385	4364
	290	238
	4386	4365
	291	239
	4387	4366
	4388	4367
	294	386
	295	387
	4391	4373
	296	388
	297	389
	4393	4374
	4394	4375
	300	395
	4396	4376
	301	396
	4397	4377
	4398	4378
	4399	4379
	304	402
	305	403
	4401	4380
	4402	4381
	4403	4383
	308	409
	4404	4385
	309	410
	4406	4387
	4407	4388
	312	416
	4408	4389
	4409	4390
	4410	4391
	4411	4392
	316	423
	4412	4393
	4413	4394
	4414	4395
	4415	4396
	320	430
	4416	4397
	4417	4398
	324	438
	325	439
	4421	4401
	326	440
	4422	4403
	4423	4406
	4424	4406
	4425	4406
	330	447
	331	448
	4427	4407
	334	454
	335	455
	336	456
	338	458
	341	464
	342	465
	343	466
	345	468
	348	474
	349	475
	350	476
	351	477
	353	479
	356	485
	358	485
	359	485
	360	485
	365	494
	368	494
	369	494
	374	501
	375	501
	376	501
	380	508
	381	509
	382	510
	383	510
	385	511
	388	517
	389	518
	390	518
	392	519
	395	526
	396	526
	397	526
	398	526
	399	526
	400	527
	401	528
	402	529
	403	530
	408	532
	409	533
	412	539
	413	540
	414	540
	415	540
	416	540
	418	541
	419	542
	420	543
	421	544
	422	545
	423	546
	425	547
	426	548
	427	549
	428	550
	430	551
	431	552
	432	553
	433	554
	438	572
	439	573
	440	574
	442	577
	443	578
	444	579
	445	580
	447	581
	448	582
	449	583
	450	584
	452	585
	453	586
	454	587
	455	588
	457	589
	458	590
	459	591
	460	592
	463	593
	464	594
	465	595
	466	596
	468	597
	469	598
	470	599
	471	600
	473	601
	474	602
	475	603
	476	604
	478	605
	479	606
	480	607
	481	608
	486	618
	487	619
	488	620
	489	621
	490	622
	491	623
	495	630
	496	631
	497	632
	498	633
	499	634
	500	635
	504	642
	505	643
	507	644
	508	645
	509	646
	510	647
	512	648
	513	649
	514	650
	515	651
	519	660
	520	661
	521	662
	522	663
	523	664
	524	665
	525	666
	527	668
	528	669
	532	676
	533	677
	534	678
	535	679
	536	680
	537	681
	538	682
	539	683
	540	684
	541	685
	542	686
	543	687
	544	688
	545	689
	546	690
	547	691
	548	692
	549	693
	550	694
	551	695
	552	696
	553	697
	554	698
	555	699
	556	700
	557	701
	558	702
	559	703
	560	704
	561	705
	562	706
	563	707
	564	708
	565	709
	566	710
	567	711
	568	712
	569	713
	570	714
	571	715
	572	716
	573	717
	574	718
	579	728
	580	729
	581	730
	582	731
	583	732
	584	733
	585	734
	586	735
	587	736
	588	737
	589	738
	590	739
	591	740
	592	741
	593	742
	594	743
	595	744
	596	745
	597	746
	602	754
	603	755
	604	756
	605	757
	606	758
	607	759
	608	760
	609	761
	610	762
	611	763
	612	764
	613	765
	614	766
	615	767
	616	768
	617	769
	618	770
	619	771
	620	772
	625	777
	626	778
	627	779
	628	780
	629	781
	630	782
	631	783
	632	784
	633	785
	634	786
	635	787
	640	794
	641	795
	642	796
	643	797
	644	798
	645	799
	646	800
	647	801
	648	802
	649	803
	650	804
	651	805
	652	806
	653	807
	654	808
	655	809
	656	810
	657	811
	658	812
	673	827
	674	828
	675	829
	676	830
	677	831
	678	832
	679	833
	680	834
	681	835
	682	836
	683	837
	684	838
	685	839
	686	840
	687	841
	688	842
	689	843
	690	844
	691	845
	692	846
	693	847
	694	848
	695	849
	696	850
	697	851
	698	852
	699	853
	700	854
	701	855
	702	856
	703	857
	704	858
	705	859
	706	860
	707	861
	712	869
	716	876
	717	876
	718	876
	719	876
	723	885
	724	886
	725	887
	727	888
	728	889
	729	889
	730	889
	731	889
	732	889
	737	896
	741	903
	742	903
	744	904
	747	910
	748	911
	749	911
	751	912
	754	918
	755	919
	756	919
	757	919
	759	920
	762	928
	763	929
	764	930
	765	931
	766	932
	767	933
	772	941
	773	942
	774	943
	775	943
	777	944
	780	950
	781	951
	782	952
	783	953
	784	954
	785	955
	786	957
	787	958
	788	959
	789	960
	790	961
	791	962
	792	963
	793	964
	794	965
	795	966
	796	967
	797	968
	798	969
	801	972
	804	980
	805	979
	806	979
	807	981
	811	990
	815	997
	816	997
	820	1004
	821	1005
	822	1005
	823	1005
	824	1005
	825	1005
	830	1012
	831	1013
	834	1019
	835	1019
	837	1020
	840	1023
	841	1024
	842	1024
	844	1025
	845	1026
	848	1029
	850	1030
	851	1031
	852	1032
	855	1038
	856	1039
	857	1040
	859	240
	860	241
	861	242
	862	243
	863	244
	864	245
	865	246
	866	247
	867	248
	868	249
	869	250
	870	251
	871	252
	872	253
	873	254
	874	255
	875	256
	876	257
	877	258
	878	259
	879	260
	880	261
	891	4420
	892	4421
	895	4424
	896	4425
	897	4426
	899	4431
	901	4434
	905	4438
	906	4439
	907	4440
	908	4441
	909	4442
	913	4446
	914	4447
	915	4448
	917	4449
	918	4450
	919	4451
	923	4455
	924	4456
	925	4457
	926	4458
	928	4459
	929	4460
	930	4461
	934	4465
	936	4466
	937	4467
	938	4468
	939	4469
	940	4470
	941	4471
	943	4472
	944	4473
	945	4474
	949	4478
	950	4479
	951	4480
	953	4481
	954	4482
	955	4483
	959	4487
	961	4488
	962	4490
	963	4493
	964	4496
	965	4498
	966	4499
	970	4503
	971	4504
	972	4506
	973	4509
	974	4511
	975	4512
	979	4516
	980	4517
	981	4518
	982	4519
	986	4523
	987	4524
	989	4528
	990	4528
	991	4529
	993	4531
	994	4534
	995	4537
	996	4540
	997	4542
	999	4543
	1000	4544
	1001	4546
	1002	4546
	1003	4546
	1006	4547
	1007	4548
	1011	4552
	1015	4556
	1019	4561
	1020	4561
	1021	4562
	1023	4565
	1025	4568
	1026	4571
	1027	4574
	1028	4577
	1029	4581
	1030	4585
	1031	4589
	1032	4593
	1035	4597
	1036	4598
	1037	4600
	1038	4600
	1039	4600
	1042	4601
	1043	4602
	1047	4606
	1048	4607
	1050	4610
	1051	4611
	1053	4612
	1054	4614
	1055	4615
	1059	4619
	1060	4620
	1061	4621
	1063	4622
	1064	4623
	1065	4624
	1069	4628
	1070	4629
	1071	4630
	1072	4631
	1076	4635
	1077	4636
	1078	4637
	1079	4638
	1083	4642
	1084	4643
	1088	4647
	1089	4648
	1091	4650
	1093	4652
	1096	4655
	1100	4659
	1101	4660
	1102	4661
	1103	4662
	1104	4668
	1106	4663
	1107	4664
	1108	4665
	1110	4668
	1111	4669
	1116	1046
	1117	1047
	1121	1054
	1122	1055
	1123	1056
	1124	1057
	1125	1058
	1126	1059
	1127	1060
	1128	1061
	1129	1062
	1131	1063
	1132	1064
	1133	1068
	1136	1074
	1137	1075
	1138	1076
	1139	1077
	1140	1078
	1141	1079
	1142	1080
	1143	1081
	1145	1082
	1146	1083
	1147	1087
	1150	1093
	1151	1094
	1152	1095
	1153	1096
	1155	1097
	1156	1098
	1157	1099
	1160	1105
	1161	1106
	1162	1107
	1163	1108
	1165	1109
	1166	1110
	1167	1111
	1170	1117
	1171	1118
	1172	1119
	1174	1120
	1175	1121
	1176	1122
	1179	1125
	1180	1126
	1181	1127
	1183	1129
	1184	1130
	1185	1131
	1186	1132
	1187	1133
	1188	1134
	1189	1135
	1190	1136
	1192	1138
	1194	1140
	1200	4732
	1201	4733
	1204	4736
	1205	4737
	1206	4738
	1207	4739
	1208	4740
	1212	4744
	1213	4745
	1214	4746
	1215	4747
	1219	4751
	1220	4753
	1221	4755
	1222	4757
	1223	4758
	1227	4762
	1228	4764
	1229	4765
	1234	1146
	1238	1153
	1239	1154
	1242	1160
	1243	1161
	1246	4687
	1247	4688
	1248	4689
	1256	4696
	1257	4697
	1258	4698
	1259	4699
	1262	4702
	1266	4706
	1270	4710
	1271	4711
	1272	4712
	1274	4713
	1279	4717
	1283	4721
	1288	1167
	1289	1168
	1290	1169
	1293	1175
	1294	1176
	1295	1177
	1298	1183
	1299	1184
	1300	1185
	1303	1191
	1304	1192
	1305	1193
	1308	1199
	1309	1200
	1312	1203
	1313	1204
	1314	1204
	1315	1204
	1316	1204
	1317	1205
	1318	1206
	1319	1207
	1323	1209
	1326	1215
	1327	1216
	1328	1217
	1331	1223
	1333	1224
	1334	1225
	1335	1226
	1336	1227
	1339	1233
	1341	1234
	1342	1235
	1344	1236
	1345	1237
	1347	1238
	1348	1239
	1351	1245
	1352	1246
	1353	1247
	1355	1248
	1356	1250
	1357	1251
	1358	1252
	1359	1254
	1360	1255
	1361	1256
	1362	1257
	1365	1261
	1366	1262
	1367	1263
	1368	1264
	1369	1265
	1372	1268
	1375	1271
	1376	1272
	1377	1273
	1378	1274
	1379	1275
	1380	1276
	1383	1279
	1385	1280
	1387	1282
	1388	1283
	1389	1284
	1390	1284
	1391	1285
	1392	1286
	1394	1287
	1398	1292
	1401	1307
	1402	1308
	1404	1309
	1405	1310
	1407	1311
	1408	1312
	1409	1313
	1412	1319
	1413	1320
	1414	1321
	1415	1322
	1418	1328
	1419	1329
	1420	1330
	1423	1336
	1424	1337
	1425	1338
	1426	1339
	1429	1342
	1430	1343
	1431	1345
	1432	1347
	1433	1348
	1436	1351
	1437	1352
	1438	1353
	1439	1354
	1442	1357
	1443	1358
	1444	1360
	1445	1361
	1446	1362
	1447	1362
	1448	1362
	1449	1362
	1451	1363
	1453	1365
	1456	1372
	1457	1373
	1458	1374
	1459	1374
	1460	1374
	1461	1374
	1464	1376
	1467	1382
	1468	1383
	1470	1384
	1471	1385
	1472	1386
	1473	1387
	1475	1388
	1476	1390
	1477	1391
	1478	1392
	1479	1393
	1480	1394
	1481	1395
	1483	1396
	1484	1397
	1485	1398
	1486	1399
	1488	1400
	1489	1401
	1490	1402
	1491	1403
	1494	1406
	1497	1412
	1498	1413
	1499	1414
	1501	1415
	1502	1416
	1503	1417
	1505	1418
	1506	1420
	1507	1421
	1508	1422
	1509	1422
	1510	1423
	1511	1424
	1512	1425
	1513	1426
	1514	1427
	1515	1428
	1516	1429
	1517	1430
	1521	1434
	1524	1440
	1525	1441
	1526	1442
	1529	1448
	1530	1449
	1531	1450
	1535	1456
	1540	1460
	1541	1461
	1544	1467
	1545	1468
	1548	1474
	1551	1475
	1552	1476
	1553	1477
	1556	1483
	1557	1484
	1558	1485
	1559	1486
	1560	1487
	1561	1488
	1562	1499
	1565	1505
	1566	1506
	1567	1507
	1568	1508
	1569	1509
	1570	1510
	1571	1521
	1578	1538
	1579	1539
	1580	1540
	1581	1540
	1582	1540
	1585	1541
	1586	1541
	1587	1541
	1588	1541
	1590	1542
	1591	1542
	1592	1542
	1593	1542
	1595	1543
	1596	1543
	1597	1543
	1598	1543
	1600	1544
	1601	1544
	1602	1544
	1605	1545
	1606	1545
	1607	1545
	1608	1545
	1610	1546
	1611	1546
	1612	1546
	1613	1546
	1615	1547
	1616	1547
	1617	1547
	1618	1547
	1620	1548
	1621	1548
	1622	1548
	1625	1549
	1626	1549
	1627	1549
	1628	1549
	1630	1550
	1631	1550
	1632	1550
	1633	1550
	1635	1551
	1636	1551
	1637	1551
	1638	1551
	1640	1552
	1641	1552
	1642	1552
	1645	1553
	1646	1553
	1647	1553
	1648	1553
	1650	1554
	1651	1554
	1652	1554
	1653	1554
	1655	1555
	1656	1555
	1657	1555
	1658	1555
	1661	1557
	1664	1560
	1665	1561
	1666	1562
	1667	1562
	1670	1564
	1673	1567
	1674	1568
	1675	1569
	1676	1569
	1677	1569
	1680	1571
	1683	1577
	1685	1578
	1686	1579
	1687	1580
	1688	1581
	1689	1582
	1690	1583
	1692	1584
	1693	1585
	1695	1587
	1696	1588
	1697	1589
	1698	1590
	1699	1591
	1700	1592
	1701	1593
	1703	1594
	1704	1595
	1705	1596
	1706	1597
	1708	1599
	1711	1605
	1713	1606
	1714	1608
	1716	1611
	1717	1612
	1718	1613
	1719	1614
	1721	1616
	1724	1622
	1725	1623
	1726	1623
	1727	1623
	1729	1624
	1732	1630
	1733	1632
	1734	1634
	1735	1635
	1739	1642
	1740	1643
	1741	1644
	1742	1645
	1743	1647
	1744	1651
	1746	1655
	1749	1658
	1751	1659
	1752	1663
	1753	1667
	1754	1668
	1755	1669
	1756	1669
	1757	1669
	1758	1669
	1760	1670
	1762	1672
	1765	1680
	1766	1680
	1767	1681
	1768	1682
	1773	1690
	1774	1691
	1776	1692
	1777	1693
	1779	1697
	1781	1697
	1782	1697
	1783	1697
	1787	1700
	1788	1701
	1789	1702
	1790	1703
	1792	1705
	1795	1711
	1797	1712
	1798	1713
	1801	1716
	1802	1717
	1803	1717
	1804	1717
	1805	1717
	1806	1717
	1807	1718
	1808	1719
	1812	1721
	1815	1724
	1816	1725
	1817	1726
	1818	1727
	1820	1728
	1821	1730
	1822	1731
	1823	1732
	1824	1733
	1825	1734
	1826	1735
	1827	1736
	1828	1737
	1830	1738
	1831	1739
	1832	1740
	1833	1741
	1835	1742
	1836	1743
	1837	1744
	1838	1745
	1840	1746
	1841	1747
	1842	1748
	1843	1749
	1846	1752
	1849	1756
	1850	1757
	1851	1758
	1852	1759
	1853	1760
	1854	1761
	1855	1762
	1856	1763
	1858	1764
	1859	1765
	1860	1766
	1861	1767
	1863	1768
	1864	1769
	1865	1770
	1866	1771
	1869	1774
	1872	1780
	1874	1781
	1875	1783
	1877	1786
	1878	1787
	1879	1787
	1880	1787
	1882	1789
	1885	1795
	1887	1797
	1888	1798
	1890	1799
	1891	1801
	1892	1802
	1893	1803
	1894	1804
	1897	1807
	1900	1813
	1901	1814
	1902	1815
	1906	1822
	1907	1823
	1909	1825
	1911	1828
	1912	1829
	1915	1832
	1916	1833
	1917	1834
	1918	1835
	1921	1838
	1922	1840
	1923	1841
	1924	1842
	1925	1843
	1926	1844
	1927	1845
	1928	1846
	1929	1847
	1930	1848
	1931	1849
	1932	1850
	1933	1851
	1934	1852
	1935	1853
	1936	1854
	1937	1855
	1938	1856
	1939	1857
	1940	1858
	1941	1859
	1942	1860
	1944	1862
	1946	1864
	1947	1865
	1948	1865
	1949	1866
	1951	1868
	1952	1869
	1953	1869
	1954	1870
	1956	1872
	1957	1873
	1958	1873
	1959	1874
	1961	1876
	1962	1877
	1963	1877
	1964	1878
	1966	1880
	1967	1881
	1968	1881
	1970	1883
	1971	1884
	1972	1885
	1974	1887
	1975	1888
	1976	1889
	1978	1891
	1979	1892
	1980	1893
	1983	1896
	1986	1899
	1987	1901
	1988	1902
	1989	1903
	1990	1904
	1991	1905
	1992	1906
	1993	1907
	1994	1908
	1996	1910
	1998	1912
	2001	1915
	2002	1916
	2003	1917
	2004	1917
	2006	1919
	2007	1920
	2008	1922
	2009	1924
	2010	1925
	2011	1927
	2014	1930
	2015	1932
	2016	1933
	2017	1934
	2018	1935
	2019	1936
	2020	1937
	2022	1938
	2023	1939
	2024	1940
	2026	1942
	2029	1948
	2030	1949
	2032	1951
	2033	1952
	2034	1953
	2035	1954
	2036	1955
	2037	1956
	2038	1957
	2039	1958
	2041	1959
	2042	1960
	2043	1961
	2044	1962
	2045	1963
	2046	1964
	2049	1966
	2050	1967
	2053	1970
	2054	1972
	2055	1973
	2056	1974
	2057	1975
	2058	1976
	2059	1977
	2060	1978
	2061	1979
	2062	1980
	2063	1981
	2064	1982
	2067	1985
	2070	1989
	2071	1989
	2072	1990
	2073	1991
	2074	1992
	2075	1993
	2076	1994
	2077	1995
	2079	1996
	2080	1998
	2083	2002
	2084	2002
	2085	2003
	2086	2004
	2087	2005
	2088	2006
	2089	2007
	2090	2008
	2092	2009
	2093	2011
	2096	2017
	2097	2018
	2098	2019
	2101	2022
	2103	2023
	2105	2024
	2106	2025
	2107	2026
	2110	2033
	2111	2035
	2112	2035
	2113	2035
	2115	2036
	2118	2039
	2119	2040
	2121	2041
	2123	2052
	2124	2053
	2125	2054
	2126	2055
	2127	2057
	2128	2064
	2129	2071
	2133	2080
	2134	2081
	2135	2082
	2136	2083
	2137	2085
	2138	2094
	2139	2103
	2142	2111
	2145	2114
	2146	2115
	2147	2117
	2149	2120
	2150	2120
	2151	2120
	2153	2121
	2156	2124
	2157	2125
	2158	2126
	2159	2127
	2161	2129
	2162	2130
	2163	2131
	2164	2132
	2165	2133
	2166	2134
	2167	2135
	2168	2136
	2170	2138
	2171	2138
	2172	2138
	2175	2140
	2178	2147
	2179	2147
	2180	2148
	2181	2149
	2183	2151
	2184	2151
	2185	2152
	2187	2153
	2188	2154
	2190	2156
	2191	2157
	2192	2158
	2193	2159
	2194	2160
	2195	2161
	2197	2162
	2198	2163
	2199	2164
	2200	2165
	2204	2168
	2207	2171
	2208	2172
	2210	2174
	2211	2175
	2212	2176
	2213	2176
	2214	2176
	2215	2176
	2217	2177
	2221	2179
	2224	2182
	2225	2183
	2226	2184
	2227	2185
	2228	2186
	2230	2187
	2231	2188
	2232	2189
	2233	2190
	2235	2192
	2236	2193
	2237	2194
	2238	2195
	2239	2196
	2240	2197
	2241	2198
	2242	2199
	2244	2200
	2245	2202
	2253	2204
	2254	2207
	2255	2209
	2256	2210
	2257	2211
	2258	2212
	2262	2217
	2263	2220
	2264	2222
	2265	2223
	2266	2224
	2267	2225
	2271	2230
	2272	2233
	2273	2235
	2274	2236
	2275	2237
	2276	2238
	2280	2243
	2281	2246
	2282	2248
	2283	2249
	2284	2250
	2285	2251
	2289	2256
	2290	2259
	2291	2261
	2292	2262
	2293	2263
	2294	2264
	2298	2270
	2301	2274
	2302	2275
	2303	2276
	2304	2277
	2305	2278
	2306	2279
	2307	2280
	2308	2281
	2309	2282
	2310	2283
	2311	2284
	2313	2286
	2316	2292
	2317	2293
	2318	2294
	2319	2295
	2321	2296
	2322	2297
	2325	2305
	2326	2306
	2327	2306
	2328	2306
	2329	2307
	2330	2308
	2332	2310
	2338	2319
	2339	2320
	2340	2321
	2341	2322
	2343	2323
	2344	2324
	2345	2325
	2348	2331
	2349	2332
	2350	2332
	2351	2332
	2353	2333
	2356	2336
	2357	2337
	2358	2338
	2359	2339
	2360	2340
	2363	2344
	2364	2347
	2365	2348
	2367	2351
	2368	2352
	2370	2355
	2371	2355
	2372	2355
	2374	2356
	2377	2359
	2378	2360
	2379	2361
	2383	2369
	2384	2369
	2385	2370
	2386	2371
	2388	2372
	2389	2373
	2392	2376
	2393	2378
	2394	2381
	2396	2384
	2397	2385
	2398	2386
	2399	2387
	2400	2388
	2401	2390
	2404	2398
	2407	2405
	2408	2405
	2409	2405
	2411	2406
	2414	2412
	2415	2413
	2417	2415
	2418	2415
	2419	2415
	2420	2415
	2422	2417
	2423	2418
	2424	2418
	2425	2418
	2427	2420
	2428	2421
	2431	2425
	2432	2428
	2434	2430
	2435	2432
	2437	2435
	2438	2435
	2439	2435
	2441	2436
	2444	2442
	2445	2443
	2446	2444
	2451	2452
	2452	2453
	2453	2454
	2455	2455
	2456	2456
	2461	2464
	2462	2465
	2463	2466
	2464	2467
	2465	2468
	2470	2473
	2471	2474
	2472	2475
	2473	2476
	2474	2477
	2475	2478
	2476	2479
	2477	2480
	2478	2481
	2480	2483
	2481	2484
	2482	2485
	2486	2486
	2487	2486
	2490	2487
	2491	2487
	2492	2487
	2494	2488
	2495	2488
	2496	2488
	2498	2489
	2499	2489
	2500	2489
	2502	2490
	2503	2490
	2507	2492
	2510	2495
	2511	2496
	2513	2498
	2514	2499
	2515	2500
	2516	2501
	2517	2502
	2518	2503
	2519	2504
	2521	2506
	2524	2512
	2525	2513
	2527	2514
	2528	2515
	2529	2515
	2530	2515
	2532	2516
	2535	2522
	2536	2523
	2538	2524
	2539	2525
	2540	2527
	2541	2527
	2542	2527
	2544	2529
	2545	2529
	2546	2529
	2548	2530
	2551	2536
	2552	2537
	2553	2538
	2554	2539
	2557	2543
	2558	2545
	2559	2546
	2560	2547
	2563	2550
	2565	2551
	2567	2552
	2568	2554
	2569	2555
	2570	2556
	2571	2557
	2572	2558
	2573	2558
	2574	2558
	2575	2558
	2579	2561
	2582	2565
	2583	2566
	2584	2567
	2585	2568
	2586	2569
	2587	2570
	2588	2571
	2589	2572
	2592	2575
	2595	2578
	2596	2580
	2597	2580
	2598	2581
	2599	2582
	2600	2583
	2602	2584
	2604	2585
	2605	2586
	2606	2587
	2608	2590
	2609	2593
	2611	2596
	2612	2599
	2613	2600
	2616	2607
	2617	2607
	2618	2607
	2619	2607
	2620	2607
	2621	2607
	2624	2608
	2627	2611
	2628	2613
	2629	2614
	2630	2615
	2631	2616
	2632	2617
	2633	2618
	2634	2619
	2636	2621
	2638	2623
	2641	2626
	2642	2627
	2643	2627
	2645	2628
	2648	2634
	2649	2635
	2650	2636
	2652	2637
	2653	2637
	2654	2637
	2656	2638
	2659	2641
	2660	2642
	2662	2643
	2663	2645
	2664	2646
	2665	2647
	2666	2648
	2667	2649
	2668	2650
	2669	2651
	2670	2652
	2671	2653
	2675	2656
	2678	2662
	2679	2663
	2680	2664
	2681	2665
	2684	2671
	2685	2672
	2687	2674
	2688	2675
	2689	2676
	2690	2677
	2691	2678
	2692	2679
	2694	2681
	2695	2682
	2698	2688
	2699	2689
	2700	2690
	2701	2691
	2702	2692
	2703	2693
	2704	2694
	2706	2695
	2707	2696
	2709	2697
	2710	2698
	2711	2699
	2714	2713
	2715	2714
	2716	2715
	2717	2716
	2718	2717
	2719	2718
	2721	2720
	2722	2721
	2723	2722
	2724	2723
	2725	2724
	2726	2725
	2727	2726
	2728	2727
	2729	2728
	2732	2731
	2733	2732
	2734	2733
	2735	2734
	2736	2735
	2737	2736
	2740	2739
	2741	2740
	2742	2741
	2743	2742
	2744	2743
	2745	2744
	2746	2745
	2748	2747
	2749	2748
	2750	2749
	2751	2750
	2752	2751
	2753	2752
	2756	2755
	2757	2756
	2758	2757
	2759	2758
	2760	2759
	2761	2760
	2762	2761
	2764	2763
	2765	2764
	2766	2765
	2767	2766
	2769	2768
	2772	2775
	2773	2775
	2774	2775
	2776	2776
	2779	2779
	2780	2780
	2782	2781
	2783	2783
	2784	2784
	2785	2785
	2786	2785
	2788	2786
	2789	2787
	2790	2788
	2791	2789
	2792	2790
	2793	2791
	2795	2792
	2796	2793
	2797	2794
	2798	2795
	2800	2796
	2801	2797
	2802	2798
	2803	2799
	2806	2802
	2809	2805
	2810	2806
	2811	2807
	2812	2808
	2813	2808
	2815	2809
	2818	2812
	2819	2813
	2820	2814
	2823	2818
	2824	2819
	2825	2820
	2826	2821
	2827	2822
	2828	2823
	2831	2826
	2834	2829
	2835	2831
	2836	2832
	2837	2834
	2839	2836
	2840	2837
	2841	2838
	2843	2839
	2844	2840
	2845	2841
	2846	2842
	2848	2843
	2849	2844
	2850	2845
	2851	2846
	2853	2847
	2854	2848
	2855	2849
	2856	2850
	2860	2854
	2863	2857
	2864	2858
	2866	2860
	2867	2860
	2868	2860
	2869	2860
	2871	2861
	2874	2865
	2875	2865
	2876	2866
	2878	2867
	2879	2868
	2881	2869
	2882	2870
	2884	2871
	2886	2872
	2887	2873
	2889	2874
	2890	2876
	2892	2878
	2893	2879
	2894	2880
	2897	2886
	2898	2888
	2899	2888
	2900	2888
	2901	2888
	2903	2889
	2906	2893
	2907	2893
	2908	2894
	2910	2895
	2911	2896
	2913	2898
	2914	2899
	2915	2900
	2916	2901
	2917	2902
	2918	2904
	2919	2907
	2920	2912
	2922	2917
	2926	2919
	2929	2922
	2930	2923
	2931	2924
	2932	2925
	2933	2926
	2934	2927
	2935	2928
	2937	2929
	2938	2930
	2939	2931
	2940	2933
	2941	2936
	2942	2939
	2943	2942
	2945	2944
	2947	2946
	2948	2947
	2949	2948
	2950	2948
	2951	2949
	2952	2950
	2954	2951
	2955	2952
	2959	2957
	2962	2960
	2963	2961
	2964	2962
	2965	2963
	2966	2964
	2968	2965
	2969	2966
	2970	2967
	2971	2968
	2972	2969
	2974	2970
	2975	2971
	2976	2972
	2977	2974
	2979	2976
	2980	2977
	2981	2978
	2982	2980
	2984	2982
	2985	2984
	2986	2984
	2987	2984
	2988	2984
	2989	2985
	2990	2986
	2991	2987
	2992	2988
	2993	2989
	2996	2992
	2998	2993
	3001	2996
	3002	2997
	3003	2998
	3004	2999
	3005	3001
	3006	3002
	3007	3003
	3008	3004
	3009	3005
	3012	3008
	3015	3011
	3016	3012
	3017	3013
	3018	3014
	3019	3016
	3020	3017
	3021	3018
	3022	3019
	3023	3020
	3025	3022
	3027	3024
	3030	3027
	3031	3028
	3032	3030
	3034	3032
	3035	3034
	3036	3035
	3037	3036
	3039	3038
	3042	3041
	3043	3042
	3044	3043
	3045	3044
	3046	3046
	3047	3046
	3048	3046
	3050	3047
	3053	3050
	3054	3051
	3056	3053
	3057	3053
	3058	3053
	3061	3054
	3062	3055
	3064	3057
	3065	3057
	3066	3057
	3068	3058
	3071	3061
	3072	3062
	3074	3063
	3075	3063
	3076	3063
	3078	3064
	3081	3070
	3083	3071
	3085	3073
	3086	3073
	3087	3073
	3089	3074
	3090	3075
	3093	3078
	3094	3079
	3096	3080
	3097	3081
	3099	3083
	3100	3083
	3101	3083
	3104	3084
	3105	3085
	3107	3087
	3108	3088
	3109	3089
	3110	3090
	3112	3092
	3113	3093
	3116	3096
	3117	3098
	3118	3099
	3119	3100
	3120	3101
	3121	3102
	3122	3103
	3123	3104
	3124	3105
	3125	3106
	3127	3109
	3128	3110
	3130	3113
	3133	3116
	3135	3118
	3138	3121
	3140	3123
	3141	3124
	3142	3125
	3143	3126
	3144	3127
	3145	3128
	3146	3129
	3147	3130
	3149	3131
	3150	3132
	3151	3133
	3152	3134
	3156	3137
	3159	3140
	3160	3141
	3162	3143
	3163	3144
	3164	3145
	3165	3146
	3166	3147
	3170	3150
	3171	3151
	3172	3152
	3175	3156
	3176	3157
	3177	3157
	3179	3159
	3182	3162
	3183	3163
	3185	3165
	3186	3166
	3187	3167
	3188	3168
	3189	3171
	3192	3176
	3195	3179
	3196	3181
	3197	3182
	3200	3186
	3201	3187
	3202	3188
	3203	3188
	3204	3188
	3208	3193
	3210	3195
	3211	3196
	3212	3198
	3213	3200
	3214	3202
	3217	3206
	3220	3209
	3221	3211
	3222	3212
	3223	3213
	3224	3214
	3225	3215
	3226	3215
	3230	3218
	3233	3221
	3234	3223
	3235	3224
	3236	3225
	3237	3226
	3239	3229
	3242	3230
	3243	3231
	3244	3232
	3245	3233
	3248	3234
	3249	3235
	3250	3236
	3251	3237
	3252	3238
	3253	3239
	3256	3240
	3257	3241
	3258	3242
	3259	3243
	3262	3244
	3265	3245
	3268	3246
	3269	3247
	3270	3248
	3271	3249
	3274	3250
	3275	3251
	3276	3252
	3277	3253
	3278	3254
	3279	3255
	3282	3256
	3283	3257
	3284	3258
	3285	3259
	3288	3260
	3291	3263
	3294	3266
	3295	3268
	3296	3269
	3297	3270
	3298	3271
	3299	3273
	3301	3276
	3303	3278
	3306	3286
	3308	3288
	3310	3291
	3312	3294
	3314	3297
	3315	3299
	3320	3307
	3321	3308
	3323	3309
	3325	3310
	3326	3311
	3331	3316
	3332	3318
	3333	3319
	3334	3320
	3335	3321
	3336	3322
	3339	3325
	3342	3328
	3343	3329
	3345	3330
	3346	3331
	3347	3331
	3348	3332
	3349	3333
	3350	3334
	3351	3335
	3352	3331
	3354	3337
	3355	3338
	3358	3341
	3359	3342
	3360	3343
	3361	3343
	3362	3344
	3364	3346
	3367	3349
	3369	3351
	3370	3351
	3371	3351
	3372	3351
	3373	3352
	3374	3352
	3375	3353
	3376	3354
	3377	3355
	3378	3352
	3380	3357
	3381	3358
	3385	3360
	3388	3366
	3389	3367
	3390	3368
	3393	3374
	3394	3375
	3395	3376
	3399	262
	3401	266
	3402	268
	3403	270
	3404	272
	3405	274
	3410	3382
	3411	3383
	3412	3384
	3413	3385
	3414	3386
	3416	3388
	3417	3389
	3421	3396
	3423	3397
	3424	3398
	3426	3399
	3428	3400
	3429	3401
	3430	3402
	3431	3403
	3432	3404
	3434	3405
	3435	3406
	3438	3412
	3440	3413
	3441	3414
	3443	3415
	3444	3419
	3445	3425
	3447	3428
	3448	3429
	3449	3430
	3450	3431
	3451	3432
	3452	3433
	3453	3434
	3454	3435
	3456	3436
	3457	3437
	3460	3443
	3461	3444
	3462	3444
	3463	3444
	3464	3444
	3465	3444
	3466	3445
	3467	3446
	3468	3447
	3472	3449
	3475	3452
	3476	3454
	3477	3454
	3478	3455
	3479	3456
	3481	3458
	3482	3458
	3483	3459
	3484	3460
	3486	3461
	3487	3462
	3488	3463
	3490	3465
	3491	3466
	3492	3467
	3493	3467
	3494	3467
	3497	3469
	3498	3470
	3501	3477
	3502	3479
	3504	3480
	3505	3481
	3507	3482
	3508	3483
	3509	3484
	3510	3485
	3512	3486
	3513	3487
	3514	3488
	3517	3501
	3518	3502
	3519	3502
	3520	3503
	3523	3509
	3524	3509
	3525	3509
	3526	3509
	3527	3509
	3528	3510
	3529	3511
	3530	3512
	3531	3513
	3532	3514
	3533	3515
	3536	3521
	3537	3522
	3538	3523
	3541	3526
	3542	3527
	3543	3527
	3544	3527
	3548	3531
	3549	3532
	3550	3533
	3552	3534
	3553	3535
	3554	3536
	3555	3537
	3556	3538
	3558	3539
	3559	3540
	3560	3541
	3561	3542
	3564	3548
	3565	3549
	3566	3550
	3567	3551
	3568	3552
	3569	3553
	3570	3554
	3571	3556
	3572	3557
	3573	3558
	3574	3559
	3575	3560
	3576	3561
	3577	3562
	3585	3575
	3586	3576
	3587	3577
	3588	3579
	3590	3581
	3593	3582
	3595	3582
	3598	3582
	3600	3584
	3603	3587
	3604	3588
	3605	3589
	3606	3590
	3609	3596
	3611	3597
	3612	3598
	3613	3599
	3614	3600
	3615	3601
	3616	3602
	3618	3603
	3619	3604
	3622	3610
	3623	3611
	3624	3612
	3627	3615
	3628	3616
	3629	3617
	3630	3618
	3631	3618
	3633	3619
	3634	3620
	3637	3623
	3638	3624
	3639	3625
	3640	3626
	3641	3626
	3643	3627
	3644	3628
	3647	3634
	3648	3635
	3649	3636
	3650	3637
	3651	3638
	3654	3641
	3655	3642
	3656	3643
	3657	3644
	3658	3646
	3659	3648
	3660	3648
	3661	3649
	3662	3650
	3663	3651
	3666	3655
	3667	3656
	3668	3657
	3669	3657
	3670	3657
	3673	3659
	3674	3660
	3677	3666
	3678	3667
	3679	3668
	3680	3669
	3681	3670
	3682	3671
	3683	3672
	3684	3673
	3685	3674
	3686	3675
	3687	3676
	3688	3677
	3689	3678
	3694	3684
	3695	3685
	3696	3686
	3697	3687
	3698	3689
	3699	3689
	3700	3690
	3701	3691
	3703	3692
	3705	3693
	3706	3694
	3708	3695
	3710	3697
	3711	3698
	3712	3699
	3713	3699
	3714	3699
	3717	3701
	3720	3704
	3721	3705
	3722	3706
	3723	3707
	3724	3708
	3725	3709
	3726	3710
	3727	3711
	3730	3717
	3731	3718
	3732	3719
	3734	3720
	3735	3721
	3737	3726
	3739	3732
	3742	3735
	3743	3736
	3744	3737
	3745	3738
	3746	3739
	3747	3740
	3748	3741
	3751	3742
	3752	3743
	3755	3746
	3756	3747
	3757	3748
	3758	3749
	3759	3750
	3762	3757
	3763	3759
	3764	3760
	3765	3764
	3773	3767
	3777	3768
	3778	3770
	3779	3772
	3780	3774
	3781	3778
	3784	3781
	3785	3782
	3786	3783
	3787	3784
	3788	3785
	3789	3786
	3790	3787
	3791	3788
	3792	3797
	3795	3803
	3797	3804
	3798	3805
	3799	3806
	3801	3807
	3802	3809
	3803	3811
	3808	3813
	3810	3815
	3813	3821
	3814	3822
	3817	3825
	3818	3826
	3819	3827
	3820	3828
	3823	3831
	3824	3833
	3825	3839
	3826	3840
	3827	3842
	3830	3845
	3831	3846
	3832	3847
	3833	3848
	3834	3849
	3835	3850
	3837	3851
	3838	3852
	3839	3853
	3840	3854
	3841	3855
	3844	3861
	3845	3862
	3846	3863
	3847	3864
	3850	3867
	3851	3869
	3852	3869
	3855	3876
	3856	3872
	3857	3873
	3858	3874
	3859	3875
	3862	3877
	3863	3878
	3864	3879
	3865	3880
	3867	3881
	3868	3882
	3869	3883
	3870	3884
	3871	3885
	3872	3886
	3873	3887
	3874	3888
	3875	3889
	3876	3890
	3877	3891
	3878	3892
	3879	3893
	3880	3894
	3881	3895
	3882	3896
	3884	3897
	3886	3898
	3887	3899
	3889	3900
	3890	3901
	3891	3902
	3892	3903
	3893	3904
	3894	3905
	3895	3906
	3896	3907
	3897	3908
	3898	3909
	3899	3910
	3900	3911
	3901	3912
	3902	3913
	3903	3914
	3904	3915
	3905	3916
	3906	3917
	3908	3918
	3909	3919
	3910	3920
	3911	3921
	3912	3922
	3913	3923
	3915	3924
	3916	3925
	3917	3926
	3918	3927
	3919	3928
	3920	3929
	3921	3930
	3922	3931
	3923	3932
	3924	3933
	3925	3934
	3926	3935
	3927	3936
	3928	3937
	3929	3938
	3930	3939
	3931	3940
	3932	3941
	3933	3942
	3934	3943
	3935	3944
	3936	3945
	3937	3946
	3938	3947
	3939	3948
	3940	3949
	3941	3950
	3943	3951
	3944	3952
	3945	3953
	3946	3954
	3947	3955
	3948	3956
	3949	3957
	3950	3958
	3951	3959
	3952	3960
	3953	3961
	3954	3962
	3955	3963
	3956	3964
	3957	3965
	3958	3966
	3959	3967
	3960	3968
	3961	3969
	3962	3970
	3963	3971
	3964	3972
	3965	3973
	3966	3974
	3967	3975
	3968	3976
	3969	3977
	3970	3978
	3971	3979
	3972	3980
	3973	3981
	3974	3982
	3975	3983
	3976	3984
	3977	3985
	3978	3986
	3979	3987
	3980	3988
	3981	3989
	3983	3990
	3985	3991
	3986	3992
	3987	3993
	3988	3994
	3989	3995
	3990	3996
	3991	3997
	3992	3998
	3993	3999
	3994	4000
	3995	4001
	3997	4002
	3998	4003
	4000	4004
	4001	4005
	4002	4006
	4003	4007
	4004	4008
	4005	4009
	4006	4010
	4007	4011
	4008	4012
	4009	4013
	4010	4014
	4011	4015
	4013	4016
	4014	4017
	4015	4018
	4016	4019
	4017	4020
	4018	4021
	4019	4022
	4020	4023
	4021	4024
	4022	4025
	4023	4026
	4024	4027
	4025	4028
	4026	4029
	4027	4030
	4028	4031
	4029	4032
	4030	4033
	4031	4034
	4032	4035
	4033	4036
	4034	4037
	4035	4038
	4037	4039
	4038	4040
	4040	4041
	4041	4042
	4042	4043
	4043	4044
	4044	4045
	4045	4046
	4046	4047
	4047	4048
	4048	4049
	4049	4050
	4050	4051
	4051	4052
	4052	4053
	4053	4054
	4054	4055
	4055	4056
	4056	4057
	4057	4058
	4058	4059
	4059	4060
	4060	4061
	4061	4062
	4062	4063
	4063	4064
	4064	4065
	4065	4066
	4066	4067
	4067	4068
	4068	4069
	4069	4070
	4070	4071
	4071	4072
	4072	4073
	4073	4074
	4074	4075
	4075	4076
	4076	4077
	4077	4078
	4079	4079
	4080	4080
	4081	4081
	4083	4082
	4084	4083
	4086	4084
	4087	4085
	4088	4086
	4090	4087
	4091	4088
	4093	4089
	4094	4090
net/minecraft/client/renderer/entity/CamelHuskRenderer	33	30
	16	16
	32	29
	17	17
	33	30
	21	20
	26	24
	12	12
	15	15
	31	28
net/minecraft/client/renderer/entity/state/ZombieRenderState	0	0
net/minecraft/client/gui/font/glyphs/BakedGlyph	0	0
com/mojang/realmsclient/dto/RegionPingResult	14	9
	14	9
net/minecraft/client/gui/screens/inventory/tooltip/BelowOrAboveWidgetTooltipPositioner	30	27
	17	16
	18	17
	19	18
	22	19
	23	20
	11	11
	27	23
	12	12
	28	24
	30	27
net/minecraft/client/renderer/texture/atlas/SpriteSourceList	78	78
	64	62
	68	66
	69	67
	70	69
	71	70
	72	71
	73	72
	74	73
	75	74
	78	78
	25	26
	27	27
	32	31
	33	32
	36	35
	37	36
	40	39
	41	40
	42	41
	44	43
	48	47
	49	49
	50	50
	51	51
	52	52
	53	53
	56	56
	59	58
	61	59
	62	60
	63	61
net/minecraft/client/resources/model/BlockStateDefinitions	40	40
	16	17
	32	30
	17	18
	19	19
	20	20
	36	34
	37	36
	22	22
	38	37
	40	40
	28	26
net/minecraft/client/FramerateLimiter	50	43
	32	28
	35	29
	37	30
	38	31
	40	32
	41	33
	42	34
	12	11
	13	12
	45	38
	17	16
	49	42
	18	17
	50	43
	20	18
	21	19
	22	20
	26	24
	27	25
	28	26
	30	27
net/minecraft/client/renderer/entity/state/HoldingEntityRenderState	14	13
	13	12
	14	13
com/mojang/blaze3d/systems/CommandEncoder	598	818
	512	717
	514	720
	515	721
	517	724
	518	725
	521	728
	522	732
	529	735
	530	736
	533	738
	22	20
	537	743
	538	746
	540	744
	541	748
	30	27
	31	28
	32	29
	544	751
	33	30
	545	752
	547	755
	36	33
	548	756
	550	759
	551	760
	40	37
	41	38
	553	763
	42	39
	554	764
	44	41
	556	767
	557	768
	47	44
	559	770
	562	773
	51	48
	563	774
	565	777
	566	778
	55	52
	568	781
	569	782
	59	62
	571	785
	572	786
	574	789
	63	75
	575	790
	64	75
	577	792
	66	76
	67	77
	580	795
	581	796
	70	80
	583	799
	72	81
	584	800
	586	803
	587	804
	76	85
	77	86
	589	807
	590	808
	80	89
	592	811
	81	90
	593	812
	82	91
	83	92
	595	815
	596	816
	86	95
	598	818
	87	96
	88	97
	93	102
	94	103
	95	104
	96	105
	97	106
	99	108
	100	109
	103	112
	104	113
	106	116
	107	189
	110	120
	111	121
	112	122
	115	123
	116	124
	117	125
	119	128
	120	129
	122	132
	123	133
	125	136
	126	139
	129	153
	130	154
	131	155
	132	156
	134	159
	135	160
	137	163
	138	164
	140	167
	141	170
	145	181
	146	182
	147	183
	150	186
	154	195
	155	196
	157	199
	158	200
	159	201
	160	202
	162	204
	165	207
	166	208
	169	211
	171	212
	172	213
	175	216
	176	217
	179	220
	180	221
	182	222
	183	223
	186	235
	187	236
	190	239
	191	240
	193	241
	195	242
	196	243
	199	246
	200	247
	203	250
	205	251
	206	252
	217	255
	218	256
	221	259
	222	260
	223	261
	225	264
	226	265
	229	268
	230	269
	231	271
	233	275
	234	278
	237	287
	238	288
	249	291
	250	292
	253	295
	254	296
	255	297
	256	300
	257	301
	260	304
	261	305
	262	306
	263	309
	264	310
	267	313
	268	314
	271	317
	272	320
	275	329
	276	332
	279	341
	280	342
	289	345
	290	346
	291	347
	292	351
	295	348
	296	354
	299	359
	300	360
	303	363
	304	364
	306	367
	307	369
	309	373
	310	408
	312	374
	313	377
	315	394
	316	395
	318	398
	319	399
	321	402
	322	403
	325	406
	326	410
	344	422
	345	423
	348	426
	349	472
	351	427
	352	430
	354	441
	355	444
	357	458
	358	459
	360	462
	361	463
	363	466
	364	467
	367	470
	368	474
	371	490
	372	491
	375	494
	376	568
	378	495
	379	498
	383	512
	384	515
	386	526
	387	529
	389	543
	390	544
	392	547
	393	548
	395	551
	396	552
	398	555
	399	556
	401	559
	402	560
	405	563
	406	570
	421	573
	422	574
	425	577
	426	578
	445	591
	446	592
	449	595
	450	650
	452	596
	453	599
	455	611
	456	612
	458	615
	459	616
	461	619
	462	622
	464	636
	465	637
	467	640
	468	641
	470	644
	471	645
	474	648
	475	652
	489	665
	490	666
	493	669
	494	730
	496	670
	497	673
	499	687
	500	690
	502	704
	503	705
	505	708
	506	709
	508	712
	509	713
	511	716
net/minecraft/client/multiplayer/chat/package-info	0	0
com/mojang/realmsclient/gui/task/RepeatedDelayStrategy	40	39
	32	31
	37	36
	38	37
	39	38
	24	24
	40	39
	25	25
	10	10
	15	15
	31	30
net/minecraft/client/model/animal/sniffer/SniffletModel	104	77
	22	19
	23	20
	24	21
	28	25
	29	26
	30	27
	33	30
	34	31
	36	32
	37	32
	38	32
	40	33
	41	35
	42	36
	43	38
	44	40
	45	42
	47	44
	48	46
	49	46
	50	46
	51	47
	53	49
	54	50
	55	50
	56	50
	58	52
	59	53
	60	53
	61	53
	63	55
	64	55
	65	55
	66	55
	68	56
	69	57
	70	57
	71	57
	73	59
	74	60
	75	60
	76	60
	78	62
	79	63
	80	63
	81	63
	83	65
	84	66
	85	66
	86	66
	88	68
	89	69
	90	69
	91	69
	93	71
	94	72
	95	72
	96	72
	98	74
	99	75
	100	75
	101	75
	104	77
net/minecraft/client/gui/screens/social/PlayerEntry	290	280
	256	251
	257	252
	258	253
	261	256
	262	257
	263	258
	264	259
	267	262
	268	263
	269	264
	271	265
	276	269
	277	270
	279	271
	280	272
	281	273
	282	274
	283	275
	284	276
	285	277
	286	278
	287	280
	288	280
	290	280
	35	34
	36	35
	37	37
	38	37
	39	38
	40	39
	42	42
	43	42
	44	42
	46	45
	47	45
	48	45
	69	61
	70	62
	71	63
	72	64
	73	65
	74	66
	75	67
	76	68
	77	69
	81	72
	83	74
	84	75
	85	76
	86	77
	89	87
	90	88
	91	89
	92	90
	94	91
	95	92
	96	93
	97	94
	99	95
	100	96
	102	97
	104	98
	105	99
	106	100
	107	103
	108	112
	109	114
	112	119
	115	122
	116	123
	117	124
	118	125
	119	126
	120	127
	121	128
	124	131
	127	134
	128	135
	129	136
	130	137
	131	138
	132	139
	135	142
	138	145
	139	146
	141	147
	142	148
	143	149
	144	150
	146	101
	148	152
	151	155
	152	156
	155	159
	156	160
	158	161
	160	161
	166	166
	167	167
	168	168
	171	169
	172	171
	173	172
	174	173
	176	175
	177	176
	178	177
	181	180
	183	181
	185	182
	186	183
	189	186
	190	187
	192	188
	193	189
	194	190
	195	191
	196	192
	197	193
	198	194
	199	195
	200	196
	202	197
	203	198
	207	202
	208	203
	210	205
	214	209
	219	214
	223	218
	227	222
	231	226
	235	230
	236	231
	239	234
	243	238
	244	239
	247	242
	251	246
	255	250
net/minecraft/client/data/models/blockstates/MultiPartGenerator	62	57
	32	31
	36	35
	37	36
	40	39
	41	40
	42	41
	46	45
	18	17
	19	18
	51	50
	52	51
	53	51
	23	22
	27	26
	62	57
	31	30
net/minecraft/client/gui/components/FriendsButton	54	63
	11	13
	12	14
	13	15
	15	17
	16	17
	17	18
	18	19
	19	20
	20	21
	21	22
	29	28
	30	36
	31	38
	32	42
	33	43
	34	44
	37	47
	38	48
	39	49
	40	50
	41	54
	43	52
	44	54
	48	58
	49	59
	50	60
	51	61
	52	61
	54	63
net/minecraft/client/animation/definitions/CopperGolemAnimation	1112	1360
	10	9
	11	11
	12	15
	13	16
	14	17
	15	18
	16	19
	18	22
	19	26
	20	27
	21	28
	22	29
	23	30
	25	33
	26	37
	27	38
	28	39
	30	42
	31	46
	32	47
	33	48
	35	51
	36	55
	37	56
	38	57
	40	60
	41	64
	42	65
	43	66
	45	69
	47	70
	48	71
	49	75
	50	76
	51	77
	52	78
	53	79
	54	80
	55	81
	56	82
	58	85
	59	89
	60	90
	61	91
	62	92
	63	93
	64	94
	65	95
	66	96
	67	97
	68	98
	69	99
	71	102
	73	103
	74	104
	75	105
	76	109
	77	110
	78	111
	79	112
	80	113
	82	116
	83	120
	84	121
	85	122
	86	123
	87	124
	89	127
	90	131
	92	134
	93	137
	95	140
	96	143
	98	146
	99	150
	100	151
	101	152
	103	155
	104	159
	105	160
	106	161
	108	164
	110	165
	111	166
	112	167
	113	171
	114	172
	115	173
	116	174
	117	175
	118	176
	119	177
	120	178
	121	179
	122	180
	123	181
	124	182
	125	183
	126	184
	127	185
	128	186
	129	187
	130	188
	131	189
	132	190
	133	191
	134	192
	135	193
	136	194
	137	195
	138	196
	139	197
	140	198
	141	199
	142	200
	143	201
	145	204
	146	208
	147	209
	148	210
	149	211
	150	212
	151	213
	152	214
	153	215
	154	216
	155	217
	156	218
	157	219
	158	220
	159	221
	160	222
	161	223
	163	226
	164	230
	165	231
	166	232
	167	233
	168	234
	169	235
	170	236
	171	237
	172	238
	173	239
	174	240
	175	241
	176	242
	177	243
	178	244
	179	245
	180	246
	181	247
	182	248
	183	249
	184	250
	185	251
	186	252
	187	253
	188	254
	189	255
	190	256
	191	257
	192	258
	193	259
	194	260
	195	261
	196	262
	197	263
	198	264
	200	267
	201	271
	202	272
	203	273
	204	274
	205	275
	206	276
	207	277
	208	278
	209	279
	210	280
	211	281
	212	282
	213	283
	214	284
	215	285
	216	286
	217	287
	218	288
	219	289
	220	290
	221	291
	222	292
	224	295
	225	299
	226	300
	227	301
	228	302
	229	303
	230	304
	231	305
	232	306
	233	307
	234	308
	235	309
	236	310
	237	311
	238	312
	239	313
	240	314
	241	315
	242	316
	243	317
	244	318
	245	319
	246	320
	247	321
	248	322
	249	323
	250	324
	251	325
	253	328
	254	332
	255	333
	256	334
	257	335
	258	336
	259	337
	260	338
	261	339
	262	340
	263	341
	264	342
	265	343
	266	344
	267	345
	268	346
	269	347
	271	350
	272	354
	273	355
	274	356
	275	357
	276	358
	277	359
	278	360
	279	361
	280	362
	281	363
	282	364
	283	365
	284	366
	285	367
	286	368
	287	369
	288	370
	289	371
	290	372
	291	373
	292	374
	293	375
	294	376
	295	377
	296	378
	298	381
	299	385
	300	386
	301	387
	302	388
	303	389
	304	390
	305	391
	306	392
	307	393
	308	394
	310	397
	311	401
	312	402
	313	403
	314	404
	315	405
	316	406
	317	407
	318	408
	319	409
	320	410
	321	411
	322	412
	323	413
	325	416
	326	420
	327	421
	328	422
	329	423
	330	424
	331	425
	332	426
	333	427
	334	428
	335	429
	336	430
	338	433
	339	437
	340	438
	341	439
	342	440
	343	441
	344	442
	345	443
	346	444
	347	445
	348	446
	349	447
	350	448
	352	451
	353	455
	354	456
	355	457
	356	458
	357	459
	358	460
	359	461
	360	462
	361	463
	362	464
	364	467
	366	468
	367	469
	368	470
	369	474
	370	475
	371	476
	372	477
	373	478
	374	479
	375	480
	376	481
	377	482
	378	483
	379	484
	380	485
	381	486
	382	487
	383	488
	384	489
	385	490
	386	491
	387	492
	388	493
	389	494
	390	495
	391	496
	392	497
	393	498
	395	501
	396	505
	397	506
	398	507
	399	508
	400	509
	401	510
	402	511
	403	512
	404	513
	405	514
	406	515
	407	516
	408	517
	409	518
	411	521
	412	525
	413	526
	414	527
	415	528
	416	529
	417	530
	418	531
	419	532
	420	533
	421	534
	422	535
	423	536
	424	537
	425	538
	426	539
	427	540
	428	541
	429	542
	430	543
	431	544
	432	545
	433	546
	434	547
	435	548
	436	549
	437	550
	438	551
	439	552
	440	553
	441	554
	442	555
	443	556
	444	557
	445	558
	447	561
	448	565
	449	566
	450	567
	451	568
	452	569
	453	570
	454	571
	455	572
	456	573
	457	574
	458	575
	459	576
	460	577
	461	578
	462	579
	463	580
	464	581
	465	582
	466	583
	467	584
	468	585
	469	586
	470	587
	472	590
	473	594
	474	595
	475	596
	476	597
	477	598
	478	599
	479	600
	480	601
	481	602
	482	603
	483	604
	484	605
	485	606
	486	607
	487	608
	488	609
	489	610
	490	611
	491	612
	492	613
	493	614
	494	615
	495	616
	496	617
	498	620
	499	624
	500	625
	501	626
	502	627
	503	628
	504	629
	505	630
	506	631
	507	632
	508	633
	509	634
	510	635
	511	636
	512	637
	513	638
	514	639
	515	640
	516	641
	517	642
	518	643
	519	644
	521	647
	522	651
	523	652
	524	653
	525	654
	526	655
	527	656
	528	657
	529	658
	530	659
	531	660
	532	661
	533	662
	534	663
	535	664
	536	665
	537	666
	538	667
	539	668
	540	669
	541	670
	542	671
	543	672
	544	673
	545	674
	546	675
	547	676
	549	679
	550	683
	551	684
	552	685
	553	686
	554	687
	555	688
	556	689
	557	690
	558	691
	559	692
	560	693
	561	694
	562	695
	563	696
	564	697
	565	698
	566	699
	568	702
	569	706
	570	707
	571	708
	572	709
	573	710
	574	711
	575	712
	576	713
	577	714
	579	717
	580	721
	581	722
	582	723
	583	724
	584	725
	585	726
	586	727
	587	728
	588	729
	590	732
	591	736
	592	737
	593	738
	594	739
	596	742
	597	746
	598	747
	599	748
	600	749
	601	750
	602	751
	604	754
	605	758
	606	759
	608	762
	610	763
	611	764
	612	765
	613	769
	614	770
	615	771
	616	772
	617	773
	618	774
	619	775
	620	776
	621	777
	622	778
	623	779
	624	780
	625	781
	626	782
	627	783
	628	784
	629	785
	630	786
	631	787
	632	788
	633	789
	634	790
	635	791
	636	792
	637	793
	638	794
	639	795
	640	796
	641	797
	642	798
	643	799
	645	802
	646	806
	647	807
	648	808
	649	809
	650	810
	651	811
	652	812
	653	813
	654	814
	655	815
	656	816
	657	817
	658	818
	659	819
	660	820
	661	821
	663	824
	664	828
	665	829
	666	830
	667	831
	668	832
	669	833
	670	834
	671	835
	672	836
	673	837
	674	838
	675	839
	676	840
	677	841
	678	842
	679	843
	680	844
	681	845
	682	846
	683	847
	684	848
	685	849
	686	850
	687	851
	688	852
	689	853
	690	854
	691	855
	692	856
	693	857
	694	858
	695	859
	696	860
	697	861
	698	862
	699	863
	700	864
	701	865
	702	866
	704	869
	705	873
	706	874
	707	875
	708	876
	709	877
	710	878
	711	879
	712	880
	713	881
	714	882
	715	883
	716	884
	717	885
	718	886
	719	887
	720	888
	721	889
	722	890
	723	891
	724	892
	725	893
	726	894
	727	895
	728	896
	729	897
	731	900
	732	904
	733	905
	734	906
	735	907
	736	908
	737	909
	738	910
	739	911
	740	912
	741	913
	742	914
	743	915
	744	916
	745	917
	746	918
	747	919
	748	920
	749	921
	750	922
	751	923
	752	924
	753	925
	754	926
	755	927
	756	928
	757	929
	758	930
	759	931
	760	932
	761	933
	762	934
	763	935
	764	936
	765	937
	766	938
	767	939
	768	940
	770	943
	771	947
	772	948
	773	949
	774	950
	775	951
	776	952
	777	953
	778	954
	779	955
	780	956
	781	957
	782	958
	783	959
	784	960
	785	961
	786	962
	787	963
	788	964
	789	965
	790	966
	791	967
	792	968
	793	969
	794	970
	795	971
	796	972
	797	973
	798	974
	799	975
	801	978
	802	982
	803	983
	804	984
	805	985
	806	986
	807	987
	808	988
	809	989
	810	990
	811	991
	812	992
	813	993
	814	994
	815	995
	816	996
	817	997
	818	998
	819	999
	820	1000
	821	1001
	822	1002
	823	1003
	824	1004
	825	1005
	826	1006
	828	1009
	829	1013
	830	1014
	831	1015
	832	1016
	833	1017
	834	1018
	835	1019
	836	1020
	837	1021
	838	1022
	840	1025
	841	1029
	842	1030
	843	1031
	844	1032
	845	1033
	846	1034
	847	1035
	848	1036
	849	1037
	851	1040
	852	1044
	853	1045
	854	1046
	855	1047
	856	1048
	857	1049
	858	1050
	859	1051
	861	1054
	862	1058
	863	1059
	864	1060
	865	1061
	866	1062
	867	1063
	868	1064
	869	1065
	870	1066
	871	1067
	872	1068
	874	1071
	875	1075
	876	1076
	877	1077
	878	1078
	879	1079
	880	1080
	881	1081
	882	1082
	883	1083
	884	1084
	885	1085
	887	1088
	889	1089
	890	1090
	891	1091
	892	1095
	893	1096
	894	1097
	895	1098
	896	1099
	897	1100
	898	1101
	899	1102
	900	1103
	901	1104
	902	1105
	903	1106
	904	1107
	905	1108
	906	1109
	907	1110
	908	1111
	909	1112
	910	1113
	911	1114
	912	1115
	913	1116
	914	1117
	916	1120
	917	1124
	918	1125
	919	1126
	920	1127
	921	1128
	922	1129
	923	1130
	924	1131
	925	1132
	926	1133
	927	1134
	928	1135
	930	1138
	931	1142
	932	1143
	933	1144
	934	1145
	935	1146
	936	1147
	937	1148
	938	1149
	939	1150
	940	1151
	941	1152
	942	1153
	943	1154
	944	1155
	945	1156
	946	1157
	947	1158
	948	1159
	949	1160
	950	1161
	951	1162
	952	1163
	953	1164
	954	1165
	955	1166
	956	1167
	957	1168
	958	1169
	959	1170
	960	1171
	961	1172
	962	1173
	964	1176
	965	1180
	966	1181
	967	1182
	968	1183
	969	1184
	970	1185
	971	1186
	972	1187
	973	1188
	974	1189
	975	1190
	976	1191
	977	1192
	978	1193
	979	1194
	980	1195
	981	1196
	983	1199
	984	1203
	985	1204
	986	1205
	987	1206
	988	1207
	989	1208
	990	1209
	991	1210
	992	1211
	993	1212
	994	1213
	995	1214
	996	1215
	997	1216
	998	1217
	999	1218
	1000	1219
	1001	1220
	1002	1221
	1003	1222
	1004	1223
	1005	1224
	1006	1225
	1007	1226
	1008	1227
	1010	1230
	1011	1234
	1012	1235
	1013	1236
	1014	1237
	1015	1238
	1016	1239
	1017	1240
	1018	1241
	1019	1242
	1020	1243
	1021	1244
	1022	1245
	1023	1246
	1024	1247
	1025	1248
	1026	1249
	1027	1250
	1028	1251
	1029	1252
	1030	1253
	1032	1256
	1033	1260
	1034	1261
	1035	1262
	1036	1263
	1037	1264
	1038	1265
	1039	1266
	1040	1267
	1041	1268
	1042	1269
	1043	1270
	1044	1271
	1045	1272
	1046	1273
	1047	1274
	1048	1275
	1049	1276
	1050	1277
	1051	1278
	1052	1279
	1053	1280
	1054	1281
	1055	1282
	1056	1283
	1057	1284
	1058	1285
	1059	1286
	1060	1287
	1062	1290
	1063	1294
	1064	1295
	1065	1296
	1066	1297
	1067	1298
	1068	1299
	1069	1300
	1070	1301
	1071	1302
	1072	1303
	1073	1304
	1074	1305
	1075	1306
	1076	1307
	1078	1310
	1079	1314
	1080	1315
	1081	1316
	1082	1317
	1083	1318
	1084	1319
	1086	1322
	1087	1326
	1088	1327
	1089	1328
	1090	1329
	1091	1330
	1092	1331
	1094	1334
	1095	1338
	1096	1339
	1097	1340
	1098	1341
	1099	1342
	1100	1343
	1101	1344
	1103	1347
	1104	1351
	1105	1352
	1106	1353
	1107	1354
	1108	1355
	1109	1356
	1110	1357
	1112	1360
net/minecraft/client/gui/screens/worldselection/SwitchGrid	182	185
	131	137
	132	138
	133	139
	135	142
	137	143
	138	144
	140	145
	141	146
	142	147
	143	148
	146	151
	147	153
	149	156
	152	159
	153	160
	154	161
	156	164
	158	165
	159	166
	160	168
	161	169
	162	170
	163	171
	164	172
	165	173
	38	53
	166	174
	39	54
	167	175
	168	179
	169	179
	42	57
	170	181
	43	58
	172	185
	46	61
	47	62
	48	63
	178	104
	179	105
	52	67
	180	106
	53	68
	182	108
	57	72
	58	73
	62	77
	64	78
	65	79
	67	80
	68	81
	69	83
	70	84
	73	87
	74	88
	75	89
	76	90
	80	94
	81	95
	89	28
	90	29
	91	30
	94	33
	98	37
	99	38
	102	41
	114	120
	115	121
	116	122
	117	123
	118	124
	121	127
	122	128
	126	132
	127	133
net/minecraft/client/gui/render/DynamicAtlasAllocator	129	130
	129	130
	24	23
	25	24
	26	25
	27	27
	28	28
	29	29
	32	33
	33	34
	34	35
	37	38
	38	39
	39	40
	43	43
	44	44
	45	45
	46	49
	48	46
	49	47
	51	52
	55	56
	56	57
	59	60
	60	61
	61	62
	63	65
	64	66
	65	67
	66	68
	68	70
	71	73
	72	74
	76	78
	77	79
	78	80
	79	81
	80	82
	83	85
	84	86
	85	87
	88	90
	89	91
	90	92
	91	93
	92	94
	93	95
	94	96
	99	101
	104	106
	116	117
	117	118
	118	119
	121	122
	125	126
com/mojang/blaze3d/vertex/QuadInstance	97	114
	9	8
	10	9
	11	10
	12	11
	13	12
	14	13
	15	14
	16	15
	17	16
	20	19
	21	20
	22	21
	23	22
	24	23
	25	24
	30	29
	31	30
	32	31
	33	32
	34	33
	35	34
	40	39
	44	43
	48	47
	49	49
	50	52
	51	55
	52	58
	53	61
	55	63
	58	66
	59	68
	60	71
	61	74
	62	77
	63	80
	65	82
	68	85
	69	86
	70	87
	71	88
	72	89
	75	92
	76	93
	77	94
	78	95
	79	96
	82	99
	83	100
	86	103
	87	104
	88	105
	89	106
	90	107
	93	110
	94	111
	95	112
	96	113
	97	114
net/minecraft/client/telemetry/events/PerformanceMetricsEvent	57	57
	11	11
	18	18
	19	19
	21	21
	24	24
	25	25
	26	26
	27	27
	31	31
	32	32
	33	33
	34	34
	37	37
	38	38
	39	39
	40	40
	41	41
	45	45
	46	46
	47	47
	48	48
	49	49
	50	50
	51	51
	52	52
	53	53
	54	54
	57	57
net/minecraft/client/renderer/entity/state/LivingEntityRenderState	37	35
	17	17
	18	18
	37	35
	29	28
net/minecraft/client/gui/screens/recipebook/RecipeUpdateListener	0	0
net/minecraft/client/gui/screens/options/package-info	0	0
net/minecraft/client/model/animal/camel/package-info	0	0
com/mojang/blaze3d/vulkan/init/VulkanFeature	59	48
	33	24
	37	28
	41	32
	42	33
	11	9
	12	10
	44	34
	14	11
	15	12
	47	37
	48	38
	17	14
	19	16
	52	42
	53	43
	22	19
	56	46
	26	23
	58	47
	27	24
	59	48
	29	24
com/mojang/blaze3d/buffers/Std140Builder	153	149
	128	124
	129	125
	130	126
	134	130
	135	131
	136	132
	137	133
	138	134
	139	135
	143	139
	144	140
	145	141
	146	142
	150	146
	23	19
	151	147
	24	20
	152	148
	25	21
	153	149
	28	24
	32	28
	36	32
	40	36
	41	37
	42	38
	46	42
	47	43
	48	44
	52	48
	53	49
	54	50
	58	54
	59	55
	60	56
	61	57
	65	61
	66	62
	67	63
	68	64
	72	68
	73	69
	74	70
	75	71
	79	75
	80	76
	81	77
	82	78
	86	82
	87	83
	88	84
	89	85
	90	86
	91	87
	95	91
	96	92
	97	93
	98	94
	102	98
	103	99
	104	100
	105	101
	106	102
	107	103
	111	107
	112	108
	113	109
	114	110
	118	114
	119	115
	120	116
	121	117
	122	118
	123	119
	127	123
net/minecraft/client/gui/components/TabOrderedElement	5	5
	5	5
net/minecraft/client/gui/components/OptionsList	213	218
	128	205
	129	206
	130	207
	134	211
	144	114
	145	115
	146	116
	149	119
	25	22
	153	123
	26	23
	154	124
	27	24
	28	25
	158	128
	31	28
	159	129
	32	29
	161	130
	35	32
	36	33
	165	136
	166	137
	39	36
	40	37
	168	139
	41	38
	43	40
	172	146
	173	147
	46	43
	174	148
	47	44
	176	150
	49	46
	52	49
	53	50
	181	156
	182	157
	183	159
	56	53
	184	160
	57	54
	185	161
	186	162
	60	57
	188	164
	61	58
	62	59
	63	60
	192	168
	67	64
	197	173
	71	68
	72	69
	73	70
	201	177
	74	71
	202	178
	75	72
	203	179
	206	183
	79	77
	83	81
	84	82
	212	217
	85	83
	213	218
	86	84
	87	85
	92	90
	95	93
	96	94
	97	95
	98	96
	99	97
	100	98
	105	103
	116	193
	117	194
	118	195
	119	196
	123	200
net/minecraft/client/data/models/model/ModelLocationUtils	36	35
	16	15
	35	34
	20	19
	36	35
	21	20
	25	24
	26	25
	12	11
	30	29
	31	30
net/minecraft/client/User	44	43
	16	15
	32	31
	17	16
	18	17
	19	18
	20	19
	36	35
	21	20
	24	23
	40	39
	28	27
	44	43
net/minecraft/client/renderer/block/model/BlockStateModelWrapper	53	47
	32	30
	35	33
	36	34
	37	36
	38	37
	41	40
	51	45
	52	46
	53	47
	22	20
	23	21
	24	22
	25	23
	29	27
	30	28
	31	29
net/minecraft/client/particle/ItemPickupParticleGroup	52	52
	32	49
	33	50
	35	52
	40	30
	41	31
	43	32
	44	33
	45	34
	47	35
	48	36
	49	37
	19	18
	51	38
	20	19
	52	39
	24	24
	30	46
	31	47
net/minecraft/client/resources/model/sprite/TextureSlots	163	156
	128	116
	129	117
	130	118
	131	119
	134	124
	137	127
	138	128
	142	131
	143	133
	144	134
	145	135
	146	137
	147	138
	148	139
	149	140
	150	141
	151	142
	152	143
	25	25
	157	148
	31	30
	32	31
	160	152
	163	156
	36	34
	37	35
	40	38
	44	42
	48	46
	49	48
	50	49
	52	52
	56	56
	57	57
	59	59
	61	61
	73	64
	79	70
	80	71
	84	75
	85	76
	89	80
	90	80
	93	80
	99	89
	105	93
	106	94
	110	98
	111	99
	115	103
	116	104
	119	107
	120	108
	122	110
	123	111
	124	112
	125	113
	126	114
	127	115
net/minecraft/client/multiplayer/chat/ChatListener	280	258
	256	237
	257	238
	258	239
	261	242
	262	243
	263	244
	264	244
	267	244
	271	248
	272	249
	273	250
	275	252
	280	258
	26	24
	35	32
	36	33
	39	36
	40	37
	41	38
	43	54
	46	41
	47	42
	48	43
	50	47
	54	49
	55	50
	57	54
	60	57
	63	58
	65	59
	68	62
	69	63
	72	66
	73	67
	76	70
	80	74
	81	75
	82	76
	83	77
	86	80
	90	84
	94	88
	95	89
	97	91
	99	93
	102	96
	103	97
	104	98
	106	99
	107	100
	108	101
	109	102
	110	103
	111	104
	113	107
	115	109
	118	112
	119	113
	120	114
	123	115
	125	118
	126	119
	129	120
	130	121
	133	123
	134	124
	135	131
	138	125
	139	126
	140	127
	141	128
	142	129
	144	135
	147	138
	149	139
	150	140
	152	141
	153	149
	156	142
	157	143
	158	144
	160	145
	162	146
	163	147
	165	152
	168	162
	169	163
	170	164
	173	167
	174	195
	177	168
	178	169
	181	172
	182	173
	183	192
	186	174
	188	175
	189	176
	190	177
	191	178
	192	179
	194	181
	195	182
	196	183
	197	184
	201	188
	203	189
	204	190
	208	200
	209	201
	212	204
	213	204
	216	204
	220	208
	221	209
	222	210
	225	213
	226	214
	227	215
	230	218
	231	219
	232	234
	235	220
	236	234
	239	221
	240	222
	241	234
	244	223
	245	224
	246	225
	248	227
	252	230
	253	234
com/mojang/blaze3d/opengl/FrameBufferAttachment	0	0
net/minecraft/client/resources/language/ClientLanguage	79	72
	32	30
	64	60
	34	32
	35	33
	37	35
	69	64
	39	37
	40	38
	41	39
	42	40
	74	68
	47	45
	79	72
	49	46
	21	20
	53	50
	54	51
	55	52
	56	53
	57	54
	27	25
	28	26
	60	57
	29	27
net/minecraft/client/gui/components/package-info	0	0
net/minecraft/client/particle/SquidInkParticle	65	89
	65	67
	12	21
	13	22
	14	23
	16	24
	17	25
	19	26
	20	27
	22	28
	24	29
	25	30
	26	31
	27	32
	31	36
	32	37
	33	38
	34	39
	35	40
	37	43
	38	44
	41	47
	47	75
	48	76
	52	89
	60	53
	61	54
net/minecraft/client/renderer/item/TrackingItemStackRenderState	16	15
	16	15
	12	11
	13	12
net/minecraft/client/model/monster/zombie/DrownedModel	63	54
	17	16
	18	17
	21	20
	22	21
	24	22
	25	23
	26	23
	27	23
	29	25
	30	26
	31	26
	32	26
	35	28
	40	33
	42	34
	43	35
	44	36
	47	39
	48	40
	49	41
	52	44
	53	45
	54	46
	55	47
	56	48
	57	49
	59	50
	60	51
	61	52
	63	54
net/minecraft/client/model/animal/sniffer/SnifferModel	106	131
	32	28
	33	29
	34	29
	35	29
	36	29
	38	30
	39	31
	40	32
	41	33
	42	34
	43	35
	44	36
	45	37
	48	40
	49	41
	51	42
	52	42
	54	43
	55	46
	56	48
	57	50
	59	54
	60	56
	61	59
	62	61
	63	64
	64	66
	65	69
	66	71
	67	74
	68	76
	69	79
	70	81
	72	84
	73	87
	74	89
	76	93
	77	95
	78	98
	79	100
	80	103
	81	105
	82	108
	83	110
	85	113
	90	117
	92	118
	93	119
	95	120
	96	121
	98	123
	101	126
	102	127
	103	128
	104	129
	105	130
	106	131
net/minecraft/client/server/package-info	0	0
net/minecraft/client/gui/spectator/categories/package-info	0	0
net/minecraft/client/particle/DustColorTransitionParticle	50	67
	32	40
	33	41
	37	45
	38	46
	39	47
	45	53
	46	54
	15	25
	17	26
	50	67
	19	27
	20	28
	21	29
	24	32
	28	36
	29	37
	30	38
	31	39
net/minecraft/client/renderer/feature/BlockModelFeatureRenderer	76	80
	32	27
	34	29
	35	30
	38	33
	71	75
	41	43
	42	44
	43	45
	76	80
	46	49
	47	50
	49	52
	19	17
	52	57
	21	18
	53	58
	54	59
	55	60
	56	61
	27	23
	28	24
	29	25
	31	26
com/mojang/blaze3d/systems/GpuQueryPool	0	0
com/mojang/realmsclient/client/worldupload/RealmsUploadTooLargeException	17	17
	16	16
	17	17
	10	10
	11	11
	15	15
net/minecraft/client/multiplayer/TransferState	0	0
net/minecraft/client/main/GameConfig	119	140
	72	41
	73	42
	74	43
	75	44
	76	45
	79	48
	22	27
	23	28
	24	29
	25	30
	26	31
	27	32
	92	119
	99	105
	42	76
	106	112
	43	77
	44	78
	45	79
	46	80
	47	81
	48	82
	49	83
	113	98
	50	84
	51	85
	52	86
	119	91
	60	138
	61	139
	62	140
net/minecraft/client/gui/screens/options/SoundOptionsScreen	28	28
	16	15
	20	19
	21	20
	22	21
	23	22
	24	23
	25	24
	12	11
	28	28
	15	14
net/minecraft/client/renderer/texture/atlas/SpriteResourceLoader	61	64
	33	33
	34	34
	35	35
	36	36
	37	37
	38	38
	39	39
	43	43
	44	44
	45	45
	46	46
	47	47
	51	51
	52	52
	53	53
	54	54
	55	57
	56	58
	25	25
	59	61
	28	28
	61	64
net/minecraft/client/renderer/item/properties/numeric/BundleFullness	20	20
	20	20
	11	11
	15	15
net/minecraft/client/renderer/block/model/EmptyBlockModel	17	17
	17	17
	12	12
net/minecraft/client/gui/screens/reporting/SkinReportScreen	85	75
	64	58
	65	59
	69	63
	70	64
	71	65
	73	67
	75	70
	76	71
	82	75
	83	75
	85	75
	25	23
	31	28
	32	29
	35	32
	36	33
	39	36
	40	37
	44	41
	45	42
	47	43
	49	44
	51	45
	52	46
	54	47
	55	48
	56	49
	57	51
	58	53
	60	54
	61	55
	62	56
	63	57
net/minecraft/client/entity/ClientAvatarEntity	0	0
net/minecraft/client/RotatingSectionStorage	163	159
	132	128
	137	133
	142	137
	143	138
	145	140
	23	22
	24	23
	152	148
	25	24
	153	149
	26	25
	27	26
	155	151
	28	27
	29	28
	31	30
	159	155
	32	31
	33	32
	34	33
	35	34
	163	159
	36	35
	40	39
	43	42
	44	43
	47	46
	48	47
	49	49
	50	50
	52	52
	53	53
	55	55
	56	56
	57	57
	59	58
	60	59
	61	60
	66	66
	68	67
	72	71
	76	75
	80	79
	84	83
	88	87
	92	91
	96	95
	97	96
	98	97
	99	98
	103	102
	104	103
	106	106
	107	107
	108	108
	110	109
	114	113
	115	118
	117	114
	118	115
	120	116
	127	123
net/minecraft/client/renderer/entity/WardenRenderer	89	80
	66	60
	70	63
	75	67
	13	13
	14	14
	15	15
	16	16
	80	71
	17	17
	81	72
	82	73
	83	74
	20	20
	84	75
	85	76
	22	21
	86	77
	23	22
	87	78
	24	23
	88	79
	25	24
	89	80
	27	25
	28	27
	29	27
	34	30
	36	33
	37	34
	42	40
	44	43
	45	44
	50	50
	52	52
	53	52
	58	55
	60	57
	61	57
net/minecraft/client/particle/QuadParticleGroup	35	36
	35	36
	16	16
	17	17
	18	18
	22	22
	23	23
	25	25
	26	26
	27	27
	28	28
	29	29
	30	30
	31	31
com/mojang/blaze3d/platform/NativeLibrariesBootstrap	385	357
	257	235
	262	240
	264	241
	265	242
	266	243
	267	244
	270	248
	272	250
	273	252
	274	253
	275	254
	280	259
	281	260
	284	263
	285	264
	288	267
	289	268
	292	271
	293	272
	296	275
	297	276
	298	277
	300	279
	305	282
	306	283
	310	287
	311	288
	312	289
	57	56
	58	57
	315	290
	316	291
	63	61
	65	62
	321	296
	67	63
	68	64
	69	65
	325	300
	70	66
	326	301
	72	67
	73	68
	329	304
	74	69
	330	305
	75	70
	77	73
	78	74
	335	309
	336	310
	338	312
	83	77
	85	78
	341	315
	342	316
	87	79
	88	80
	89	81
	345	319
	90	82
	346	320
	91	83
	92	84
	93	85
	95	86
	96	87
	97	88
	353	347
	354	348
	356	350
	101	91
	103	93
	104	94
	360	354
	105	95
	361	355
	107	97
	363	357
	108	98
	110	99
	111	100
	112	101
	113	102
	370	326
	115	104
	371	327
	116	105
	372	328
	117	108
	373	329
	118	108
	119	109
	376	332
	377	333
	123	113
	124	140
	380	336
	381	337
	382	338
	383	338
	128	114
	385	338
	130	115
	132	116
	135	117
	136	118
	139	119
	140	120
	143	123
	144	124
	145	126
	146	127
	148	130
	149	131
	150	133
	154	137
	155	140
	160	143
	161	144
	162	145
	163	146
	166	150
	167	151
	168	152
	171	156
	177	160
	178	161
	179	162
	180	163
	181	164
	182	165
	184	167
	188	171
	190	177
	192	172
	193	173
	194	174
	195	175
	200	183
	201	184
	202	185
	203	186
	204	187
	205	188
	207	189
	208	190
	209	191
	211	193
	212	194
	215	197
	216	198
	218	199
	221	202
	222	203
	223	204
	226	207
	228	209
	233	212
	234	213
	239	216
	240	217
	243	220
	244	221
	245	222
	248	225
	249	227
	250	228
	251	229
	254	233
	255	234
net/minecraft/client/renderer/Rect2i	73	70
	64	61
	65	62
	68	65
	69	66
	70	67
	73	70
	10	10
	11	11
	12	12
	13	13
	14	14
	17	17
	18	18
	19	19
	20	20
	22	21
	23	22
	24	23
	25	24
	27	25
	28	26
	29	27
	30	28
	32	29
	36	33
	40	37
	44	41
	45	42
	48	45
	49	46
	52	49
	56	53
	60	57
	61	58
com/mojang/realmsclient/gui/RealmsServerList	47	42
	33	28
	34	29
	37	32
	38	33
	39	34
	43	38
	47	42
	20	17
	21	18
	24	21
	25	22
	27	23
	28	24
	30	25
net/minecraft/client/renderer/entity/state/PhantomRenderState	0	0
net/minecraft/client/renderer/entity/layers/LivingEntityEmissiveLayer	45	51
	35	40
	36	51
	38	41
	39	42
	40	51
	42	43
	43	44
	44	45
	45	51
	25	29
	26	30
	27	31
	28	32
	29	33
	30	34
	31	35
net/minecraft/client/gui/components/Checkbox	185	176
	129	56
	133	60
	137	64
	141	68
	18	18
	146	73
	19	19
	147	74
	20	20
	148	75
	21	21
	151	78
	156	83
	157	84
	158	85
	159	86
	161	90
	164	95
	168	99
	169	100
	172	102
	173	103
	175	105
	177	108
	178	109
	51	128
	180	110
	52	129
	181	111
	53	130
	182	112
	54	131
	184	113
	185	114
	57	134
	58	135
	59	136
	63	140
	64	141
	68	145
	69	146
	70	147
	74	151
	75	152
	76	153
	80	157
	81	158
	85	162
	86	163
	90	167
	91	168
	92	169
	93	170
	95	171
	96	172
	97	173
	99	176
	104	32
	106	33
	107	34
	108	35
	109	36
	110	37
	111	38
	112	39
	115	42
	116	43
	117	44
	121	48
	125	52
net/minecraft/client/renderer/entity/PufferfishRenderer	66	58
	64	56
	33	30
	65	57
	66	58
	38	34
	43	38
	48	42
	49	43
	18	18
	50	44
	51	45
	52	42
	53	47
	54	48
	25	24
	58	51
	27	25
	59	52
	28	26
	60	53
	29	27
net/minecraft/client/resources/metadata/animation/AnimationMetadataSection	45	35
	35	27
	38	30
	40	31
	44	34
	45	35
	18	13
	19	15
	20	16
	21	17
	22	18
	23	19
	24	21
	26	23
	29	26
	30	27
	31	27
net/minecraft/client/renderer/entity/ItemEntityRenderer	166	153
	128	121
	129	122
	133	123
	134	124
	136	125
	138	127
	139	128
	140	129
	141	130
	142	131
	143	132
	144	133
	145	134
	150	137
	151	138
	153	139
	26	26
	154	140
	27	27
	156	142
	29	28
	157	143
	30	29
	158	144
	31	30
	159	145
	160	146
	161	147
	162	148
	35	33
	163	149
	166	153
	40	37
	42	38
	44	39
	45	40
	49	43
	50	55
	53	44
	55	45
	57	46
	58	47
	59	48
	62	49
	63	50
	65	51
	66	52
	68	53
	69	55
	72	64
	73	65
	76	75
	77	76
	78	109
	81	77
	82	78
	86	79
	87	80
	89	81
	91	83
	92	84
	93	85
	94	86
	95	87
	96	88
	97	89
	98	90
	103	93
	104	94
	106	95
	107	96
	109	98
	110	99
	111	100
	112	101
	113	102
	114	103
	115	104
	116	105
	119	109
	122	118
	123	119
	124	120
	125	153
net/minecraft/client/gui/screens/inventory/BookEditScreen	248	223
	49	40
	50	41
	69	54
	70	55
	71	56
	72	57
	74	58
	76	59
	77	60
	80	63
	81	64
	84	67
	89	72
	90	73
	92	74
	93	75
	94	76
	95	77
	96	78
	97	79
	98	80
	99	81
	100	82
	101	83
	102	84
	103	85
	104	86
	105	87
	106	88
	108	89
	110	90
	111	91
	113	92
	114	93
	115	93
	116	98
	117	99
	118	100
	119	101
	121	102
	122	103
	125	106
	129	110
	133	114
	138	119
	139	120
	143	124
	147	128
	151	132
	152	133
	153	134
	155	137
	156	138
	159	141
	160	142
	162	144
	163	145
	164	146
	167	150
	168	151
	169	152
	172	155
	173	156
	174	157
	177	160
	178	161
	181	164
	182	166
	183	167
	185	169
	188	172
	190	173
	192	174
	193	175
	194	176
	199	179
	200	180
	203	183
	204	186
	206	184
	207	186
	211	190
	216	195
	218	197
	219	198
	222	200
	223	201
	228	203
	233	209
	234	210
	235	211
	238	214
	239	215
	241	216
	242	217
	246	221
	247	222
	248	223
net/minecraft/client/gui/screens/packs/PackSelectionModel	269	268
	131	130
	259	258
	136	135
	264	263
	265	264
	141	140
	269	268
	146	145
	151	150
	156	155
	31	33
	32	34
	33	35
	161	160
	34	36
	36	37
	37	38
	165	164
	38	39
	166	165
	39	40
	167	166
	40	41
	168	167
	169	168
	170	169
	43	44
	173	172
	174	173
	47	48
	175	174
	177	176
	51	52
	52	53
	180	179
	181	180
	182	181
	55	56
	183	182
	56	57
	184	183
	57	58
	185	184
	60	61
	189	188
	62	62
	190	189
	191	190
	64	63
	65	64
	66	65
	67	66
	196	195
	197	196
	201	200
	202	201
	203	202
	208	207
	209	208
	83	82
	214	213
	215	214
	219	218
	224	223
	101	100
	229	228
	105	104
	234	233
	238	237
	239	238
	244	243
	117	116
	245	244
	118	117
	249	248
	126	125
	254	253
net/minecraft/client/multiplayer/chat/report/NameReport	72	66
	32	30
	64	59
	65	60
	66	61
	37	35
	69	64
	71	65
	72	66
	42	40
	43	41
	46	44
	47	45
	19	18
	51	49
	20	19
	21	20
	24	23
	56	54
	57	54
	59	54
	29	27
	30	28
	31	29
net/minecraft/client/gui/screens/inventory/tooltip/ClientBundleTooltip	215	220
	130	127
	131	128
	135	132
	139	136
	143	140
	144	140
	145	140
	146	140
	147	140
	23	20
	151	152
	24	21
	152	153
	25	22
	26	23
	154	154
	27	24
	155	155
	28	25
	156	156
	158	158
	160	161
	161	162
	163	163
	164	164
	38	34
	166	166
	39	35
	40	36
	169	169
	170	170
	45	40
	173	173
	46	41
	174	174
	175	175
	176	176
	177	177
	50	45
	178	178
	179	179
	180	180
	182	189
	55	50
	185	192
	186	193
	187	194
	60	55
	188	195
	189	196
	191	198
	64	59
	194	201
	195	202
	68	63
	198	205
	72	67
	202	209
	76	71
	206	213
	80	75
	210	217
	211	218
	84	79
	212	220
	213	220
	215	220
	89	84
	90	85
	91	86
	92	87
	94	89
	97	92
	100	95
	101	96
	102	97
	103	98
	106	103
	107	104
	108	105
	109	106
	111	107
	112	109
	113	110
	114	111
	115	112
	117	113
	118	114
	119	115
	120	116
	121	117
	125	122
	126	123
	127	124
net/minecraft/client/renderer/special/NoDataSpecialModelRenderer	18	24
	17	23
	18	24
	12	11
com/mojang/blaze3d/systems/SurfaceException	10	10
	5	5
	6	6
	9	9
	10	10
com/mojang/blaze3d/PrimitiveTopology	29	27
	4	4
	5	5
	6	6
	7	7
	8	8
	9	9
	10	10
	11	11
	18	18
	19	19
	20	20
	21	21
	24	24
	25	26
	26	25
	27	27
	29	24
net/minecraft/client/renderer/fog/environment/PowderedSnowFogEnvironment	34	35
	16	16
	34	35
	21	21
	22	22
	23	23
	25	25
	26	26
	28	29
	29	30
	30	31
com/mojang/realmsclient/gui/task/DataFetcher	170	166
	129	66
	132	69
	133	70
	134	71
	135	72
	137	74
	140	77
	141	78
	142	79
	21	18
	149	86
	150	87
	151	88
	152	89
	155	92
	28	24
	156	93
	29	25
	30	26
	158	95
	31	27
	161	98
	34	30
	162	99
	35	31
	36	32
	164	101
	38	34
	167	104
	168	105
	42	39
	170	107
	60	123
	61	124
	62	125
	63	126
	64	127
	67	130
	68	131
	69	132
	71	133
	73	136
	74	137
	75	138
	76	138
	77	139
	78	140
	79	141
	80	141
	81	142
	82	143
	83	144
	84	145
	87	148
	88	149
	90	151
	91	152
	92	153
	93	154
	94	155
	95	156
	99	160
	102	163
	103	164
	104	165
	105	166
	114	51
	115	52
	116	53
	119	56
	120	57
	121	58
	124	61
	125	62
	126	63
	127	64
net/minecraft/client/renderer/SkyRenderer	516	515
	512	511
	513	512
	514	513
	515	514
	516	515
	47	46
	48	47
	49	48
	82	75
	84	76
	86	77
	87	78
	88	79
	89	80
	90	81
	91	82
	92	83
	94	85
	95	86
	96	87
	97	89
	98	90
	100	93
	101	94
	102	96
	103	97
	106	100
	109	103
	113	107
	114	108
	115	110
	116	111
	117	112
	118	113
	119	114
	120	116
	121	117
	122	118
	123	119
	124	120
	126	123
	127	124
	133	130
	137	134
	141	138
	142	140
	143	141
	144	142
	145	143
	146	144
	147	145
	148	147
	149	148
	155	154
	156	155
	157	157
	158	158
	159	160
	160	161
	161	162
	162	163
	163	164
	164	165
	166	168
	167	169
	173	175
	174	176
	176	178
	177	179
	178	181
	179	182
	180	183
	181	184
	183	185
	185	186
	186	187
	190	188
	193	189
	195	190
	196	190
	197	190
	199	191
	200	192
	201	193
	202	194
	204	198
	205	199
	206	200
	212	206
	214	207
	215	209
	216	210
	218	212
	221	215
	222	216
	223	218
	224	219
	225	220
	226	222
	227	225
	228	228
	229	231
	230	234
	233	237
	234	238
	235	239
	236	240
	239	243
	240	244
	246	250
	247	251
	248	252
	249	256
	250	257
	251	258
	252	259
	253	260
	254	261
	256	263
	259	266
	260	267
	261	288
	263	268
	264	269
	265	270
	266	288
	268	271
	269	272
	270	273
	271	288
	274	276
	275	277
	276	278
	277	279
	278	280
	279	281
	280	282
	281	283
	282	284
	283	285
	284	288
	287	291
	291	296
	292	297
	293	298
	294	299
	296	300
	297	301
	298	305
	299	306
	300	307
	301	308
	302	309
	303	310
	306	313
	307	314
	310	325
	311	326
	313	327
	314	328
	315	329
	316	330
	318	331
	319	332
	320	333
	321	334
	323	335
	324	336
	325	337
	326	338
	327	339
	330	342
	331	343
	334	346
	335	347
	336	348
	337	349
	338	350
	340	351
	345	353
	346	354
	347	355
	349	357
	350	359
	351	360
	352	361
	353	362
	354	363
	355	364
	356	365
	357	366
	360	369
	361	370
	364	373
	366	374
	367	375
	368	376
	369	377
	370	378
	372	379
	377	381
	378	382
	379	383
	381	385
	382	387
	383	388
	384	389
	385	390
	386	391
	387	392
	388	393
	389	394
	392	397
	393	398
	396	401
	397	402
	398	403
	399	404
	401	405
	402	406
	403	407
	404	408
	406	413
	407	414
	408	415
	409	416
	410	417
	411	418
	412	419
	414	422
	415	423
	418	426
	419	427
	420	454
	423	428
	424	429
	425	430
	426	431
	428	432
	429	433
	430	434
	431	435
	433	437
	435	437
	438	438
	439	439
	441	441
	442	443
	443	444
	444	445
	445	446
	446	447
	447	448
	450	451
	451	452
	452	454
	455	457
	456	458
	458	459
	459	460
	460	461
	462	465
	463	466
	464	467
	465	468
	466	469
	467	470
	468	471
	469	472
	471	474
	474	477
	475	478
	477	479
	478	480
	479	481
	480	482
	481	483
	483	484
	488	486
	489	487
	490	488
	492	490
	493	492
	494	493
	495	494
	496	495
	497	496
	498	497
	499	498
	500	499
	503	502
	504	503
	508	507
	509	508
	510	509
	511	510
com/mojang/blaze3d/font/GlyphBitmap	37	37
	17	17
	33	33
	21	21
	37	37
	25	25
	29	29
com/mojang/realmsclient/util/task/ResettingTemplateWorldTask	19	19
	18	18
	19	19
	12	12
	13	13
	14	14
net/minecraft/client/gui/font/providers/BitmapProvider	235	233
	130	127
	134	131
	135	133
	136	134
	138	135
	139	136
	141	137
	142	138
	144	139
	146	140
	148	141
	150	143
	151	144
	152	146
	153	147
	154	148
	157	149
	159	150
	160	163
	161	164
	35	36
	166	170
	41	41
	42	42
	43	43
	171	176
	172	176
	173	177
	174	179
	47	47
	175	180
	48	48
	177	181
	178	182
	52	52
	182	187
	57	57
	192	210
	193	211
	66	61
	194	212
	68	62
	69	63
	198	215
	71	65
	199	216
	72	66
	200	217
	201	219
	202	220
	75	69
	205	224
	78	71
	79	73
	80	74
	82	77
	210	229
	211	230
	84	78
	212	231
	214	233
	87	91
	89	92
	90	93
	93	96
	94	97
	96	98
	97	99
	100	102
	101	103
	102	104
	230	195
	103	106
	106	111
	235	200
	109	79
	110	81
	111	82
	112	83
	113	84
	114	86
	117	115
	118	116
	120	117
	125	122
net/minecraft/client/gui/screens/dialog/MultiButtonDialogScreen	17	15
	17	15
	12	11
	13	12
net/minecraft/client/renderer/item/EmptyModel	33	42
	16	25
	17	26
	33	42
	20	29
	24	33
	28	37
net/minecraft/client/model/geom/builders/CubeDefinition	34	48
	34	48
	23	36
	24	37
	25	38
	26	39
	27	40
	28	41
	29	42
	30	43
	31	44
net/minecraft/client/renderer/entity/state/SulfurCubeRenderState	0	0
net/minecraft/client/model/animal/package-info	0	0
net/minecraft/client/renderer/entity/MinecartRenderer	14	13
	9	9
	10	10
	14	13
net/minecraft/client/model/animal/sheep/BabySheepModel	52	32
	14	12
	15	13
	18	16
	19	17
	21	18
	22	18
	23	18
	24	18
	26	19
	27	19
	28	19
	29	19
	31	20
	32	21
	33	21
	34	21
	36	23
	37	24
	38	24
	39	24
	41	26
	42	27
	43	27
	44	27
	46	29
	47	30
	48	30
	49	30
	52	32
net/minecraft/client/renderer/entity/ShulkerRenderer	83	77
	64	62
	65	63
	66	64
	67	65
	68	66
	69	67
	70	68
	73	71
	74	71
	76	71
	81	75
	82	76
	83	77
	20	19
	21	22
	24	26
	25	27
	29	30
	34	34
	35	35
	38	38
	39	39
	40	40
	43	43
	44	44
	45	45
	47	46
	48	47
	53	53
	58	57
	63	61
net/minecraft/client/gui/package-info	0	0
net/minecraft/client/model/animal/equine/package-info	0	0
net/minecraft/client/searchtree/package-info	0	0
net/minecraft/client/gui/navigation/ScreenAxis	30	29
	16	15
	17	16
	18	17
	23	22
	24	23
	9	8
	25	24
	10	9
	11	10
	30	29
net/minecraft/client/renderer/entity/state/FireworkRocketRenderState	0	0
net/minecraft/client/renderer/entity/DrownedRenderer	61	54
	35	34
	40	39
	45	43
	47	44
	48	45
	49	46
	50	47
	19	19
	51	48
	20	20
	53	50
	23	23
	24	25
	25	26
	57	53
	26	27
	58	54
	27	28
	59	54
	61	54
	30	30
	31	31
net/minecraft/client/gui/screens/ProgressScreen	78	69
	64	57
	67	69
	70	60
	72	61
	73	62
	75	65
	76	66
	78	69
	19	17
	20	18
	21	19
	25	23
	30	28
	35	32
	36	33
	40	36
	41	37
	42	38
	46	41
	47	42
	48	43
	52	46
	53	47
	57	50
	58	51
	62	55
	63	56
net/minecraft/client/model/animal/nautilus/NautilusModel	94	131
	65	81
	67	82
	68	87
	69	89
	71	93
	72	98
	74	102
	75	107
	76	112
	78	117
	83	121
	84	122
	85	123
	87	124
	90	127
	91	128
	92	129
	93	130
	30	26
	94	131
	31	27
	32	28
	34	29
	35	30
	38	33
	42	37
	43	38
	45	39
	47	40
	48	45
	49	47
	51	51
	52	56
	54	60
	55	65
	56	70
	58	75
	62	79
	63	80
net/minecraft/client/renderer/entity/state/WitherRenderState	5	5
	4	4
	5	5
net/minecraft/client/gui/components/debugchart/TpsDebugChart	68	63
	64	59
	33	30
	34	31
	35	32
	68	63
	37	33
	38	34
	39	35
	41	36
	42	37
	43	38
	44	39
	48	43
	21	18
	53	48
	22	19
	23	20
	58	53
	27	24
	28	25
	29	26
	63	58
net/minecraft/client/model/monster/phantom/PhantomModel	98	82
	27	24
	28	25
	29	26
	30	27
	31	28
	32	29
	33	30
	34	31
	35	32
	38	35
	39	36
	41	37
	42	38
	43	38
	44	38
	46	40
	47	41
	48	41
	49	41
	51	43
	52	43
	53	43
	54	43
	56	44
	57	46
	58	46
	59	47
	61	49
	62	51
	63	51
	64	52
	66	54
	67	56
	68	56
	69	57
	71	59
	72	61
	73	61
	74	62
	76	64
	77	66
	78	66
	79	67
	82	69
	87	73
	89	74
	90	75
	91	76
	92	77
	93	78
	94	79
	96	80
	97	81
	98	82
com/mojang/blaze3d/systems/DeviceInfo	0	0
net/minecraft/client/renderer/item/CuboidItemModelWrapper	149	154
	129	137
	130	138
	134	142
	136	143
	137	144
	138	145
	139	146
	141	147
	143	148
	144	149
	149	154
	43	45
	44	46
	45	47
	46	48
	47	49
	48	50
	51	53
	52	55
	53	56
	54	57
	57	61
	62	74
	63	75
	64	76
	65	77
	66	78
	67	79
	68	80
	71	83
	72	84
	73	86
	74	87
	75	88
	76	89
	80	93
	81	94
	83	95
	84	96
	85	97
	86	98
	88	100
	91	103
	92	104
	93	119
	98	105
	99	107
	100	108
	101	109
	102	110
	103	111
	107	115
	108	116
	110	119
	113	122
	121	126
	122	128
	123	129
	124	130
	125	132
net/minecraft/client/multiplayer/resolver/ServerRedirectHandler	53	47
	32	27
	33	28
	34	29
	35	30
	36	31
	39	34
	40	35
	43	37
	44	38
	45	39
	47	40
	16	14
	48	41
	18	15
	50	43
	53	47
	25	22
	27	23
	29	24
	30	25
	31	26
net/minecraft/client/particle/SonicBoomParticle	26	33
	21	19
	22	20
	9	9
	26	33
	11	10
	12	11
	14	12
	15	13
net/minecraft/client/renderer/entity/state/AvatarRenderState	35	35
	18	18
	19	19
	35	35
	20	20
	21	21
	22	22
	23	23
	24	24
	11	11
	31	31
net/minecraft/client/renderer/entity/WitchRenderer	40	36
	34	30
	35	31
	36	32
	37	33
	38	34
	39	35
	40	36
	14	14
	17	17
	19	18
	20	19
	24	22
	29	26
net/minecraft/client/model/monster/hoglin/package-info	0	0
net/minecraft/client/gui/screens/options/ChatOptionsScreen	32	41
	32	41
	9	9
	12	12
	13	13
	14	15
	15	17
	16	19
	17	21
	18	23
	19	25
	20	27
	21	29
	26	35
	27	36
	31	40
net/minecraft/client/particle/GlowParticle	169	192
	128	59
	130	60
	136	61
	137	62
	138	63
	139	64
	13	14
	14	15
	15	16
	16	17
	18	18
	20	19
	148	109
	21	20
	149	110
	22	21
	153	123
	26	25
	154	124
	155	125
	157	127
	31	30
	160	130
	36	35
	37	36
	38	37
	166	131
	167	132
	168	133
	169	134
	44	72
	45	73
	49	86
	50	87
	51	88
	53	90
	55	93
	56	94
	57	95
	58	96
	60	99
	61	100
	70	172
	71	173
	75	186
	76	187
	78	188
	84	189
	85	190
	86	191
	87	192
	96	143
	97	144
	101	157
	102	158
	104	159
	110	160
	111	161
	112	162
	113	163
	122	44
	123	45
	127	58
com/mojang/blaze3d/platform/VideoMode	135	135
	129	128
	131	131
	135	135
	22	22
	23	23
	24	24
	25	25
	26	26
	27	27
	28	28
	31	31
	32	32
	33	33
	34	34
	35	35
	36	36
	37	37
	40	40
	41	41
	42	42
	43	43
	44	44
	45	45
	46	46
	49	49
	53	53
	57	57
	61	61
	65	65
	69	69
	74	74
	75	75
	77	76
	78	85
	80	77
	81	78
	92	91
	97	96
	100	19
	103	100
	104	101
	108	105
	109	106
	110	107
	111	108
	112	109
	114	111
	115	112
	117	114
	119	117
	121	119
	122	120
	124	122
	126	125
	127	126
com/mojang/blaze3d/framegraph/package-info	0	0
com/mojang/realmsclient/dto/RealmsServer	369	351
	256	241
	257	242
	258	243
	259	244
	260	245
	261	246
	262	247
	263	248
	264	249
	265	250
	266	251
	267	252
	268	253
	269	254
	270	255
	271	256
	272	257
	273	258
	274	259
	278	263
	280	265
	281	266
	28	28
	284	269
	31	30
	288	273
	33	32
	292	277
	296	281
	297	281
	42	38
	299	281
	45	40
	303	285
	51	45
	310	313
	311	314
	56	47
	315	317
	316	318
	61	49
	317	319
	318	320
	319	321
	320	322
	321	323
	322	324
	69	55
	75	59
	333	336
	78	61
	334	337
	335	338
	336	339
	81	63
	337	340
	338	341
	84	65
	343	347
	344	348
	90	69
	347	351
	96	73
	102	77
	105	79
	361	297
	365	301
	369	305
	114	84
	118	88
	122	92
	126	96
	127	97
	130	100
	131	101
	135	105
	136	106
	137	107
	138	108
	141	110
	142	111
	143	113
	144	114
	145	115
	150	120
	151	121
	153	124
	154	125
	156	128
	157	129
	159	132
	160	133
	162	136
	163	137
	165	140
	166	141
	168	144
	169	145
	172	148
	173	149
	174	150
	177	155
	178	160
	181	163
	183	165
	184	166
	185	167
	188	170
	191	173
	192	174
	193	175
	194	176
	195	177
	199	181
	203	185
	207	189
	211	193
	212	194
	216	198
	221	203
	226	208
	227	209
	229	212
	230	213
	232	216
	233	217
	235	220
	237	221
	238	222
	239	223
	240	224
	241	225
	242	226
	243	227
	244	228
	248	233
	249	234
	250	235
	251	236
	252	237
	253	238
	254	239
	255	240
net/minecraft/client/model/player/PlayerCapeModel	49	44
	32	27
	33	28
	36	30
	41	35
	43	37
	44	39
	45	40
	46	41
	47	42
	49	44
	21	18
	23	19
	26	22
	27	23
	28	24
	30	25
	31	27
net/minecraft/client/gui/screens/OutOfMemoryScreen	39	38
	34	33
	35	34
	39	38
	11	11
	12	12
	15	14
	18	17
	19	18
	23	22
	24	23
	25	24
	26	25
	27	26
	28	27
	29	28
	30	29
net/minecraft/client/gui/screens/inventory/ShulkerBoxScreen	23	23
	19	19
	20	20
	21	21
	22	22
	23	23
	11	11
	14	14
	15	15
com/mojang/realmsclient/gui/screens/configuration/RealmsBackupInfoScreen	151	148
	128	135
	129	136
	130	137
	131	138
	132	139
	133	140
	134	141
	135	142
	141	148
	19	17
	147	88
	20	18
	148	94
	149	95
	151	97
	30	25
	31	26
	32	27
	33	28
	37	32
	38	33
	39	34
	41	35
	42	36
	43	37
	47	41
	48	42
	49	43
	53	47
	54	48
	57	51
	58	52
	59	53
	60	54
	61	55
	62	57
	63	57
	65	57
	70	63
	71	64
	72	65
	78	71
	79	72
	80	73
	86	79
	87	80
	88	81
	93	101
	94	102
	95	103
	96	104
	97	105
	98	106
	99	107
	100	108
	101	109
	102	110
	103	111
	111	118
	112	119
	113	120
	114	121
	115	122
	119	126
	120	127
	121	128
	124	131
	125	132
	126	133
	127	134
net/minecraft/client/gui/components/SpriteIconButton	230	278
	128	263
	132	267
	133	278
	135	268
	137	269
	138	270
	140	271
	13	15
	141	272
	14	16
	142	273
	15	17
	144	274
	145	275
	146	276
	147	278
	35	43
	36	44
	37	45
	38	46
	39	47
	40	48
	168	125
	41	49
	169	126
	42	50
	170	127
	43	51
	171	128
	44	52
	174	131
	47	55
	175	132
	48	56
	51	59
	179	136
	52	60
	180	137
	53	61
	181	138
	55	63
	57	65
	185	142
	186	143
	187	144
	188	145
	61	69
	191	149
	192	150
	193	151
	66	74
	194	152
	67	75
	69	78
	70	79
	198	156
	199	157
	200	158
	73	82
	74	85
	204	162
	77	88
	205	163
	78	89
	80	92
	81	93
	209	167
	210	168
	84	96
	85	97
	214	172
	215	173
	88	100
	90	102
	219	177
	220	178
	94	106
	224	182
	225	183
	227	185
	228	187
	230	201
	104	233
	105	234
	109	238
	110	244
	112	239
	114	240
	115	241
	116	242
	117	244
	127	262
net/minecraft/client/renderer/state/gui/GlyphRenderState	38	32
	32	27
	22	17
	38	32
	23	18
	27	22
com/mojang/blaze3d/platform/DebugMemoryUntracker	42	34
	34	27
	35	34
	38	29
	39	30
	40	31
	42	34
	12	11
	14	13
	16	14
	17	15
	18	16
	20	17
	21	18
	22	19
	23	20
	24	20
	26	20
	28	21
	29	22
net/minecraft/client/gui/screens/inventory/EnchantmentNames	65	107
	64	106
	65	107
	44	84
	13	14
	14	15
	47	87
	18	17
	51	91
	20	60
	52	92
	54	94
	55	95
	56	96
	58	99
	60	102
net/minecraft/client/model/monster/breeze/package-info	0	0
net/minecraft/client/model/monster/spider/package-info	0	0
net/minecraft/client/model/animal/allay/package-info	0	0
net/minecraft/client/renderer/item/properties/conditional/ItemModelPropertyTest	0	0
net/minecraft/client/renderer/item/ItemModel	40	38
	40	38
net/minecraft/client/telemetry/TelemetryProperty	184	167
	131	122
	139	155
	140	156
	141	157
	144	159
	149	163
	150	164
	23	22
	154	167
	28	23
	29	24
	30	25
	31	26
	32	27
	160	130
	33	28
	161	131
	34	29
	162	132
	35	30
	163	133
	36	31
	37	32
	165	134
	38	33
	39	35
	168	136
	42	37
	43	38
	44	39
	45	41
	174	141
	175	142
	48	43
	176	143
	49	45
	179	146
	52	48
	53	50
	56	51
	184	150
	57	52
	60	53
	61	54
	62	55
	63	56
	64	57
	65	58
	68	59
	69	60
	72	61
	73	62
	74	63
	75	65
	78	67
	79	68
	82	71
	86	75
	90	79
	94	83
	98	87
	102	91
	106	95
	110	99
	111	102
	112	103
	117	108
	118	109
	119	110
	121	112
	123	114
	126	117
net/minecraft/client/particle/SuspendedTownParticle	127	168
	10	12
	12	13
	13	14
	14	15
	15	16
	16	17
	18	18
	20	19
	21	20
	22	21
	24	22
	25	23
	29	27
	34	32
	35	33
	36	34
	40	38
	41	39
	42	40
	44	41
	45	42
	46	49
	49	44
	50	45
	51	46
	52	47
	53	49
	59	154
	60	155
	64	168
	72	130
	73	131
	77	144
	78	145
	79	146
	87	55
	88	56
	92	69
	93	70
	94	71
	95	72
	103	80
	104	81
	108	94
	109	95
	110	96
	111	97
	112	98
	120	106
	121	107
	125	120
	126	121
	127	122
net/minecraft/client/renderer/item/properties/numeric/package-info	0	0
net/minecraft/client/gui/components/PlayerFaceExtractor	53	62
	32	32
	35	35
	36	36
	39	48
	40	49
	41	50
	43	51
	44	52
	46	54
	49	59
	50	60
	52	61
	53	62
	25	25
	26	26
	27	27
	28	28
	31	31
net/minecraft/client/gui/components/debug/DebugEntryDetailedMemory	42	47
	33	38
	34	39
	35	40
	36	41
	42	47
	15	14
	16	15
	20	25
	21	25
	22	25
	24	27
	27	30
	31	34
net/minecraft/client/model/animal/fox/FoxModel	106	97
	21	19
	22	20
	23	21
	24	22
	25	23
	26	24
	27	25
	28	26
	29	27
	33	30
	34	31
	36	32
	37	33
	39	34
	40	35
	41	36
	42	37
	45	40
	46	41
	49	44
	50	45
	51	46
	55	49
	56	50
	57	51
	58	52
	62	55
	63	56
	64	57
	65	58
	66	59
	67	60
	68	61
	70	63
	73	66
	74	67
	75	68
	78	71
	79	72
	80	73
	81	74
	82	75
	85	78
	86	79
	87	80
	88	81
	89	82
	90	83
	93	86
	94	87
	97	88
	98	89
	99	90
	100	91
	101	92
	102	93
	103	94
	106	97
net/minecraft/client/gui/font/ActiveArea	0	0
com/mojang/blaze3d/audio/Library	333	303
	257	160
	258	161
	260	164
	264	168
	265	169
	266	170
	268	173
	269	174
	271	177
	272	178
	274	181
	275	182
	278	184
	282	189
	284	190
	285	190
	31	24
	288	190
	292	194
	293	195
	295	196
	296	197
	297	198
	299	200
	46	29
	302	203
	306	207
	310	211
	311	212
	313	214
	316	218
	320	228
	65	35
	70	40
	327	232
	328	233
	329	234
	330	235
	75	45
	332	237
	333	238
	79	49
	84	54
	93	259
	94	260
	98	264
	99	265
	100	266
	102	269
	105	271
	106	272
	107	273
	110	276
	115	282
	116	283
	118	286
	119	287
	124	292
	125	293
	126	294
	130	298
	135	303
	139	57
	140	58
	148	62
	150	63
	151	64
	152	65
	154	66
	155	67
	156	68
	159	71
	160	72
	163	75
	164	76
	165	77
	168	80
	169	81
	172	84
	174	85
	175	86
	176	87
	178	88
	179	89
	181	90
	182	91
	184	92
	186	93
	188	96
	190	97
	191	98
	193	101
	194	102
	198	103
	199	104
	202	107
	203	108
	205	109
	206	110
	207	111
	209	112
	214	115
	216	116
	220	120
	221	121
	222	122
	223	123
	226	126
	227	127
	228	128
	229	129
	232	132
	233	134
	234	135
	235	136
	238	140
	240	141
	241	142
	245	147
	249	151
	253	155
	254	156
	255	157
net/minecraft/client/renderer/state/gui/GuiRenderState	311	318
	265	277
	266	278
	269	281
	270	282
	272	285
	273	286
	276	289
	277	290
	279	293
	280	294
	26	23
	283	297
	284	298
	286	301
	287	302
	34	28
	290	305
	291	306
	293	309
	38	32
	294	310
	39	33
	297	313
	42	36
	298	314
	43	37
	44	38
	300	317
	301	318
	47	41
	48	42
	305	259
	50	45
	306	260
	51	46
	307	261
	308	262
	309	263
	54	49
	310	264
	55	50
	311	265
	57	53
	58	54
	61	57
	62	62
	64	58
	65	59
	66	60
	67	62
	70	65
	71	69
	73	66
	74	67
	75	69
	78	72
	79	76
	81	73
	82	74
	83	76
	86	79
	87	83
	89	80
	90	81
	91	83
	94	86
	95	93
	97	87
	98	88
	99	93
	102	96
	103	97
	104	98
	106	101
	107	102
	109	104
	111	107
	112	108
	116	112
	117	114
	118	115
	120	118
	121	120
	122	121
	123	122
	124	123
	125	124
	126	125
	129	129
	130	130
	133	134
	134	135
	135	136
	137	138
	140	141
	141	142
	142	143
	143	144
	144	145
	148	150
	152	154
	153	155
	156	158
	157	159
	160	162
	164	166
	165	167
	166	180
	168	168
	169	169
	170	170
	173	174
	174	175
	175	176
	178	180
	179	181
	182	184
	183	185
	184	186
	185	187
	186	189
	187	190
	190	193
	191	194
	192	195
	195	198
	196	199
	197	200
	198	201
	199	202
	200	203
	203	206
	204	207
	205	208
	208	211
	209	212
	210	213
	211	214
	212	216
	213	217
	216	220
	217	221
	218	222
	221	225
	222	226
	223	227
	224	228
	226	231
	228	233
	229	234
	232	237
	233	238
	235	239
	236	240
	237	241
	238	242
	241	245
	242	246
	243	247
	245	249
	248	252
	249	253
	250	254
	252	256
net/minecraft/client/renderer/entity/layers/DrownedOuterLayer	32	36
	16	15
	32	36
	22	20
	23	21
	24	22
	25	23
	29	33
	30	34
	15	14
	31	35
net/minecraft/client/gui/spectator/PlayerMenuItem	40	40
	17	17
	18	18
	19	19
	35	35
	36	36
	23	23
	24	24
	40	40
	26	26
	30	30
net/minecraft/client/particle/GustParticle	63	80
	32	31
	33	32
	34	36
	36	34
	37	36
	43	42
	12	11
	44	43
	13	12
	14	13
	15	14
	16	15
	48	56
	17	16
	18	17
	22	21
	56	64
	57	65
	27	26
	61	78
	62	79
	63	80
net/minecraft/client/resources/sounds/RidingMinecartSoundInstance	34	41
	16	23
	17	24
	18	25
	34	41
	19	26
	20	27
	24	31
	29	36
net/minecraft/client/resources/sounds/BeeSoundInstance	80	67
	66	57
	67	57
	69	57
	75	62
	80	67
	18	17
	19	18
	20	19
	21	20
	22	21
	23	22
	24	23
	25	24
	26	25
	30	29
	31	30
	33	31
	34	32
	37	35
	38	48
	39	50
	42	36
	43	37
	44	38
	46	39
	47	40
	48	41
	50	42
	52	44
	53	45
	55	50
	58	53
	59	53
	61	53
com/mojang/blaze3d/vulkan/VulkanCommandPool	83	84
	64	64
	65	65
	66	66
	69	69
	70	70
	71	71
	72	72
	73	73
	74	74
	75	75
	77	77
	80	80
	81	81
	83	84
	24	20
	25	22
	26	23
	27	24
	28	25
	29	26
	30	28
	31	30
	33	33
	34	34
	35	35
	39	39
	40	40
	41	41
	42	42
	45	45
	46	46
	47	47
	48	48
	49	49
	51	52
	52	53
	53	54
	56	57
	57	58
	58	59
	61	62
	63	63
net/minecraft/client/renderer/debug/package-info	0	0
net/minecraft/client/gui/components/CommandSuggestions	651	672
	512	514
	513	515
	514	516
	518	521
	519	522
	520	523
	521	524
	527	530
	528	532
	529	533
	530	534
	531	537
	532	541
	533	542
	535	545
	537	548
	540	553
	541	554
	542	555
	543	556
	547	560
	548	561
	550	563
	553	566
	554	567
	557	570
	558	571
	559	572
	560	573
	563	576
	55	54
	567	580
	568	581
	57	55
	58	56
	570	582
	59	57
	571	583
	60	59
	572	584
	575	586
	64	65
	65	66
	579	591
	580	592
	581	593
	582	594
	583	597
	584	598
	585	599
	586	600
	587	603
	588	604
	589	605
	591	608
	592	609
	593	610
	594	611
	595	612
	597	613
	600	615
	604	620
	605	621
	94	103
	606	622
	95	104
	607	623
	96	105
	608	624
	97	106
	609	625
	98	107
	610	626
	99	108
	100	109
	612	632
	101	110
	102	111
	103	112
	615	635
	105	113
	617	636
	106	114
	618	637
	620	640
	109	117
	621	641
	110	118
	111	119
	624	644
	113	121
	625	645
	627	647
	116	124
	628	648
	117	125
	630	650
	120	128
	121	129
	633	653
	122	130
	634	654
	635	655
	636	656
	125	133
	637	657
	638	658
	127	134
	639	659
	128	135
	640	660
	129	138
	641	661
	130	142
	642	662
	131	143
	133	139
	645	665
	646	666
	647	667
	648	668
	137	147
	649	670
	651	672
	141	151
	145	155
	146	156
	147	157
	148	158
	149	160
	150	161
	153	164
	154	165
	155	166
	158	169
	161	172
	165	176
	166	177
	167	178
	169	179
	172	181
	173	182
	175	183
	181	188
	182	189
	186	192
	187	193
	188	194
	190	195
	191	196
	192	198
	193	199
	194	202
	196	200
	199	206
	200	207
	204	211
	206	212
	207	213
	208	214
	209	215
	212	218
	213	219
	214	220
	217	223
	218	224
	219	225
	220	226
	221	227
	223	230
	225	231
	226	232
	227	233
	229	234
	230	235
	231	236
	232	237
	235	240
	237	241
	238	242
	239	243
	240	244
	241	247
	243	245
	244	247
	246	249
	247	250
	249	251
	250	252
	251	253
	252	254
	254	255
	255	256
	258	259
	259	260
	261	262
	263	264
	271	275
	272	276
	274	279
	275	280
	276	281
	280	285
	281	286
	284	289
	286	290
	287	292
	288	293
	291	296
	295	300
	296	301
	297	302
	298	303
	300	304
	304	308
	306	309
	307	310
	308	311
	309	313
	310	314
	311	315
	312	316
	314	318
	317	322
	318	323
	320	326
	321	327
	325	331
	327	332
	328	333
	329	334
	331	334
	332	335
	335	338
	338	341
	339	342
	342	345
	343	346
	346	349
	347	350
	348	351
	350	355
	353	358
	354	359
	355	360
	357	362
	360	365
	361	370
	363	372
	364	373
	365	374
	369	378
	373	382
	374	384
	375	385
	377	388
	378	389
	381	392
	382	392
	384	392
	389	396
	390	396
	393	396
	398	400
	399	401
	400	402
	402	403
	403	405
	404	406
	405	407
	408	410
	409	411
	412	415
	413	416
	416	417
	417	418
	418	419
	420	423
	421	424
	422	425
	423	426
	424	427
	425	428
	426	429
	429	433
	430	434
	434	438
	435	439
	437	441
	440	444
	441	445
	442	446
	444	448
	448	453
	449	455
	450	456
	451	457
	452	458
	453	459
	455	461
	458	464
	459	464
	461	464
	465	468
	466	468
	469	468
	487	482
	488	483
	489	486
	490	487
	491	488
	492	489
	493	490
	494	491
	497	494
	498	495
	499	496
	500	497
	501	498
	502	499
	504	500
	505	501
	508	504
	509	505
	510	506
	511	513
net/minecraft/client/gui/screens/multiplayer/SafetyScreen	46	41
	32	29
	34	32
	35	33
	37	34
	38	34
	40	35
	13	12
	45	40
	14	13
	46	41
	15	14
	16	15
	21	19
	22	20
	23	21
	27	25
	28	26
	29	26
	30	27
	31	28
net/minecraft/client/model/object/leash/LeashKnotModel	32	25
	32	25
	18	17
	19	18
	20	19
	23	22
	24	23
	26	24
	27	24
	28	24
com/mojang/blaze3d/vulkan/VulkanGpuSurface	425	424
	69	65
	70	66
	71	68
	72	69
	73	71
	74	75
	76	76
	77	78
	78	82
	79	83
	80	85
	81	89
	83	90
	84	91
	85	92
	86	93
	88	94
	89	95
	91	96
	92	97
	93	99
	94	101
	95	103
	98	106
	101	109
	102	111
	103	112
	104	113
	105	115
	106	118
	107	121
	108	124
	113	128
	118	133
	122	137
	123	138
	126	138
	127	139
	130	143
	136	147
	137	148
	139	150
	143	154
	144	156
	145	157
	147	160
	148	161
	151	164
	152	175
	157	165
	158	166
	159	168
	160	169
	162	172
	163	173
	164	175
	168	179
	169	181
	170	182
	171	184
	173	187
	174	188
	177	189
	178	194
	181	206
	182	207
	184	208
	187	209
	189	210
	190	211
	191	212
	192	213
	193	214
	195	215
	197	216
	198	217
	199	218
	200	219
	201	220
	203	221
	204	222
	205	223
	207	224
	208	225
	209	226
	210	227
	211	229
	212	231
	213	233
	214	234
	225	237
	226	238
	227	239
	228	241
	229	242
	230	243
	233	246
	234	247
	235	248
	236	249
	237	250
	238	251
	239	252
	240	253
	242	255
	246	259
	251	264
	252	265
	253	266
	254	267
	256	270
	257	271
	259	274
	260	275
	261	276
	262	277
	263	278
	264	279
	265	280
	266	281
	267	282
	268	283
	270	286
	271	287
	272	288
	273	289
	274	290
	275	293
	276	294
	279	296
	282	299
	290	303
	291	304
	293	307
	295	308
	296	309
	298	310
	300	311
	301	313
	302	314
	304	315
	305	316
	306	317
	307	318
	308	319
	309	320
	310	321
	311	322
	312	323
	314	324
	315	325
	316	326
	317	327
	318	328
	319	329
	321	330
	322	331
	324	332
	326	335
	327	336
	328	337
	330	338
	331	339
	332	340
	333	341
	334	342
	336	343
	337	344
	338	345
	339	346
	340	347
	342	348
	343	349
	344	350
	345	351
	346	352
	348	353
	349	354
	350	355
	351	356
	352	357
	354	358
	355	359
	356	360
	357	361
	358	362
	360	363
	362	366
	363	367
	365	368
	366	369
	367	370
	368	371
	369	372
	370	373
	371	374
	372	375
	373	376
	375	377
	376	378
	377	379
	378	380
	379	381
	380	382
	382	383
	383	384
	384	385
	385	386
	386	387
	388	388
	389	389
	390	390
	392	391
	394	394
	396	395
	397	396
	398	397
	399	398
	403	402
	404	403
	406	406
	407	407
	408	408
	409	409
	410	410
	411	411
	412	412
	413	413
	414	414
	415	415
	416	416
	417	417
	418	418
	419	419
	422	421
	425	424
net/minecraft/client/renderer/StagedVertexBuffer	371	345
	257	288
	259	291
	262	294
	263	295
	264	296
	265	297
	266	298
	268	301
	269	302
	273	306
	274	307
	275	309
	276	310
	277	311
	278	312
	280	315
	281	316
	282	317
	285	321
	286	321
	288	321
	292	325
	293	326
	294	327
	295	328
	41	39
	43	40
	44	41
	300	331
	45	42
	301	332
	46	43
	302	333
	304	335
	49	46
	308	339
	53	50
	309	340
	54	51
	310	341
	311	342
	56	54
	312	343
	57	55
	313	344
	314	345
	59	58
	60	59
	61	60
	65	64
	66	65
	68	68
	69	69
	71	72
	72	73
	73	74
	74	75
	78	79
	79	88
	81	80
	82	81
	83	82
	85	85
	86	86
	87	88
	90	91
	91	92
	92	95
	348	237
	93	124
	349	238
	350	239
	351	240
	96	96
	98	97
	354	243
	99	98
	355	244
	356	245
	101	100
	357	246
	102	101
	358	247
	359	248
	362	251
	107	102
	108	103
	110	104
	366	255
	111	105
	367	256
	368	257
	113	106
	114	107
	371	260
	117	109
	118	110
	122	115
	123	116
	124	117
	125	124
	128	118
	129	119
	130	120
	132	121
	140	124
	143	134
	146	135
	147	136
	148	138
	149	139
	150	141
	151	142
	154	143
	155	145
	156	146
	159	151
	160	152
	163	153
	164	154
	165	155
	166	156
	168	159
	172	164
	173	165
	174	166
	176	168
	179	171
	180	172
	181	173
	182	175
	183	176
	184	177
	185	178
	187	181
	191	185
	192	186
	194	187
	195	188
	197	190
	198	191
	199	192
	200	193
	201	194
	203	196
	204	197
	205	198
	210	204
	211	205
	212	206
	213	207
	216	210
	217	211
	218	212
	219	213
	220	214
	221	215
	225	219
	226	220
	227	221
	228	222
	229	223
	246	277
	247	278
	248	279
	251	282
	252	283
	253	284
	254	285
	255	286
net/minecraft/client/sounds/ChunkedSampleByteBuf	51	48
	32	30
	33	31
	34	32
	37	35
	39	36
	40	37
	43	40
	44	41
	45	42
	46	43
	47	44
	19	17
	51	48
	20	18
	21	19
	25	23
	26	24
	27	25
	28	26
	31	29
net/minecraft/client/renderer/MultiblockChestResources	24	17
	16	11
	21	17
	22	17
	23	17
	24	17
	13	8
	14	9
	15	10
net/minecraft/client/renderer/entity/layers/BlockDecorationLayer	49	41
	33	33
	34	34
	35	41
	38	35
	40	36
	44	37
	46	38
	48	39
	49	41
	18	18
	19	18
	20	19
	26	24
	27	25
	28	26
	29	27
net/minecraft/client/renderer/entity/state/WitchRenderState	0	0
com/mojang/realmsclient/dto/Exclude	0	0
net/minecraft/client/gui/screens/inventory/ContainerScreen	28	27
	16	15
	17	16
	18	17
	19	18
	23	22
	24	23
	25	24
	26	25
	11	11
	27	26
	28	27
net/minecraft/client/gui/components/debugchart/PingDebugChart	34	32
	34	32
	19	17
	20	18
	24	22
	29	27
	14	12
	15	13
net/minecraft/client/renderer/entity/layers/PhantomEyesLayer	19	19
	19	19
	11	11
	14	14
	15	15
net/minecraft/realms/RepeatedNarrator	29	28
	16	15
	17	16
	20	19
	21	21
	22	23
	24	22
	26	25
	27	26
	29	28
com/mojang/blaze3d/platform/WindowEventHandler	0	0
net/minecraft/client/resources/language/LanguageManager	89	79
	64	57
	68	61
	71	62
	73	63
	74	64
	77	67
	78	68
	81	71
	85	75
	23	22
	24	23
	89	79
	31	29
	32	30
	33	31
	36	34
	38	35
	40	37
	41	38
	43	39
	45	41
	46	42
	48	44
	50	45
	55	49
	56	50
	57	51
	58	52
	60	53
	61	54
	62	55
	63	56
net/minecraft/client/gui/screens/inventory/DispenserScreen	29	29
	19	19
	20	20
	21	21
	25	25
	26	26
	11	11
	27	27
	28	28
	29	29
	14	14
	15	15
net/minecraft/client/renderer/feature/phase/package-info	0	0
net/minecraft/client/gui/screens/options/DifficultyButtons	76	75
	69	68
	70	69
	71	70
	72	71
	73	72
	74	73
	76	75
	20	18
	21	19
	22	25
	23	26
	25	29
	26	32
	27	34
	28	35
	29	36
	32	40
	34	41
	35	42
	36	43
	38	44
	39	45
	40	46
	42	47
	46	51
	47	52
	48	53
	49	54
	50	55
	53	58
	59	62
com/mojang/realmsclient/client/worldupload/RealmsWorldUploadStatusTracker	21	21
	16	16
	21	21
	11	11
net/minecraft/client/multiplayer/ClientChunkCache	330	322
	256	246
	257	247
	260	250
	261	258
	263	251
	264	252
	265	253
	267	255
	269	258
	272	261
	273	262
	274	263
	275	265
	276	266
	278	268
	281	271
	282	272
	283	273
	284	275
	285	276
	286	277
	287	278
	33	32
	290	281
	293	284
	294	285
	295	287
	296	288
	41	39
	297	289
	42	40
	298	290
	43	41
	299	291
	44	42
	45	43
	301	293
	304	296
	49	46
	307	299
	53	50
	54	51
	311	303
	56	54
	57	55
	316	307
	61	59
	317	308
	62	66
	318	310
	319	311
	64	60
	320	312
	65	61
	321	313
	66	62
	322	314
	67	63
	323	315
	69	66
	327	319
	328	320
	73	69
	74	70
	330	322
	75	71
	76	72
	80	76
	81	76
	83	76
	88	80
	92	84
	93	85
	94	95
	96	87
	98	88
	99	89
	100	90
	102	92
	104	95
	107	100
	108	101
	109	102
	111	105
	113	106
	114	107
	115	108
	117	109
	118	110
	119	111
	121	113
	122	114
	124	117
	125	118
	130	122
	133	125
	134	126
	135	127
	138	130
	139	131
	141	132
	142	133
	143	134
	144	135
	145	137
	146	138
	147	139
	148	140
	149	141
	150	142
	154	147
	156	149
	160	152
	165	156
	170	160
	175	164
	176	165
	179	168
	183	172
	187	176
	191	180
	195	184
	196	185
	197	186
	198	187
	199	188
	200	189
	204	192
	205	193
	222	210
	223	211
	224	212
	225	214
	226	215
	227	216
	228	217
	229	218
	231	220
	234	223
	238	227
	239	228
	240	229
	241	230
	242	231
	245	234
	246	235
	247	236
	249	238
	252	241
	253	242
	254	243
net/minecraft/client/renderer/entity/LivingEntityRenderer	344	320
	257	244
	258	245
	260	246
	261	247
	263	248
	264	249
	265	250
	266	251
	269	254
	270	255
	271	256
	273	258
	274	259
	276	262
	277	263
	279	265
	282	268
	283	269
	284	270
	285	271
	286	272
	287	273
	290	276
	291	277
	292	278
	293	279
	294	280
	295	281
	297	282
	300	283
	301	284
	302	285
	303	286
	49	50
	305	288
	50	51
	306	289
	51	52
	52	53
	308	290
	53	54
	309	291
	56	57
	312	293
	316	297
	61	62
	318	298
	319	299
	320	300
	66	66
	67	67
	68	68
	324	303
	69	69
	325	304
	326	305
	71	71
	327	306
	330	309
	331	310
	76	76
	333	311
	78	77
	334	312
	79	78
	335	313
	80	79
	81	80
	337	314
	82	81
	338	315
	341	318
	86	85
	87	86
	344	320
	89	87
	92	88
	93	89
	96	90
	98	91
	99	92
	101	93
	102	94
	103	95
	104	96
	105	97
	106	98
	109	101
	111	102
	112	104
	113	105
	117	109
	118	110
	119	111
	122	114
	126	118
	132	124
	133	125
	134	126
	136	127
	137	128
	139	130
	140	130
	142	130
	146	135
	150	139
	154	143
	155	144
	156	145
	157	146
	158	147
	159	148
	164	153
	168	157
	170	158
	173	161
	174	162
	176	165
	177	166
	178	167
	179	168
	180	169
	182	172
	183	173
	184	174
	185	175
	186	176
	187	177
	188	178
	189	179
	190	180
	191	181
	192	182
	193	183
	194	184
	196	186
	199	189
	203	193
	207	197
	211	200
	212	201
	213	202
	214	203
	218	207
	219	208
	220	209
	221	210
	222	211
	223	212
	224	213
	225	214
	226	216
	227	217
	228	218
	230	219
	232	220
	236	226
	240	230
	241	231
	245	235
	250	239
	255	243
net/minecraft/client/model/animal/nautilus/package-info	0	0
net/minecraft/client/renderer/block/model/SpecialBlockModelWrapper	37	33
	16	15
	32	28
	17	16
	18	17
	34	29
	36	32
	37	33
	22	21
	23	22
	31	27
net/minecraft/client/renderer/ShaderDefines	94	100
	64	69
	67	72
	68	73
	70	76
	71	77
	75	81
	79	85
	16	13
	80	86
	18	14
	19	16
	20	17
	84	90
	21	19
	85	91
	24	23
	89	95
	90	96
	28	27
	29	28
	30	31
	94	100
	31	32
	33	35
	34	36
	35	37
	36	38
	37	39
	38	40
	39	41
	43	45
	44	47
	45	48
	46	49
	47	50
	49	53
	50	54
	52	57
	56	61
	60	65
	61	66
net/minecraft/client/animation/definitions/WardenAnimation	618	826
	12	9
	13	10
	14	14
	15	15
	16	16
	17	17
	18	18
	19	19
	20	20
	21	21
	22	22
	23	23
	24	24
	25	25
	26	26
	27	27
	28	28
	29	29
	31	32
	32	36
	33	37
	34	38
	35	39
	36	40
	37	41
	38	42
	39	43
	40	44
	41	45
	42	46
	43	47
	44	48
	45	49
	46	50
	47	51
	48	52
	50	55
	51	59
	52	60
	53	61
	54	62
	55	63
	56	64
	57	65
	58	66
	59	67
	60	68
	61	69
	62	70
	63	71
	64	72
	65	73
	66	74
	67	75
	68	76
	70	79
	71	83
	72	84
	73	85
	74	86
	75	87
	76	88
	77	89
	78	90
	79	91
	80	92
	81	93
	82	94
	83	95
	84	96
	85	97
	86	98
	87	99
	89	102
	90	106
	91	107
	92	108
	93	109
	94	110
	95	111
	96	112
	97	113
	98	114
	99	115
	100	116
	101	117
	102	118
	103	119
	104	120
	105	121
	106	122
	107	123
	108	124
	110	127
	111	131
	112	132
	113	133
	114	134
	115	135
	116	136
	117	137
	118	138
	119	139
	120	140
	121	141
	122	142
	123	143
	124	144
	125	145
	126	146
	127	147
	129	150
	130	154
	131	155
	132	156
	133	157
	134	158
	135	159
	136	160
	137	161
	138	162
	139	163
	140	164
	141	165
	142	166
	143	167
	144	168
	145	169
	146	170
	147	171
	148	172
	149	173
	150	174
	151	175
	153	178
	154	182
	155	183
	156	184
	157	185
	158	186
	159	187
	160	188
	161	189
	162	190
	163	191
	164	192
	165	193
	166	194
	167	195
	168	196
	169	197
	170	198
	171	199
	172	200
	174	203
	175	207
	176	208
	177	209
	178	210
	179	211
	180	212
	181	213
	182	214
	183	215
	184	216
	185	217
	187	220
	188	224
	189	225
	190	226
	191	227
	192	228
	193	229
	194	230
	195	231
	196	232
	197	233
	198	234
	199	235
	200	236
	201	237
	202	238
	203	239
	204	240
	206	243
	207	247
	208	248
	209	249
	210	250
	211	251
	212	252
	213	253
	214	254
	215	255
	216	256
	217	257
	218	258
	220	261
	221	265
	222	266
	223	267
	224	268
	225	269
	226	270
	227	271
	228	272
	229	273
	230	274
	231	275
	232	276
	233	277
	234	278
	235	279
	237	282
	239	283
	240	284
	241	288
	242	289
	243	290
	244	291
	245	292
	246	293
	247	294
	248	295
	249	296
	250	297
	251	298
	252	299
	253	300
	254	301
	255	302
	256	303
	257	304
	258	305
	259	306
	261	309
	262	313
	263	314
	264	315
	265	316
	266	317
	267	318
	268	319
	269	320
	270	321
	271	322
	272	323
	274	326
	275	330
	276	331
	277	332
	278	333
	279	334
	280	335
	281	336
	283	339
	284	343
	285	344
	287	347
	288	351
	289	352
	290	353
	291	354
	292	355
	293	356
	294	357
	295	358
	296	359
	297	360
	299	363
	300	367
	301	368
	302	369
	303	370
	304	371
	306	374
	307	378
	308	379
	309	380
	310	381
	311	382
	312	383
	313	384
	314	385
	315	386
	316	387
	317	388
	318	389
	320	392
	321	396
	322	397
	323	398
	324	399
	325	400
	326	401
	327	402
	328	403
	330	406
	331	410
	332	411
	333	412
	334	413
	335	414
	336	415
	337	416
	338	417
	339	418
	341	421
	342	425
	343	426
	344	427
	345	428
	346	429
	347	430
	348	431
	349	432
	351	435
	352	439
	353	440
	354	441
	355	442
	356	443
	357	444
	358	445
	359	446
	360	447
	362	450
	363	454
	364	455
	365	456
	366	457
	367	458
	368	459
	369	460
	370	461
	372	464
	374	465
	375	466
	376	470
	377	471
	378	472
	379	473
	380	474
	381	475
	382	476
	383	477
	385	480
	386	484
	387	485
	388	486
	389	487
	390	488
	392	491
	393	495
	394	496
	395	497
	396	498
	397	499
	398	500
	399	501
	400	502
	402	505
	403	509
	404	510
	405	511
	406	512
	407	513
	408	514
	410	517
	411	521
	412	522
	413	523
	414	524
	415	525
	416	526
	417	527
	419	530
	420	534
	421	535
	422	536
	423	537
	424	538
	426	541
	427	545
	428	546
	429	547
	430	548
	431	549
	432	550
	433	551
	435	554
	436	558
	437	559
	438	560
	439	561
	440	562
	442	565
	444	566
	445	567
	446	571
	447	572
	448	573
	449	574
	450	575
	451	576
	453	579
	454	583
	455	584
	456	585
	457	586
	458	587
	459	588
	460	589
	461	590
	462	591
	464	594
	465	598
	466	599
	467	600
	468	601
	469	602
	471	605
	472	609
	473	610
	474	611
	475	612
	476	613
	478	616
	480	617
	481	618
	482	622
	483	623
	484	624
	485	625
	487	628
	488	632
	489	633
	490	634
	491	635
	493	638
	494	642
	495	643
	496	644
	497	645
	499	648
	500	652
	501	653
	502	654
	503	655
	505	658
	506	662
	507	663
	508	664
	509	665
	511	668
	512	672
	513	673
	514	674
	515	675
	517	678
	518	682
	519	683
	520	684
	521	685
	523	688
	524	692
	525	693
	526	694
	527	695
	529	698
	531	699
	532	700
	533	704
	534	705
	535	706
	536	707
	537	708
	538	709
	539	710
	540	711
	542	714
	543	718
	544	719
	545	720
	546	721
	547	722
	548	723
	550	726
	551	730
	552	731
	553	732
	554	733
	555	734
	556	735
	558	738
	559	742
	560	743
	561	744
	562	745
	563	746
	564	747
	566	750
	567	754
	568	755
	569	756
	570	757
	571	758
	572	759
	573	760
	575	763
	576	767
	577	768
	578	769
	579	770
	580	771
	582	774
	583	778
	584	779
	585	780
	586	781
	587	782
	588	783
	589	784
	590	785
	591	786
	592	787
	594	790
	595	794
	596	795
	597	796
	598	797
	600	800
	601	804
	602	805
	603	806
	604	807
	605	808
	606	809
	607	810
	608	811
	609	812
	610	813
	612	816
	613	820
	614	821
	615	822
	616	823
	618	826
net/minecraft/client/renderer/Sheets	126	116
	24	23
	25	24
	26	25
	27	26
	28	27
	29	28
	30	29
	31	30
	32	31
	33	32
	35	33
	36	34
	38	35
	39	36
	40	37
	41	38
	43	39
	44	40
	45	41
	47	42
	48	43
	49	44
	50	45
	51	46
	53	47
	54	48
	56	52
	57	53
	58	54
	60	55
	61	56
	66	59
	67	60
	69	61
	71	62
	72	63
	73	64
	74	65
	77	68
	81	72
	85	76
	89	80
	93	84
	97	88
	101	92
	105	96
	109	100
	113	104
	117	108
	118	109
	120	110
	121	111
	122	112
	123	113
	124	114
	125	115
	126	116
net/minecraft/client/resources/sounds/RidingEntitySoundInstance	72	76
	66	69
	67	70
	68	71
	70	73
	72	76
	18	27
	19	28
	20	29
	21	30
	22	31
	23	32
	24	33
	26	34
	27	35
	28	36
	29	37
	30	38
	34	42
	39	47
	43	51
	47	55
	51	59
	56	64
	57	65
	58	76
	61	66
	62	67
	63	76
com/mojang/blaze3d/vulkan/VulkanGpuTextureView	71	64
	67	60
	71	64
	19	16
	20	17
	22	19
	23	20
	25	21
	26	22
	27	23
	28	24
	29	25
	30	26
	31	27
	32	28
	33	29
	34	30
	36	31
	37	32
	38	33
	40	34
	43	37
	44	38
	48	42
	49	43
	53	47
	54	48
	55	49
	56	50
	58	52
	62	56
com/mojang/realmsclient/gui/screens/RealmsParentalConsentScreen	63	58
	32	31
	33	32
	34	33
	35	34
	36	35
	37	35
	40	35
	42	36
	43	37
	44	38
	45	39
	17	17
	49	43
	50	44
	54	48
	55	49
	25	24
	57	52
	26	25
	58	53
	27	26
	59	54
	31	30
	63	58
com/mojang/blaze3d/pipeline/MainTarget	127	126
	17	15
	20	18
	22	19
	23	20
	26	23
	27	24
	28	28
	31	25
	32	26
	33	30
	36	33
	38	35
	39	36
	40	37
	41	38
	43	41
	44	42
	45	43
	47	46
	48	47
	49	48
	51	51
	52	52
	53	53
	56	56
	57	57
	59	58
	60	59
	61	60
	62	61
	66	67
	71	76
	72	77
	73	78
	79	84
	80	85
	81	86
	90	95
	91	96
	92	97
	95	100
	97	101
	98	102
	99	104
	101	103
	110	109
	111	110
	113	111
	114	115
	116	112
	117	113
	122	121
	127	126
net/minecraft/client/gui/components/ContainerObjectSelectionList	202	200
	131	123
	132	124
	136	128
	141	133
	142	134
	144	137
	145	138
	147	141
	148	142
	24	24
	152	146
	25	25
	156	150
	29	29
	157	151
	31	30
	159	154
	160	155
	33	31
	34	34
	35	35
	36	36
	165	160
	166	161
	167	164
	40	39
	168	162
	41	40
	169	163
	42	41
	171	166
	44	42
	172	167
	46	45
	174	170
	47	46
	175	172
	176	173
	177	174
	50	48
	178	175
	51	49
	179	176
	52	50
	55	52
	56	53
	184	181
	57	54
	58	56
	62	60
	191	187
	64	64
	192	188
	65	65
	193	189
	66	66
	194	190
	195	191
	68	69
	69	70
	197	194
	70	72
	198	195
	200	198
	74	32
	202	200
	79	78
	80	84
	82	79
	83	80
	84	81
	86	84
	90	88
	92	88
	94	88
	99	93
	104	98
	105	99
	106	100
	107	101
	109	103
	110	104
	111	105
	112	106
	115	109
	126	118
net/minecraft/client/renderer/entity/state/MinecartTntRenderState	4	4
	4	4
net/minecraft/client/renderer/item/ModelRenderProperties	30	20
	17	12
	19	13
	20	13
	22	13
	27	17
	28	18
	29	19
	30	20
net/minecraft/client/gui/components/toasts/NowPlayingToast	129	120
	128	119
	65	59
	129	120
	68	62
	69	62
	71	62
	75	66
	76	67
	77	68
	78	69
	17	15
	18	16
	82	73
	83	74
	84	75
	86	77
	24	22
	90	81
	91	82
	29	26
	95	86
	96	87
	36	30
	100	91
	39	33
	40	34
	104	95
	43	37
	44	38
	45	39
	109	100
	46	40
	47	41
	48	42
	50	44
	114	105
	53	47
	119	110
	57	51
	58	52
	59	53
	60	54
	124	115
	61	55
	62	56
net/minecraft/client/gui/components/debug/DebugEntryBiome	44	43
	32	31
	33	33
	34	33
	35	33
	38	36
	41	40
	44	43
	18	17
	22	26
	23	27
	25	28
	26	40
	29	29
	31	30
net/minecraft/client/resources/model/geometry/QuadCollection	148	154
	128	143
	129	144
	130	145
	131	146
	132	147
	133	148
	134	149
	135	150
	136	151
	137	152
	138	153
	140	154
	13	12
	141	154
	142	154
	143	154
	144	154
	145	154
	146	154
	147	154
	148	154
	28	34
	29	35
	30	36
	31	37
	32	38
	33	39
	34	40
	35	41
	36	42
	39	45
	40	47
	41	48
	43	51
	47	55
	48	56
	49	57
	50	58
	51	59
	52	60
	53	61
	54	62
	59	68
	63	72
	64	73
	67	76
	71	80
	75	84
	76	85
	79	88
	80	89
	84	93
	85	94
	89	98
	90	99
	91	100
	92	101
	93	102
	94	103
	95	104
	96	105
	100	118
	101	120
	102	121
	103	123
	104	124
	105	126
	106	127
	107	128
	108	129
	112	133
	114	134
	115	135
	116	136
	120	137
	124	140
	125	141
	127	142
com/mojang/blaze3d/platform/CompareOp	0	0
net/minecraft/client/renderer/blockentity/state/ConduitRenderState	0	0
net/minecraft/client/renderer/entity/AbstractMinecartRenderer	191	172
	25	25
	28	27
	34	32
	35	33
	36	34
	37	35
	38	36
	42	39
	44	40
	46	41
	48	42
	49	43
	50	44
	52	45
	54	46
	55	47
	57	49
	60	52
	61	53
	62	54
	65	57
	66	58
	67	59
	69	60
	70	61
	71	62
	72	63
	74	64
	77	67
	78	68
	79	69
	80	70
	83	73
	84	74
	86	75
	87	76
	90	79
	91	80
	92	81
	94	82
	95	83
	97	84
	98	85
	99	86
	100	87
	102	88
	103	89
	104	90
	105	91
	106	92
	109	96
	111	97
	112	98
	113	99
	117	102
	119	103
	120	104
	121	105
	122	106
	123	107
	124	108
	127	111
	128	112
	130	113
	131	114
	132	115
	134	116
	135	117
	136	118
	139	123
	140	124
	141	125
	142	126
	144	128
	145	129
	146	130
	148	132
	151	137
	152	138
	153	139
	155	140
	156	141
	157	142
	158	143
	159	144
	160	145
	161	146
	162	147
	163	148
	164	149
	166	151
	167	152
	168	153
	170	155
	173	160
	174	161
	178	164
	179	165
	180	165
	182	165
	187	169
	188	170
	189	171
	191	172
net/minecraft/client/gui/font/providers/UnihexProvider	476	428
	258	186
	265	407
	269	411
	270	412
	271	414
	272	415
	273	416
	274	417
	275	418
	276	419
	277	420
	279	423
	284	428
	293	307
	38	37
	297	311
	298	312
	299	313
	300	315
	301	316
	302	317
	303	318
	304	319
	305	320
	306	321
	307	322
	308	323
	53	47
	309	324
	54	48
	311	327
	58	52
	315	331
	316	332
	317	333
	318	335
	63	57
	319	336
	320	337
	321	338
	322	339
	323	340
	67	386
	324	341
	68	388
	325	342
	69	389
	326	343
	70	390
	327	344
	71	392
	328	345
	329	346
	73	394
	74	395
	331	349
	75	395
	77	395
	337	288
	342	293
	87	263
	88	264
	89	264
	90	265
	92	267
	95	270
	99	274
	104	278
	362	298
	109	282
	114	191
	115	193
	116	194
	117	196
	123	202
	124	203
	125	204
	129	208
	134	213
	138	217
	139	218
	144	223
	145	224
	147	226
	404	84
	149	228
	406	85
	150	229
	151	230
	408	88
	152	231
	409	89
	153	232
	410	90
	158	236
	415	94
	416	95
	160	238
	161	239
	418	98
	162	240
	419	100
	163	241
	420	101
	164	243
	165	244
	166	245
	423	104
	167	246
	424	105
	425	106
	426	108
	427	109
	428	110
	172	251
	429	111
	173	252
	430	112
	174	253
	175	254
	432	114
	176	255
	433	108
	177	256
	435	117
	179	257
	436	118
	437	119
	439	91
	442	124
	446	128
	190	359
	447	129
	191	361
	448	130
	192	362
	449	131
	450	132
	194	365
	451	133
	452	134
	453	135
	454	136
	198	369
	455	137
	199	370
	456	138
	457	140
	458	141
	459	142
	203	373
	460	143
	461	144
	205	374
	462	145
	206	375
	464	139
	208	377
	209	378
	211	381
	470	151
	471	152
	472	153
	473	156
	218	62
	474	157
	219	63
	476	160
	221	65
	222	66
	223	70
	225	67
	226	68
	229	73
	232	76
	233	77
	234	78
	236	80
	241	167
	245	171
	246	172
	247	174
	248	175
	249	176
	250	177
	251	178
	253	181
net/minecraft/client/renderer/blockentity/LecternRenderer	59	66
	32	30
	37	40
	38	41
	39	42
	40	43
	44	46
	45	66
	48	47
	49	48
	51	49
	52	50
	54	51
	23	22
	56	52
	26	25
	58	64
	27	26
	59	66
	28	27
net/minecraft/client/color/block/BlockTintSource	24	21
	20	17
	24	21
	15	13
net/minecraft/client/model/animal/cow/ColdCowModel	39	46
	32	36
	33	38
	34	39
	36	41
	37	43
	38	44
	39	46
	16	13
	17	14
	20	17
	21	19
	22	22
	23	24
	24	26
	25	28
	27	31
	28	33
	29	33
	30	34
net/minecraft/client/renderer/entity/state/VillagerRenderState	12	12
	12	12
net/minecraft/client/renderer/debug/VillageSectionsDebugRenderer	19	20
	16	17
	17	18
	18	19
	19	20
	15	16
net/minecraft/client/sounds/SoundEngineExecutor	75	67
	64	55
	66	58
	67	59
	68	60
	70	62
	73	65
	74	66
	75	67
	15	13
	16	9
	17	14
	20	17
	21	18
	22	19
	23	20
	24	21
	29	25
	34	29
	35	30
	37	32
	41	35
	46	39
	50	43
	51	44
	53	46
	58	49
	59	50
	62	53
	63	54
net/minecraft/client/gui/components/Button	120	132
	67	81
	68	82
	69	83
	73	87
	77	91
	78	92
	18	17
	82	96
	83	97
	87	101
	88	102
	89	103
	94	22
	30	125
	31	126
	35	130
	36	131
	101	34
	37	132
	103	35
	104	36
	105	37
	109	41
	110	42
	114	46
	51	65
	52	66
	53	67
	119	51
	120	52
	56	70
	57	71
	58	72
	62	76
	63	77
net/minecraft/client/resources/model/cuboid/ItemModelGenerator	233	242
	26	31
	28	32
	32	35
	34	36
	35	37
	40	42
	45	47
	50	52
	54	56
	55	57
	57	59
	58	60
	59	61
	60	62
	63	66
	64	67
	66	68
	67	69
	68	70
	69	71
	70	72
	71	73
	72	74
	74	76
	77	80
	78	81
	80	83
	84	90
	85	91
	87	92
	88	93
	90	94
	91	95
	94	100
	95	101
	96	102
	97	103
	98	104
	99	106
	100	107
	101	108
	103	109
	104	110
	105	111
	108	114
	109	115
	110	116
	112	118
	113	119
	116	122
	117	123
	118	124
	119	125
	120	126
	121	128
	123	131
	124	132
	125	133
	126	134
	127	136
	129	139
	130	140
	131	141
	135	144
	136	145
	137	146
	138	147
	140	148
	141	149
	143	150
	145	152
	146	153
	147	154
	149	156
	150	157
	151	158
	153	160
	154	161
	155	162
	157	164
	158	165
	159	166
	160	168
	163	171
	164	172
	166	174
	169	177
	170	178
	172	179
	173	180
	174	181
	175	182
	176	183
	178	184
	179	185
	180	186
	181	187
	182	188
	186	192
	187	193
	191	206
	192	207
	194	209
	197	212
	198	212
	200	212
	204	226
	205	227
	206	228
	207	229
	212	234
	213	235
	216	238
	220	242
	229	217
	231	218
	232	220
	233	221
net/minecraft/client/model/monster/nautilus/ZombieNautilusCoralModel	50	75
	32	38
	33	41
	35	46
	36	47
	37	52
	39	57
	40	58
	41	63
	43	68
	48	73
	49	74
	18	16
	50	75
	19	17
	20	18
	21	19
	24	22
	26	23
	28	27
	29	28
	30	33
net/minecraft/client/renderer/feature/ShapeOutlineFeatureRenderer	40	34
	40	34
	13	12
	17	16
	18	18
	19	19
	20	20
	21	21
	22	22
	23	23
	24	24
	25	25
	26	26
	27	27
	29	29
net/minecraft/client/model/monster/vex/package-info	0	0
net/minecraft/client/renderer/entity/state/SnifferRenderState	0	0
net/minecraft/client/renderer/special/BellSpecialRenderer	52	51
	35	51
	36	51
	37	51
	44	32
	45	33
	16	14
	49	37
	50	38
	51	39
	52	40
	21	19
	22	20
	23	21
	26	43
	30	47
net/minecraft/client/renderer/entity/LlamaSpitRenderer	49	42
	32	29
	34	30
	36	31
	37	32
	41	35
	46	39
	15	16
	47	40
	48	41
	49	42
	20	20
	21	21
	22	22
	26	25
	28	26
	29	27
	30	28
com/mojang/blaze3d/opengl/GlRenderPass	202	198
	131	121
	135	125
	140	130
	141	131
	142	132
	143	133
	144	134
	145	135
	146	136
	150	140
	151	141
	152	142
	27	24
	156	146
	157	147
	161	151
	166	156
	167	157
	171	161
	172	162
	176	172
	177	173
	181	177
	54	43
	182	178
	55	44
	56	45
	57	46
	186	182
	59	47
	60	48
	61	49
	191	187
	64	52
	192	188
	196	192
	69	57
	197	193
	70	58
	201	197
	74	62
	202	198
	75	63
	79	67
	80	68
	81	69
	83	72
	84	73
	88	77
	89	78
	91	80
	93	83
	94	84
	98	88
	99	89
	100	90
	104	94
	105	95
	106	96
	110	100
	111	101
	115	105
	116	106
	119	109
	123	113
	127	117
net/minecraft/client/renderer/extract/package-info	0	0
net/minecraft/client/animation/definitions/RabbitAnimation	436	587
	10	9
	11	11
	12	15
	13	16
	14	17
	15	18
	16	19
	17	20
	18	21
	20	24
	21	28
	22	29
	24	32
	25	36
	26	37
	27	38
	28	39
	29	40
	30	41
	31	42
	33	45
	34	49
	35	50
	36	51
	37	52
	39	55
	40	59
	41	60
	42	61
	43	62
	44	63
	45	64
	46	65
	47	66
	48	67
	50	70
	51	74
	52	75
	53	76
	55	79
	56	83
	57	84
	58	85
	59	86
	60	87
	61	88
	62	89
	63	90
	65	93
	66	97
	67	98
	68	99
	69	100
	70	101
	72	104
	73	108
	74	109
	75	110
	76	111
	77	112
	78	113
	79	114
	81	117
	82	121
	83	122
	84	123
	85	124
	87	127
	88	131
	89	132
	90	133
	91	134
	92	135
	93	136
	94	137
	96	140
	97	144
	98	145
	99	146
	100	147
	102	150
	103	154
	104	155
	105	156
	106	157
	107	158
	109	161
	110	165
	111	166
	112	167
	113	168
	115	171
	116	175
	117	176
	118	177
	119	178
	120	179
	122	182
	123	186
	124	187
	125	188
	126	189
	128	192
	129	196
	130	197
	131	198
	132	199
	133	200
	134	201
	136	204
	137	208
	138	209
	139	210
	141	213
	142	217
	143	218
	144	219
	145	220
	146	221
	147	222
	149	225
	150	229
	151	230
	152	231
	154	234
	155	238
	156	239
	157	240
	158	241
	159	242
	161	245
	162	249
	163	250
	165	253
	167	254
	168	255
	169	259
	170	260
	171	261
	172	262
	173	263
	174	264
	175	265
	176	266
	177	267
	178	268
	179	269
	180	270
	181	271
	182	272
	183	273
	184	274
	185	275
	186	276
	187	277
	188	278
	190	281
	191	285
	192	286
	193	287
	194	288
	195	289
	197	292
	198	296
	199	297
	200	298
	202	301
	203	305
	204	306
	205	307
	206	308
	207	309
	208	310
	209	311
	210	312
	211	313
	212	314
	213	315
	214	316
	215	317
	216	318
	217	319
	218	320
	219	321
	220	322
	222	325
	223	329
	224	330
	225	331
	226	332
	227	333
	228	334
	229	335
	230	336
	232	339
	233	343
	234	344
	235	345
	236	346
	237	347
	238	348
	239	349
	240	350
	241	351
	242	352
	243	353
	244	354
	245	355
	246	356
	247	357
	248	358
	249	359
	250	360
	251	361
	253	364
	254	368
	255	369
	256	370
	257	371
	258	372
	259	373
	260	374
	261	375
	262	376
	263	377
	265	380
	266	384
	267	385
	268	386
	269	387
	270	388
	271	389
	272	390
	273	391
	274	392
	275	393
	276	394
	277	395
	278	396
	279	397
	280	398
	281	399
	282	400
	283	401
	284	402
	285	403
	286	404
	287	405
	288	406
	289	407
	290	408
	292	411
	293	415
	294	416
	295	417
	296	418
	297	419
	298	420
	299	421
	300	422
	301	423
	302	424
	303	425
	304	426
	305	427
	306	428
	307	429
	308	430
	309	431
	310	432
	311	433
	312	434
	313	435
	315	438
	316	442
	317	443
	318	444
	319	445
	320	446
	321	447
	322	448
	323	449
	324	450
	325	451
	326	452
	327	453
	328	454
	329	455
	330	456
	331	457
	332	458
	333	459
	334	460
	335	461
	336	462
	337	463
	338	464
	339	465
	340	466
	342	469
	343	473
	344	474
	345	475
	346	476
	347	477
	348	478
	349	479
	350	480
	351	481
	352	482
	353	483
	354	484
	355	485
	356	486
	357	487
	358	488
	359	489
	360	490
	361	491
	362	492
	363	493
	364	494
	366	497
	367	501
	368	502
	369	503
	370	504
	371	505
	372	506
	373	507
	374	508
	375	509
	376	510
	377	511
	378	512
	379	513
	380	514
	381	515
	382	516
	384	519
	385	523
	386	524
	387	525
	388	526
	389	527
	390	528
	391	529
	392	530
	393	531
	394	532
	395	533
	397	536
	398	540
	399	541
	400	542
	401	543
	402	544
	403	545
	404	546
	405	547
	406	548
	407	549
	408	550
	409	551
	410	552
	411	553
	412	554
	413	555
	415	558
	416	562
	417	563
	418	564
	419	565
	420	566
	421	567
	422	568
	423	569
	424	570
	425	571
	426	572
	428	575
	429	579
	430	580
	431	581
	432	582
	433	583
	434	584
	436	587
com/mojang/realmsclient/dto/RealmsSetting	22	18
	17	12
	18	13
	19	14
	22	18
	13	8
net/minecraft/client/model/AdultAndBabyModelPair	5	5
	5	5
net/minecraft/client/resources/model/BlockStateModelLoader	89	94
	64	63
	66	64
	70	69
	71	70
	72	72
	73	73
	74	74
	77	78
	83	88
	85	90
	86	91
	89	94
	31	30
	32	31
	35	34
	37	35
	38	35
	39	36
	40	38
	41	39
	42	40
	43	41
	44	42
	45	43
	46	44
	49	47
	50	48
	51	50
	52	51
	53	52
	54	53
	55	54
	56	55
	57	56
	62	61
	63	62
net/minecraft/client/gui/layouts/package-info	0	0
net/minecraft/client/renderer/texture/SpriteLoader	129	161
	129	161
	34	34
	40	39
	41	40
	42	41
	45	44
	49	48
	50	52
	52	53
	53	54
	55	56
	56	57
	57	58
	58	59
	59	60
	60	68
	65	72
	66	73
	69	75
	70	76
	71	77
	73	79
	76	82
	77	83
	78	84
	79	86
	80	87
	84	91
	85	92
	86	93
	87	94
	88	96
	89	98
	90	99
	94	102
	95	103
	96	104
	97	105
	99	106
	101	124
	102	120
	106	131
	107	133
	111	143
	112	144
	113	145
	114	146
	118	150
	120	151
	121	152
	124	154
net/minecraft/client/gui/layouts/Layout	26	20
	21	15
	22	16
	23	17
	25	19
	26	20
	12	11
	13	12
net/minecraft/client/renderer/item/properties/conditional/Damaged	20	22
	20	22
	11	11
	15	17
net/minecraft/client/renderer/block/model/properties/select/SelectBlockModelProperty	0	0
net/minecraft/client/model/monster/guardian/GuardianParticleModel	11	11
	10	10
	11	11
net/minecraft/client/renderer/block/dispatch/WeightedVariants	58	58
	36	36
	41	41
	46	46
	47	47
	19	18
	52	52
	21	19
	22	20
	23	21
	24	22
	57	57
	58	58
	27	25
	28	27
	29	28
	31	31
net/minecraft/client/resources/sounds/package-info	0	0
net/minecraft/client/model/object/chest/package-info	0	0
net/minecraft/client/multiplayer/chat/report/package-info	0	0
net/minecraft/client/model/monster/silverfish/SilverfishModel	105	86
	64	47
	66	49
	67	50
	68	51
	72	55
	73	57
	74	57
	75	58
	77	60
	78	62
	79	62
	80	63
	82	65
	83	67
	84	67
	21	18
	85	68
	88	70
	93	74
	30	19
	95	76
	96	77
	97	78
	100	81
	101	82
	102	83
	103	84
	104	85
	41	22
	105	86
	42	23
	43	24
	44	25
	47	28
	51	32
	55	36
	56	37
	58	38
	59	39
	60	41
	61	42
	62	44
	63	45
net/minecraft/client/renderer/special/EndCubeSpecialRenderer	67	71
	32	65
	67	51
	38	71
	44	31
	45	32
	49	36
	50	37
	20	19
	21	20
	53	40
	54	41
	24	56
	57	43
	25	57
	26	58
	62	47
	30	63
	63	48
	31	64
net/minecraft/client/data/models/blockstates/package-info	0	0
net/minecraft/client/gui/components/toasts/package-info	0	0
net/minecraft/client/model/animal/chicken/AdultChickenModel	76	52
	65	48
	66	49
	67	49
	68	49
	70	51
	71	51
	72	51
	73	51
	76	52
	19	16
	20	17
	21	18
	25	22
	26	23
	27	24
	28	25
	31	28
	32	29
	36	33
	37	34
	39	35
	40	36
	41	36
	42	36
	44	38
	45	38
	46	38
	49	39
	50	39
	51	39
	54	40
	55	42
	56	42
	57	43
	59	45
	60	45
	62	46
	63	47
net/minecraft/client/renderer/entity/state/TippableArrowRenderState	0	0
com/mojang/blaze3d/systems/RenderPassBackend	0	0
net/minecraft/client/renderer/entity/EntityRenderers	223	264
	22	27
	27	71
	28	72
	29	73
	30	74
	31	75
	32	76
	33	77
	34	78
	35	79
	36	80
	37	81
	38	82
	39	83
	40	84
	41	85
	42	86
	43	87
	44	88
	45	89
	46	90
	47	91
	48	92
	49	93
	50	94
	51	95
	52	96
	53	97
	54	98
	55	99
	56	100
	57	101
	58	102
	59	103
	60	104
	61	105
	62	106
	63	107
	64	108
	65	109
	66	110
	67	111
	68	112
	69	113
	70	114
	71	115
	72	116
	73	117
	74	118
	75	119
	76	120
	77	121
	78	122
	79	123
	80	124
	81	125
	82	126
	83	127
	84	128
	85	129
	86	130
	87	131
	88	132
	89	135
	90	139
	91	140
	92	141
	93	142
	94	143
	95	144
	96	145
	97	146
	98	147
	99	148
	100	149
	101	150
	102	151
	103	152
	104	153
	105	154
	106	155
	107	156
	108	157
	109	158
	110	159
	111	160
	112	161
	113	162
	114	163
	115	164
	116	165
	117	166
	118	167
	119	168
	120	169
	121	170
	122	171
	123	172
	124	173
	125	174
	126	175
	127	176
	128	177
	129	180
	130	184
	131	186
	132	187
	133	188
	134	189
	135	190
	136	191
	137	192
	138	193
	139	194
	140	195
	141	196
	142	200
	143	207
	144	208
	145	209
	146	210
	147	211
	148	212
	149	213
	150	214
	151	215
	152	216
	153	217
	154	220
	155	222
	156	223
	157	224
	158	225
	159	226
	160	227
	161	228
	162	229
	163	230
	164	231
	165	232
	166	233
	167	234
	168	235
	169	236
	170	237
	171	238
	172	239
	173	240
	174	241
	175	242
	176	243
	177	244
	178	245
	179	249
	180	256
	181	257
	182	261
	183	264
	186	34
	187	35
	190	38
	191	39
	193	41
	194	42
	195	43
	197	45
	198	46
	203	51
	207	52
	208	53
	213	58
	214	60
	215	61
	218	61
	219	62
	220	63
	223	67
net/minecraft/client/gui/screens/recipebook/OverlayRecipeComponent	295	288
	260	226
	261	227
	262	228
	263	229
	264	230
	267	233
	274	240
	275	241
	279	245
	281	246
	282	247
	284	249
	285	250
	287	251
	32	32
	288	252
	289	253
	291	254
	293	255
	295	257
	52	47
	53	48
	54	49
	57	61
	59	62
	60	63
	62	64
	63	65
	65	66
	66	67
	67	68
	68	69
	71	70
	72	71
	73	72
	74	73
	77	76
	78	77
	79	78
	80	79
	83	82
	84	83
	85	84
	86	85
	89	88
	91	89
	92	91
	93	92
	94	93
	96	94
	97	95
	98	96
	99	97
	101	99
	105	103
	106	104
	109	107
	113	111
	118	116
	119	117
	122	120
	123	121
	124	122
	125	123
	129	127
	134	132
	139	137
	140	148
	143	138
	144	139
	145	140
	147	141
	148	142
	150	144
	151	145
	153	148
	156	151
	157	152
	160	155
	166	160
	170	164
	174	261
	175	262
	176	263
	177	264
	180	269
	181	270
	184	273
	185	274
	186	275
	187	276
	190	280
	195	285
	196	286
	198	288
	204	168
	205	169
	206	170
	207	171
	213	178
	214	179
	217	182
	218	183
	219	184
	220	185
	222	186
	223	187
	224	188
	226	190
	228	192
	229	194
	230	196
	231	197
	232	198
	233	199
	241	207
	246	212
	247	213
	249	215
net/minecraft/client/multiplayer/ClientAdvancements	104	105
	66	66
	69	69
	72	72
	76	76
	77	77
	78	78
	80	81
	81	82
	82	83
	83	84
	86	87
	23	23
	89	90
	90	91
	91	92
	92	93
	93	94
	94	95
	95	96
	97	98
	98	99
	35	32
	36	33
	100	101
	37	34
	103	104
	40	37
	104	105
	41	38
	42	39
	45	42
	46	43
	47	45
	48	46
	49	47
	50	48
	51	49
	52	50
	53	51
	54	52
	56	55
	57	56
	58	57
	60	60
	61	61
	62	62
net/minecraft/client/particle/CritParticle	91	116
	68	77
	69	78
	73	91
	74	92
	11	13
	75	93
	12	14
	76	94
	13	15
	14	16
	15	17
	16	18
	17	19
	18	20
	19	21
	84	53
	21	22
	85	54
	22	23
	23	24
	24	25
	25	26
	89	67
	90	68
	27	27
	91	69
	29	28
	30	29
	31	30
	35	34
	40	39
	41	40
	42	41
	43	42
	47	46
	54	102
	55	103
	59	116
	60	116
net/minecraft/client/renderer/chunk/SectionTaskDynamicQueue	74	70
	65	61
	70	65
	71	66
	73	69
	74	70
	12	12
	16	16
	17	17
	20	20
	21	21
	22	22
	23	23
	25	24
	26	26
	27	27
	28	28
	29	29
	30	30
	33	32
	34	33
	35	34
	36	35
	38	38
	39	39
	40	40
	44	45
	45	46
	47	47
	48	51
	49	52
	52	48
	53	49
	58	57
	62	61
	63	61
net/minecraft/client/color/item/MapColor	37	31
	32	26
	17	15
	18	16
	19	16
	37	31
	22	20
	23	21
	27	25
	28	26
	29	26
net/minecraft/client/renderer/GlobalSettingsUniform	53	49
	16	14
	17	14
	18	14
	19	14
	20	14
	21	14
	22	14
	23	14
	28	15
	32	27
	33	28
	34	29
	35	30
	36	31
	37	32
	38	33
	39	34
	40	35
	41	36
	42	37
	43	38
	44	39
	45	40
	47	43
	48	44
	52	48
	53	49
net/minecraft/client/data/package-info	0	0
net/minecraft/client/input/package-info	0	0
net/minecraft/client/renderer/debug/LightSectionDebugRenderer	125	120
	23	22
	26	24
	27	25
	35	32
	36	33
	37	34
	41	40
	42	41
	43	42
	44	43
	47	48
	48	49
	50	50
	51	51
	52	52
	55	55
	56	56
	57	57
	58	58
	59	59
	60	60
	61	61
	64	64
	65	65
	66	66
	67	67
	68	68
	69	69
	70	70
	71	71
	72	72
	73	73
	76	76
	77	77
	78	78
	82	78
	84	79
	87	84
	88	85
	89	86
	90	87
	91	88
	92	89
	94	90
	95	91
	96	92
	104	100
	106	101
	107	102
	109	104
	110	105
	111	106
	112	107
	113	108
	114	109
	115	110
	116	111
	117	112
	118	113
	124	119
	125	120
com/mojang/realmsclient/dto/PendingInvitesList	32	31
	32	31
	18	15
	20	18
	21	19
	22	20
	23	21
	24	22
	25	23
	29	27
	30	28
	15	12
net/minecraft/client/renderer/package-info	0	0
net/minecraft/client/renderer/block/MovingBlockRenderState	67	55
	67	55
	36	35
	37	35
	39	35
	44	39
	17	17
	49	43
	18	18
	50	43
	19	19
	52	43
	21	21
	22	22
	57	47
	26	26
	62	51
	31	30
com/mojang/realmsclient/util/task/package-info	0	0
net/minecraft/client/renderer/debug/SolidFaceRenderer	58	64
	33	33
	37	34
	38	36
	39	37
	41	38
	42	39
	43	40
	44	41
	45	42
	46	43
	47	44
	48	45
	49	46
	52	50
	21	21
	22	22
	55	61
	56	62
	26	28
	58	64
	28	29
	30	31
	31	32
net/minecraft/client/resources/WaypointStyleManager	37	33
	33	29
	18	18
	34	30
	20	19
	37	33
	22	19
	25	20
	28	23
	29	24
net/minecraft/client/gui/components/tabs/GridLayoutTab	43	42
	32	31
	17	16
	33	32
	18	17
	37	36
	22	21
	38	37
	39	38
	27	26
	43	42
net/minecraft/client/gui/screens/recipebook/SearchRecipeBookCategory	37	26
	16	15
	33	22
	34	23
	21	16
	37	26
	25	17
	10	10
net/minecraft/client/renderer/entity/AbstractCubeMobRenderer	45	42
	34	32
	35	33
	36	34
	37	35
	38	36
	42	39
	43	40
	12	13
	44	41
	13	14
	45	42
	17	17
	22	21
	23	22
	24	23
	28	26
	29	27
	30	28
	31	29
net/minecraft/client/renderer/entity/SilverfishRenderer	28	27
	18	18
	23	23
	10	10
	28	27
	13	13
	14	14
net/minecraft/client/renderer/entity/state/DonkeyRenderState	0	0
net/minecraft/client/renderer/Octree	269	264
	257	73
	259	74
	260	75
	261	75
	263	75
	266	77
	267	77
	269	77
	18	17
	19	18
	20	19
	21	20
	22	21
	26	22
	27	23
	29	24
	30	25
	31	26
	32	27
	34	28
	35	29
	38	32
	42	36
	43	37
	46	42
	47	43
	48	44
	49	45
	69	94
	70	95
	71	96
	72	97
	74	98
	75	99
	76	100
	78	101
	80	102
	81	103
	82	104
	83	105
	86	108
	87	109
	88	110
	89	111
	91	112
	92	113
	93	114
	95	115
	97	116
	98	117
	99	118
	100	119
	103	120
	104	121
	105	122
	108	124
	109	125
	110	126
	111	127
	115	134
	116	135
	117	136
	119	139
	120	140
	122	143
	123	144
	125	147
	129	151
	140	157
	141	158
	142	159
	144	161
	145	162
	147	167
	148	168
	149	169
	151	171
	152	172
	154	177
	155	178
	156	179
	158	181
	159	182
	161	185
	166	192
	167	193
	168	194
	169	195
	170	196
	172	199
	173	200
	174	210
	175	212
	176	213
	177	214
	181	218
	185	222
	190	228
	198	242
	199	243
	203	249
	204	250
	205	251
	206	253
	208	255
	212	259
	217	264
	235	54
	236	55
	237	56
	238	57
	239	58
	240	59
	247	66
	248	67
	249	68
	250	69
	253	72
	254	73
	255	73
net/minecraft/client/renderer/entity/ZombieNautilusRenderer	75	82
	34	38
	66	74
	36	43
	37	44
	71	78
	40	48
	72	79
	41	49
	73	80
	74	81
	75	82
	44	53
	45	55
	46	57
	52	63
	53	67
	55	64
	56	65
	57	67
	27	27
	28	28
	61	70
	30	33
	31	34
com/mojang/blaze3d/systems/package-info	0	0
net/minecraft/client/renderer/entity/state/CreeperRenderState	0	0
net/minecraft/client/renderer/feature/submit/TranslucentSubmit	19	19
	19	19
	15	15
net/minecraft/client/searchtree/IntersectionIterator	39	36
	32	25
	33	26
	36	29
	37	30
	39	32
	17	15
	18	16
	20	17
	21	18
	26	22
	27	36
	30	23
	31	24
net/minecraft/client/renderer/item/properties/conditional/BundleHasSelectedItem	21	23
	16	18
	21	23
	12	12
net/minecraft/client/renderer/FaceInfo	107	103
	67	90
	68	91
	69	92
	70	93
	72	94
	73	95
	74	96
	12	12
	79	48
	80	49
	17	18
	81	50
	82	51
	83	52
	84	53
	85	54
	22	24
	86	55
	27	30
	91	59
	95	63
	32	36
	96	64
	99	67
	37	44
	104	103
	105	103
	106	103
	107	103
	55	79
	56	80
	57	81
	58	82
	60	83
	61	84
	62	85
net/minecraft/client/sounds/LoopingAudioStream	56	58
	32	20
	36	24
	41	29
	42	30
	43	31
	44	32
	45	33
	46	34
	49	37
	18	53
	19	54
	54	42
	55	43
	56	44
	24	58
	28	16
	29	17
	30	18
	31	19
net/minecraft/client/model/geom/builders/LayerDefinition	23	23
	19	19
	23	23
	10	10
	11	11
	12	12
	15	15
net/minecraft/client/resources/model/ResolvedModel	122	132
	16	17
	23	24
	24	25
	25	27
	26	28
	27	29
	30	32
	34	36
	38	40
	39	41
	40	42
	41	43
	43	46
	45	49
	49	53
	53	57
	54	58
	55	59
	56	60
	58	63
	60	66
	64	70
	68	74
	69	75
	70	76
	71	77
	73	80
	75	83
	79	87
	83	91
	87	95
	91	99
	95	103
	96	104
	97	105
	98	106
	99	107
	100	108
	103	112
	105	115
	109	119
	110	120
	111	121
	112	122
	113	123
	114	124
	115	125
	116	126
	117	127
	118	128
	122	132
com/mojang/realmsclient/dto/RegionSelectionPreferenceDto	24	22
	19	17
	20	18
	21	19
	8	8
	24	22
net/minecraft/client/renderer/block/BuiltInBlockModels	363	426
	257	303
	263	311
	264	312
	265	314
	268	314
	271	317
	274	317
	277	319
	278	320
	281	321
	282	321
	285	322
	290	330
	294	332
	296	332
	306	379
	307	380
	310	386
	311	387
	312	388
	315	394
	316	395
	319	401
	320	402
	322	404
	68	64
	69	65
	325	407
	70	66
	72	67
	73	68
	74	69
	75	70
	76	71
	77	72
	79	73
	80	74
	82	75
	83	76
	339	426
	85	77
	86	78
	88	79
	90	80
	346	342
	91	81
	347	343
	348	344
	93	82
	94	84
	95	89
	96	90
	353	354
	98	92
	354	355
	99	93
	355	356
	100	94
	356	357
	101	95
	102	96
	103	97
	105	100
	361	362
	106	101
	362	363
	363	364
	109	108
	110	109
	113	115
	117	122
	121	130
	122	131
	124	132
	130	142
	131	143
	133	144
	139	153
	140	154
	141	155
	144	162
	145	163
	147	164
	153	174
	154	175
	156	176
	162	186
	163	187
	165	189
	171	199
	172	200
	174	202
	180	212
	181	213
	183	213
	189	222
	190	223
	192	223
	198	233
	200	233
	205	240
	206	240
	211	247
	212	247
	217	255
	218	257
	219	258
	221	258
	222	258
	228	268
	229	270
	231	272
	237	282
	238	283
	240	283
	246	293
	248	293
	249	293
	254	302
	255	303
net/minecraft/client/particle/HugeExplosionParticle	56	62
	32	31
	34	32
	35	33
	36	37
	39	35
	40	37
	12	11
	44	41
	13	12
	14	13
	15	14
	16	15
	17	16
	18	17
	19	18
	51	48
	20	19
	52	49
	21	20
	56	62
	25	24
	30	29
	31	30
net/minecraft/client/renderer/entity/state/ThrownItemRenderState	0	0
net/minecraft/client/renderer/entity/DragonFireballRenderer	61	63
	32	31
	33	32
	35	33
	37	34
	39	35
	40	36
	43	39
	45	40
	46	41
	49	44
	18	18
	50	45
	19	19
	51	46
	52	47
	53	48
	22	22
	23	23
	56	53
	57	59
	27	26
	61	63
net/minecraft/client/particle/TerrainParticle	109	153
	65	73
	70	78
	76	153
	83	131
	84	132
	85	133
	22	22
	86	134
	23	23
	88	137
	26	36
	27	37
	28	38
	29	39
	30	40
	31	41
	95	109
	96	110
	33	42
	97	111
	34	43
	98	112
	35	44
	36	45
	100	115
	37	46
	38	47
	41	50
	105	91
	106	92
	43	51
	107	94
	44	52
	45	53
	109	93
	46	54
	50	58
	55	63
	60	68
com/mojang/blaze3d/platform/BlendOp	0	0
net/minecraft/client/model/animal/bee/BeeStingerModel	28	24
	16	15
	17	16
	20	19
	21	20
	23	21
	24	21
	25	22
	26	23
	28	24
net/minecraft/client/renderer/entity/TntRenderer	74	64
	64	57
	69	61
	72	62
	73	63
	74	64
	14	15
	19	19
	20	20
	21	21
	22	22
	26	25
	27	26
	28	27
	29	28
	30	29
	31	30
	34	33
	35	34
	36	35
	38	36
	39	37
	42	40
	44	41
	45	42
	48	45
	49	46
	50	47
	51	48
	52	49
	56	53
	57	53
	59	53
net/minecraft/client/model/monster/creaking/CreakingModel	94	113
	64	77
	65	82
	66	84
	68	88
	72	92
	73	93
	77	97
	78	98
	79	99
	84	103
	85	104
	86	105
	87	106
	89	107
	27	23
	91	110
	28	24
	92	111
	29	25
	93	112
	30	26
	94	113
	32	27
	33	28
	34	29
	35	30
	36	31
	39	34
	40	35
	42	36
	44	37
	46	38
	47	43
	48	45
	49	47
	51	51
	52	53
	54	56
	55	58
	57	61
	58	66
	59	68
	61	72
	62	74
net/minecraft/client/renderer/block/model/properties/conditional/IsXmas	9	9
	9	9
com/mojang/realmsclient/util/UploadTokenCache	20	20
	16	16
	19	19
	20	20
	11	11
	15	15
net/minecraft/client/renderer/entity/BatRenderer	32	29
	32	29
	18	17
	23	21
	10	10
	28	25
	13	13
	29	26
	14	14
	30	27
	31	28
net/minecraft/client/renderer/entity/SpectralArrowRenderer	21	20
	16	16
	21	20
	8	8
	11	11
	12	12
com/mojang/blaze3d/platform/Window	559	552
	513	507
	517	511
	518	512
	521	515
	522	516
	523	517
	525	519
	529	551
	530	552
	534	522
	538	526
	539	527
	542	530
	544	531
	545	532
	546	533
	548	535
	39	40
	551	538
	555	542
	559	546
	83	83
	84	84
	86	85
	87	86
	89	87
	91	88
	92	89
	93	90
	94	91
	95	92
	97	96
	99	99
	102	100
	104	101
	105	102
	107	103
	108	104
	110	105
	111	106
	112	107
	113	108
	115	110
	116	111
	117	112
	118	113
	119	114
	122	117
	124	118
	126	119
	127	120
	128	121
	129	122
	130	123
	131	124
	132	125
	135	128
	137	131
	138	132
	139	133
	141	134
	142	135
	143	136
	145	140
	147	140
	148	141
	151	144
	155	148
	159	152
	160	154
	161	155
	162	156
	163	157
	164	158
	165	159
	166	160
	167	161
	172	166
	173	167
	178	171
	182	175
	183	176
	184	177
	185	178
	186	179
	187	180
	188	181
	191	184
	194	187
	195	188
	197	191
	198	192
	199	194
	200	195
	201	197
	202	198
	203	199
	204	200
	205	201
	207	202
	208	203
	209	204
	210	205
	214	209
	216	212
	219	215
	223	220
	225	222
	228	225
	229	226
	234	229
	235	230
	238	233
	239	234
	240	235
	244	239
	245	240
	247	243
	248	244
	249	245
	250	246
	251	247
	254	250
	255	251
	256	252
	258	254
	262	258
	263	259
	264	260
	265	261
	266	262
	267	263
	270	266
	271	267
	272	268
	277	271
	281	275
	282	299
	284	276
	285	277
	287	278
	288	296
	289	299
	292	279
	293	280
	294	299
	296	281
	298	282
	299	283
	302	286
	303	287
	304	288
	305	289
	306	290
	307	291
	308	292
	310	299
	313	302
	314	303
	315	304
	317	305
	318	306
	319	307
	320	308
	323	311
	324	312
	325	313
	328	316
	329	317
	331	319
	334	322
	335	323
	337	325
	340	328
	341	329
	344	332
	345	333
	347	336
	348	337
	349	338
	350	339
	353	342
	356	345
	360	349
	361	350
	362	351
	363	352
	365	354
	368	357
	369	358
	370	359
	371	360
	373	362
	378	365
	379	366
	380	367
	381	368
	382	369
	383	370
	385	372
	387	373
	389	376
	390	377
	391	378
	392	379
	393	380
	394	381
	396	384
	397	385
	398	386
	399	387
	401	388
	402	389
	404	390
	408	394
	409	395
	410	396
	411	397
	413	398
	415	400
	418	403
	419	404
	422	407
	423	408
	424	409
	425	410
	426	411
	429	414
	430	417
	431	423
	433	426
	434	427
	436	430
	440	434
	441	435
	442	436
	443	437
	444	438
	445	439
	446	440
	449	443
	450	444
	453	447
	457	451
	461	455
	465	459
	469	463
	473	467
	477	471
	478	472
	481	475
	482	476
	485	479
	489	483
	493	487
	497	491
	501	495
	505	499
	509	503
com/mojang/realmsclient/util/JsonUtils	93	89
	64	63
	66	65
	71	70
	72	71
	73	72
	75	74
	15	14
	16	15
	80	79
	17	16
	81	80
	18	17
	82	81
	19	18
	84	83
	21	20
	25	25
	89	88
	26	26
	90	89
	27	27
	91	89
	28	28
	29	29
	93	89
	31	31
	35	36
	36	37
	37	38
	39	40
	44	46
	45	47
	46	48
	48	50
	54	56
	55	57
	56	57
	58	57
	62	61
	63	62
net/minecraft/client/gui/layouts/GridLayout	218	231
	132	144
	133	145
	137	149
	138	150
	141	153
	145	157
	18	17
	19	18
	149	161
	22	21
	23	22
	27	26
	29	27
	30	28
	159	173
	32	30
	160	174
	33	31
	161	175
	34	32
	162	176
	163	177
	164	178
	37	35
	38	36
	167	181
	40	38
	41	39
	42	40
	43	42
	171	185
	44	43
	46	46
	47	47
	48	49
	49	50
	180	194
	53	54
	181	195
	54	55
	56	56
	184	198
	57	58
	58	59
	60	62
	188	202
	61	64
	62	65
	192	206
	65	68
	66	69
	67	71
	68	72
	196	210
	197	211
	70	75
	71	76
	199	212
	200	213
	73	77
	201	214
	74	79
	202	215
	75	80
	204	218
	77	83
	78	84
	206	219
	81	87
	82	88
	210	223
	83	89
	86	92
	214	227
	90	96
	218	231
	94	100
	98	104
	102	110
	103	111
	105	114
	106	115
	108	118
	109	119
	113	125
	117	129
	118	130
	122	134
	123	135
	127	139
com/mojang/realmsclient/dto/RealmsRegion	71	69
	65	63
	66	64
	67	65
	68	66
	69	67
	71	69
	13	12
	14	13
	15	14
	16	15
	17	16
	18	17
	19	18
	20	19
	21	20
	22	21
	23	22
	24	23
	25	24
	26	25
	27	26
	28	27
	29	28
	30	29
	31	30
	32	31
	33	32
	34	33
	35	34
	36	35
	42	41
	43	42
	44	43
	47	46
	48	47
	49	48
	52	52
	56	56
	60	59
	61	60
net/minecraft/client/searchtree/MergingUniqueIterator	44	41
	32	28
	33	29
	35	32
	36	33
	39	36
	40	37
	41	38
	44	41
	18	15
	19	16
	21	17
	22	18
	26	22
	27	23
	28	24
	29	25
net/minecraft/client/model/animal/equine/DonkeyModel	69	63
	66	60
	67	61
	68	62
	69	63
	19	16
	20	17
	27	23
	30	24
	33	35
	36	36
	39	39
	40	40
	41	41
	45	45
	46	45
	47	45
	51	49
	52	50
	53	50
	54	51
	55	52
	57	53
	58	54
	59	54
	60	55
	61	56
	62	57
net/minecraft/client/renderer/entity/state/SlimeRenderState	5	5
	5	5
net/minecraft/client/model/animal/feline/AdultOcelotModel	9	9
	8	8
	9	9
net/minecraft/client/gui/contextualbar/ExperienceBar	39	36
	32	28
	33	29
	36	32
	39	36
	11	11
	12	12
	17	16
	18	17
	22	21
	24	22
	25	23
	27	24
	28	25
	29	26
	31	27
com/mojang/blaze3d/pipeline/BindGroupLayout	109	117
	64	70
	71	77
	74	80
	75	81
	79	85
	80	86
	17	16
	18	17
	82	89
	19	18
	83	90
	22	21
	87	94
	88	95
	26	25
	90	98
	91	99
	30	29
	95	103
	34	33
	35	35
	36	36
	101	109
	38	39
	102	110
	103	111
	105	113
	42	43
	43	45
	44	46
	108	116
	109	117
	46	49
	50	53
	51	55
	52	56
	53	58
	54	59
	55	60
	58	64
	59	65
	60	66
net/minecraft/client/color/item/ItemTintSources	22	27
	16	21
	17	22
	18	23
	19	24
	20	25
	21	26
	22	27
	11	16
	14	19
	15	20
net/minecraft/client/model/Model	62	60
	34	33
	35	34
	38	37
	42	41
	46	45
	47	46
	50	49
	51	50
	20	19
	21	20
	53	52
	22	21
	23	22
	57	56
	26	25
	58	57
	30	29
	62	60
net/minecraft/client/gui/Hud	1472	1456
	92	87
	93	88
	94	89
	95	90
	96	91
	97	92
	98	93
	99	94
	100	95
	101	96
	102	97
	103	98
	104	99
	105	100
	106	101
	107	102
	108	103
	109	104
	110	105
	111	106
	112	107
	113	108
	114	109
	115	110
	116	111
	117	112
	118	113
	119	114
	120	115
	121	116
	122	117
	124	118
	126	121
	127	122
	199	181
	200	182
	201	183
	202	184
	203	185
	204	186
	205	187
	207	188
	208	190
	209	192
	210	194
	211	196
	214	198
	215	199
	218	202
	219	203
	222	206
	223	207
	226	210
	230	214
	231	215
	232	216
	233	217
	238	220
	239	221
	240	244
	242	222
	243	223
	244	224
	245	225
	246	226
	247	227
	248	228
	250	231
	252	232
	253	233
	254	234
	255	235
	256	236
	257	237
	258	238
	259	239
	260	240
	261	241
	263	244
	266	247
	267	248
	270	251
	271	252
	274	255
	275	256
	277	258
	278	259
	280	261
	283	264
	284	265
	285	266
	287	268
	290	271
	291	272
	294	275
	295	276
	297	277
	299	278
	300	279
	301	280
	303	282
	305	284
	306	285
	307	286
	308	287
	309	288
	315	294
	316	295
	319	298
	320	299
	321	300
	322	301
	323	302
	324	303
	325	304
	326	305
	327	306
	328	307
	331	310
	334	313
	335	326
	338	314
	340	315
	341	316
	342	317
	343	318
	345	319
	348	322
	349	323
	350	324
	351	326
	354	329
	355	330
	356	356
	358	331
	359	332
	360	333
	361	334
	362	335
	364	338
	365	339
	366	340
	367	341
	370	343
	371	344
	373	346
	375	349
	376	350
	378	351
	380	354
	381	356
	384	359
	385	397
	388	360
	389	361
	390	362
	391	363
	392	364
	393	365
	394	366
	396	369
	397	370
	399	373
	400	374
	401	375
	402	376
	403	377
	405	378
	406	379
	408	380
	409	381
	410	382
	412	383
	414	384
	415	385
	416	386
	418	387
	419	388
	420	389
	423	392
	425	395
	426	397
	429	400
	430	401
	431	402
	432	403
	433	404
	434	405
	436	407
	439	410
	440	411
	441	412
	442	413
	443	414
	444	415
	445	416
	448	420
	449	421
	450	422
	451	423
	453	425
	456	428
	457	429
	458	430
	459	434
	460	435
	461	436
	463	432
	465	438
	468	441
	470	442
	471	471
	474	443
	475	443
	476	471
	480	444
	481	445
	482	446
	483	447
	485	448
	486	449
	487	450
	488	451
	489	452
	490	453
	491	454
	492	455
	495	458
	496	459
	498	460
	499	461
	500	462
	501	463
	503	464
	504	465
	508	471
	511	474
	512	475
	515	476
	516	477
	517	478
	518	479
	519	480
	520	481
	523	483
	527	488
	529	489
	530	529
	533	490
	534	491
	536	493
	537	494
	539	495
	540	496
	541	497
	542	498
	543	499
	546	502
	547	503
	548	504
	550	506
	551	507
	552	508
	555	511
	556	512
	557	513
	559	515
	561	516
	562	517
	563	518
	564	519
	565	521
	569	525
	572	529
	575	532
	576	532
	577	532
	581	536
	582	537
	584	539
	587	542
	588	543
	590	546
	592	547
	593	548
	594	549
	597	552
	599	553
	600	554
	602	557
	604	558
	605	559
	606	560
	607	561
	609	563
	612	566
	613	567
	614	622
	617	568
	618	569
	619	570
	620	571
	621	572
	623	573
	624	574
	626	582
	627	583
	628	584
	630	586
	634	590
	635	592
	636	593
	637	594
	638	595
	641	598
	642	599
	643	600
	644	601
	646	603
	650	607
	651	608
	652	609
	653	610
	654	611
	655	612
	656	613
	659	616
	661	617
	662	618
	665	622
	668	625
	669	626
	670	627
	671	628
	674	631
	675	632
	676	633
	677	634
	679	635
	682	638
	683	639
	684	640
	686	643
	687	644
	690	647
	693	650
	694	669
	697	651
	698	652
	700	654
	701	655
	703	658
	706	663
	707	664
	708	665
	709	666
	710	667
	711	669
	716	672
	717	673
	718	678
	719	680
	720	681
	721	682
	722	683
	723	684
	724	685
	725	686
	726	687
	727	688
	728	689
	730	691
	732	692
	733	693
	734	694
	736	695
	737	697
	738	698
	741	701
	742	702
	743	703
	744	704
	745	705
	746	706
	747	707
	749	708
	750	709
	752	710
	754	711
	755	712
	757	713
	758	715
	759	716
	760	717
	762	718
	763	719
	765	721
	768	724
	772	728
	773	729
	774	730
	775	731
	776	732
	778	735
	779	736
	782	740
	786	744
	787	753
	790	745
	791	746
	792	747
	793	748
	795	751
	799	758
	803	762
	804	763
	805	812
	807	764
	809	765
	810	766
	811	767
	812	768
	813	769
	814	770
	815	771
	816	772
	818	775
	819	776
	820	777
	822	780
	823	781
	824	782
	826	783
	827	784
	829	785
	830	786
	831	787
	832	788
	833	789
	834	790
	835	791
	836	792
	837	793
	840	796
	841	797
	843	798
	844	799
	846	800
	847	801
	848	802
	849	803
	850	804
	851	805
	854	808
	855	809
	857	810
	858	812
	861	817
	862	818
	863	836
	865	819
	866	821
	867	822
	868	823
	869	824
	871	827
	872	828
	874	831
	875	832
	878	836
	881	1341
	882	1341
	883	1342
	884	1343
	885	1344
	886	1345
	887	1346
	888	1347
	889	1348
	891	1351
	892	1351
	893	1352
	894	1353
	895	1354
	896	1355
	897	1356
	898	1357
	899	1358
	901	1361
	902	1361
	903	1362
	904	1363
	905	1364
	906	1365
	907	1366
	908	1367
	909	1368
	911	1371
	912	1371
	913	1372
	914	1373
	915	1374
	916	1375
	917	1376
	918	1377
	919	1378
	921	1381
	922	1381
	923	1382
	924	1383
	925	1384
	926	1385
	927	1386
	928	1387
	929	1388
	931	1391
	932	1391
	933	1392
	934	1393
	935	1394
	936	1395
	937	1396
	938	1397
	939	1398
	953	1420
	954	1421
	955	1422
	956	1423
	957	1424
	958	1425
	959	1426
	960	1427
	961	1428
	964	1431
	965	1432
	966	1433
	968	1435
	971	1437
	972	1438
	974	1440
	981	1446
	982	1447
	983	1448
	984	1449
	985	1450
	986	1451
	988	1453
	990	1456
	995	851
	996	852
	998	853
	999	854
	1000	855
	1002	857
	1003	858
	1004	859
	1006	860
	1007	861
	1009	862
	1010	863
	1012	866
	1013	867
	1016	870
	1018	871
	1020	872
	1021	873
	1022	874
	1023	875
	1024	876
	1025	877
	1028	881
	1029	882
	1030	883
	1032	886
	1033	887
	1034	888
	1037	891
	1040	896
	1041	897
	1044	900
	1045	901
	1046	902
	1047	903
	1048	904
	1049	905
	1050	906
	1051	907
	1052	909
	1054	910
	1055	911
	1058	914
	1059	915
	1061	916
	1062	917
	1063	918
	1064	919
	1065	920
	1066	921
	1067	922
	1068	923
	1072	927
	1076	930
	1077	931
	1078	931
	1082	935
	1086	939
	1090	943
	1091	944
	1092	945
	1093	946
	1094	947
	1096	949
	1099	952
	1100	953
	1101	955
	1102	956
	1107	960
	1108	961
	1109	962
	1110	963
	1112	965
	1113	966
	1114	967
	1117	970
	1118	970
	1119	971
	1123	974
	1124	975
	1125	976
	1126	977
	1128	980
	1129	981
	1132	984
	1135	987
	1136	988
	1137	1017
	1139	989
	1140	990
	1141	1017
	1143	991
	1145	992
	1148	993
	1149	994
	1150	995
	1151	997
	1153	997
	1154	998
	1155	999
	1157	1001
	1158	1002
	1159	1003
	1160	1004
	1161	1005
	1163	1008
	1164	1009
	1167	1013
	1168	997
	1170	1017
	1173	1020
	1174	1021
	1175	1024
	1178	1027
	1179	1028
	1180	1029
	1182	1030
	1183	1031
	1185	1032
	1186	1033
	1187	1034
	1188	1035
	1191	1036
	1193	1037
	1195	1038
	1197	1039
	1199	1040
	1200	1041
	1203	1044
	1204	1045
	1205	1046
	1206	1047
	1207	1048
	1210	1051
	1212	1052
	1214	1053
	1215	1054
	1216	1056
	1217	1058
	1218	1059
	1219	1060
	1225	1064
	1226	1066
	1227	1067
	1228	1068
	1229	1069
	1230	1070
	1232	1072
	1235	1075
	1236	1078
	1239	1081
	1240	1082
	1241	1083
	1242	1084
	1244	1087
	1246	1088
	1247	1089
	1248	1090
	1251	1093
	1252	1094
	1254	1095
	1255	1096
	1256	1097
	1257	1098
	1258	1099
	1260	1100
	1261	1101
	1262	1102
	1264	1103
	1266	1116
	1267	1117
	1270	1128
	1271	1145
	1274	1129
	1275	1130
	1276	1131
	1278	1132
	1279	1133
	1280	1134
	1281	1135
	1284	1138
	1286	1139
	1287	1140
	1289	1143
	1290	1145
	1293	1148
	1294	1149
	1295	1150
	1297	1152
	1300	1155
	1301	1156
	1303	1159
	1304	1160
	1305	1161
	1306	1162
	1307	1163
	1310	1167
	1312	1168
	1313	1169
	1314	1170
	1317	1173
	1318	1174
	1320	1175
	1321	1176
	1322	1177
	1323	1180
	1324	1181
	1325	1182
	1327	1185
	1330	1188
	1331	1189
	1334	1192
	1335	1193
	1336	1194
	1337	1195
	1338	1196
	1341	1199
	1342	1200
	1343	1201
	1344	1202
	1347	1205
	1348	1206
	1349	1207
	1350	1208
	1353	1211
	1354	1212
	1356	1215
	1357	1216
	1359	1219
	1360	1220
	1362	1223
	1363	1224
	1365	1226
	1368	1229
	1369	1230
	1372	1233
	1373	1234
	1374	1235
	1377	1238
	1378	1239
	1379	1240
	1380	1241
	1383	1244
	1387	1248
	1391	1252
	1395	1256
	1399	1260
	1403	1264
	1407	1268
	1408	1269
	1409	1270
	1410	1271
	1411	1272
	1412	1273
	1413	1274
	1414	1275
	1417	1278
	1421	1282
	1425	1286
	1426	1287
	1429	1290
	1430	1292
	1431	1294
	1432	1295
	1433	1296
	1434	1297
	1435	1298
	1436	1299
	1437	1300
	1438	1301
	1441	1304
	1444	1307
	1448	1311
	1452	1316
	1453	1317
	1454	1318
	1456	1319
	1457	1320
	1458	1321
	1460	1323
	1461	1323
	1463	1323
	1466	1325
	1467	1326
	1469	1328
	1470	1328
	1472	1328
com/mojang/blaze3d/vulkan/VulkanCommandEncoder	620	657
	512	539
	513	540
	514	541
	515	542
	517	543
	518	544
	520	547
	521	548
	525	562
	526	563
	528	565
	529	566
	530	567
	531	568
	532	569
	533	570
	534	571
	535	572
	536	573
	537	574
	538	575
	539	576
	541	577
	542	578
	544	580
	548	583
	549	584
	551	587
	552	588
	554	589
	556	591
	558	594
	559	595
	560	596
	561	597
	562	598
	563	599
	564	600
	565	601
	566	602
	567	603
	569	606
	575	613
	581	619
	582	620
	584	623
	73	63
	74	64
	76	65
	77	67
	589	628
	78	68
	590	629
	79	69
	80	70
	81	71
	82	72
	83	73
	84	75
	596	635
	85	77
	87	80
	599	636
	88	81
	600	637
	601	638
	90	84
	92	85
	93	86
	94	87
	606	642
	607	643
	609	645
	98	91
	99	92
	611	646
	100	93
	612	647
	101	94
	102	95
	614	649
	615	650
	106	96
	618	653
	107	98
	619	655
	108	99
	620	657
	110	102
	111	103
	114	106
	115	107
	118	110
	122	114
	123	115
	125	116
	126	117
	127	118
	129	119
	134	124
	135	125
	137	128
	138	129
	140	132
	141	133
	142	134
	149	138
	153	142
	154	150
	156	143
	157	144
	159	147
	160	148
	161	150
	164	153
	165	154
	167	157
	168	158
	169	159
	172	162
	173	163
	175	166
	176	167
	177	168
	180	171
	181	172
	183	175
	184	176
	185	177
	188	180
	189	181
	192	184
	193	185
	194	186
	195	187
	196	188
	197	189
	198	190
	199	191
	200	192
	204	196
	205	197
	206	198
	207	199
	208	200
	210	201
	213	202
	214	203
	215	204
	218	207
	219	208
	220	209
	221	210
	222	211
	226	215
	231	220
	232	221
	233	223
	234	224
	235	225
	237	228
	239	229
	240	230
	242	232
	243	233
	244	234
	245	235
	246	236
	247	237
	250	238
	251	239
	252	240
	254	243
	255	244
	256	245
	259	248
	260	249
	261	250
	262	251
	264	252
	265	254
	266	255
	267	256
	268	257
	269	258
	270	259
	271	260
	272	261
	273	262
	274	263
	275	264
	276	265
	277	266
	278	267
	280	269
	283	272
	284	273
	285	274
	286	275
	289	279
	291	280
	292	281
	293	282
	294	283
	295	284
	296	285
	297	286
	298	287
	299	288
	300	289
	301	290
	302	291
	303	292
	304	293
	305	294
	306	295
	307	296
	309	298
	311	301
	314	304
	316	305
	319	310
	324	315
	325	316
	327	319
	328	320
	329	321
	330	322
	331	324
	332	325
	334	327
	337	330
	338	331
	339	332
	340	333
	341	334
	342	335
	343	336
	345	337
	346	338
	349	341
	351	342
	352	343
	353	344
	354	345
	355	346
	356	347
	358	348
	359	349
	363	353
	364	354
	365	355
	367	357
	371	361
	372	362
	373	363
	374	364
	376	366
	382	380
	383	381
	384	382
	386	385
	387	390
	389	391
	390	392
	391	393
	392	394
	393	395
	395	396
	396	397
	397	398
	398	399
	399	400
	401	401
	402	402
	403	403
	404	404
	405	405
	406	406
	408	407
	409	408
	410	409
	412	411
	416	415
	417	416
	418	417
	420	419
	424	423
	425	424
	427	426
	429	427
	431	431
	432	432
	434	434
	438	438
	439	439
	440	440
	441	441
	442	442
	443	443
	444	444
	446	446
	450	459
	451	461
	452	462
	453	463
	454	464
	455	465
	456	466
	457	467
	458	468
	459	469
	460	470
	461	471
	462	472
	464	473
	465	474
	467	476
	471	493
	472	494
	473	495
	475	497
	477	498
	478	499
	479	500
	480	501
	482	502
	483	503
	484	504
	485	505
	486	506
	488	507
	489	508
	491	509
	492	510
	494	512
	498	516
	499	517
	504	531
	505	532
	506	533
	507	534
	508	535
	509	536
	510	537
	511	538
net/minecraft/client/renderer/chunk/package-info	0	0
net/minecraft/client/gui/screens/dialog/DialogScreen	250	262
	34	36
	36	39
	37	39
	38	40
	39	41
	51	52
	52	53
	53	54
	54	55
	55	56
	59	60
	61	61
	63	62
	65	63
	67	64
	68	65
	70	66
	72	68
	73	69
	74	70
	75	71
	79	75
	80	76
	83	79
	85	80
	86	81
	88	82
	90	83
	93	84
	94	85
	95	86
	97	88
	98	89
	100	90
	101	91
	104	96
	107	101
	111	105
	112	106
	113	107
	114	108
	115	109
	118	112
	119	113
	120	114
	121	115
	122	116
	126	120
	127	121
	129	122
	131	123
	132	124
	134	126
	137	130
	138	135
	139	136
	141	138
	142	139
	147	144
	152	149
	157	154
	158	155
	161	158
	162	159
	165	162
	166	163
	167	164
	168	165
	171	168
	172	169
	174	171
	176	173
	180	176
	181	177
	182	188
	183	190
	184	182
	185	194
	186	195
	187	196
	188	198
	190	200
	193	203
	197	207
	198	208
	199	209
	200	210
	201	211
	202	212
	204	214
	205	215
	208	218
	209	219
	210	220
	211	222
	212	223
	214	226
	217	229
	224	236
	228	240
	229	242
	231	243
	233	245
	235	247
	236	248
	237	249
	238	250
	241	253
	242	254
	245	257
	249	261
	250	262
net/minecraft/client/model/object/projectile/ArrowModel	45	40
	32	29
	33	30
	35	31
	40	35
	41	36
	42	37
	43	38
	45	40
	17	17
	18	18
	21	21
	22	22
	24	23
	25	25
	26	25
	28	26
	30	28
	31	28
net/minecraft/client/server/LanServer	26	26
	17	17
	21	21
	25	25
	26	26
	11	11
	12	12
	13	13
	14	14
net/minecraft/client/particle/PlayerCloudParticle	90	106
	69	67
	70	68
	74	81
	13	15
	14	16
	15	17
	17	18
	18	19
	82	89
	19	20
	83	90
	20	21
	21	22
	22	23
	23	24
	87	103
	88	104
	25	25
	89	105
	26	26
	90	106
	27	27
	28	28
	29	29
	31	30
	32	31
	34	32
	35	33
	36	34
	40	38
	45	43
	50	48
	51	49
	52	50
	53	51
	54	52
	55	53
	56	54
	57	55
	58	56
	59	57
	63	61
net/minecraft/client/renderer/entity/PandaRenderer	149	147
	128	130
	130	131
	131	132
	132	133
	137	138
	138	139
	139	140
	140	141
	141	142
	143	144
	146	147
	19	20
	147	147
	20	22
	21	24
	149	147
	22	26
	23	28
	24	30
	25	32
	26	34
	29	38
	30	40
	31	42
	32	44
	33	46
	34	48
	35	50
	36	52
	40	57
	42	58
	43	59
	47	62
	48	63
	53	67
	58	71
	59	72
	60	73
	61	74
	62	75
	63	76
	64	77
	65	78
	66	79
	67	80
	68	81
	69	82
	70	83
	71	84
	75	87
	77	88
	78	89
	79	90
	80	91
	82	92
	83	93
	85	94
	86	95
	87	96
	88	97
	90	98
	91	99
	92	100
	93	101
	94	102
	95	103
	96	104
	98	105
	99	106
	100	107
	101	108
	102	109
	103	110
	104	111
	106	112
	107	113
	108	114
	109	115
	110	116
	111	117
	112	118
	114	119
	115	120
	119	124
	120	125
	121	126
	122	127
	125	128
	127	129
net/minecraft/client/resources/metadata/animation/AnimationFrame	32	25
	16	13
	32	25
	17	15
	19	17
	22	18
	23	18
	24	18
	28	21
	29	22
	14	10
	15	12
net/minecraft/client/gui/narration/NarratableEntry	27	24
	16	15
	27	24
	12	11
net/minecraft/client/particle/WhiteSmokeParticle	27	45
	16	25
	22	31
	23	32
	27	45
	12	21
	13	22
	14	23
	15	24
com/mojang/blaze3d/vulkan/glsl/ShaderCompileException	6	6
	5	5
	6	6
net/minecraft/client/gui/screens/DirectJoinServerScreen	92	94
	65	69
	66	70
	67	71
	71	75
	72	76
	76	80
	77	81
	78	82
	15	14
	81	85
	82	86
	86	90
	24	22
	88	91
	25	23
	89	92
	26	24
	27	25
	91	93
	28	26
	92	94
	32	30
	33	31
	34	32
	36	34
	41	40
	42	41
	43	42
	44	43
	45	44
	46	46
	47	51
	49	53
	50	54
	54	58
	55	59
	59	63
	60	64
	61	65
	62	66
net/minecraft/client/renderer/entity/state/WardenRenderState	0	0
net/minecraft/client/gui/screens/dialog/package-info	0	0
net/minecraft/client/renderer/item/ClientItem	40	31
	34	24
	36	25
	37	27
	38	28
	39	29
	40	31
	15	10
	16	11
	17	11
	18	12
	21	16
	22	17
	25	20
net/minecraft/client/gui/screens/dialog/DialogListDialogScreen	32	27
	32	27
	18	17
	19	18
	23	21
	27	25
	29	26
	30	26
net/minecraft/client/gui/screens/reporting/AbstractReportScreen	249	226
	33	30
	34	31
	35	32
	36	33
	37	34
	39	35
	40	36
	41	37
	42	38
	43	39
	44	40
	45	41
	52	46
	65	55
	66	56
	67	57
	68	58
	69	59
	72	62
	74	63
	75	64
	76	65
	77	66
	79	67
	84	72
	86	73
	87	74
	88	75
	90	76
	92	77
	93	78
	94	79
	97	82
	98	83
	103	89
	104	91
	105	92
	106	93
	107	94
	108	95
	109	96
	110	97
	111	98
	113	100
	114	101
	115	102
	116	103
	119	106
	120	107
	121	108
	122	109
	126	113
	127	114
	128	115
	131	118
	132	119
	134	120
	135	121
	136	122
	137	123
	139	124
	140	125
	141	126
	142	128
	143	129
	145	132
	147	135
	149	137
	150	138
	153	141
	154	142
	155	144
	156	144
	157	145
	160	148
	163	150
	164	151
	166	153
	169	156
	170	157
	173	160
	175	161
	176	163
	177	163
	178	164
	181	167
	182	168
	184	170
	187	173
	188	174
	192	178
	193	179
	195	181
	197	183
	201	187
	202	188
	203	189
	206	192
	207	193
	208	194
	209	195
	210	196
	213	199
	214	200
	218	204
	219	205
	220	206
	221	207
	222	207
	223	207
	225	208
	226	208
	227	209
	228	210
	229	211
	230	211
	232	212
	233	212
	234	213
	235	214
	236	215
	237	215
	239	216
	244	221
	245	222
	249	226
net/minecraft/client/gui/screens/inventory/ItemCombinerScreen	53	50
	33	33
	35	34
	36	35
	40	39
	41	40
	42	41
	43	42
	17	17
	49	47
	18	18
	19	19
	53	50
	22	22
	26	26
	27	27
	28	28
	29	29
net/minecraft/client/entity/ClientAvatarState	103	95
	65	56
	67	61
	70	64
	7	7
	74	68
	78	72
	82	76
	83	77
	84	78
	23	20
	87	81
	24	21
	88	82
	25	22
	89	83
	26	23
	92	86
	29	26
	30	27
	33	30
	98	90
	99	91
	37	34
	38	35
	39	36
	103	95
	41	37
	42	38
	43	39
	46	40
	47	41
	48	44
	49	45
	51	42
	54	48
	55	51
	56	52
	58	49
	61	55
	62	58
	63	59
net/minecraft/client/resources/ClientPackSource	124	95
	68	48
	69	49
	70	50
	73	53
	77	53
	82	57
	83	58
	84	59
	85	60
	88	64
	92	68
	93	69
	30	32
	94	70
	31	32
	95	71
	32	32
	96	72
	97	73
	98	74
	35	34
	39	36
	103	78
	40	37
	104	79
	41	37
	44	40
	109	83
	46	40
	48	40
	114	87
	51	42
	119	91
	57	43
	121	92
	122	93
	124	95
	63	44
net/minecraft/client/renderer/texture/MipmapStrategy	23	21
	18	17
	19	18
	7	7
	23	21
	8	8
	9	9
	10	10
	11	11
	13	13
net/minecraft/client/resources/sounds/SoundEventRegistration	27	26
	16	15
	19	18
	23	22
	27	26
	13	12
	14	13
	15	14
net/minecraft/client/resources/model/cuboid/CuboidModelElement	163	164
	128	126
	129	127
	130	128
	132	131
	136	135
	137	136
	138	137
	140	139
	144	144
	145	145
	146	145
	148	148
	150	146
	154	153
	155	154
	156	155
	159	158
	160	160
	161	161
	34	29
	35	30
	163	164
	57	50
	58	51
	59	52
	60	53
	61	54
	62	55
	63	56
	65	59
	66	60
	67	61
	68	62
	69	63
	70	64
	72	67
	73	68
	77	72
	81	76
	82	80
	83	81
	84	82
	87	84
	88	94
	89	95
	90	96
	91	85
	92	89
	93	90
	94	91
	95	92
	97	86
	99	99
	101	100
	103	77
	107	104
	108	105
	109	106
	110	107
	112	109
	116	114
	118	115
	119	116
	122	118
	126	123
	127	124
net/minecraft/client/gui/components/debug/DebugEntryVersion	18	28
	18	28
	13	15
	14	24
com/mojang/realmsclient/gui/screens/RealmsNotificationsScreen	190	169
	128	144
	131	147
	135	150
	136	151
	137	152
	138	153
	139	154
	140	155
	141	156
	144	159
	145	160
	146	162
	19	18
	147	163
	20	19
	148	164
	21	20
	149	165
	22	21
	24	22
	152	168
	153	169
	35	58
	36	59
	164	32
	166	33
	167	34
	40	63
	169	35
	41	64
	43	66
	174	40
	47	70
	48	71
	49	72
	52	75
	181	46
	53	76
	54	77
	183	47
	56	79
	185	48
	190	53
	63	85
	64	86
	65	87
	66	88
	67	89
	69	91
	73	95
	74	96
	76	98
	79	101
	83	105
	88	110
	90	111
	91	112
	93	114
	98	118
	101	121
	103	122
	104	123
	106	124
	107	125
	109	126
	111	127
	112	128
	113	129
	116	132
	117	133
	118	134
	119	135
	122	138
	123	139
	124	140
	127	143
net/minecraft/client/main/package-info	0	0
net/minecraft/client/renderer/entity/layers/ParrotOnShoulderLayer	55	66
	32	39
	34	41
	37	53
	38	54
	39	54
	40	54
	44	55
	45	56
	46	57
	47	58
	48	59
	49	60
	50	61
	20	20
	52	62
	21	21
	22	22
	54	65
	55	66
	26	32
	27	33
	28	34
	30	37
	31	38
net/minecraft/client/multiplayer/ChunkBatchSizeCalculator	33	28
	33	28
	9	9
	10	10
	11	11
	14	14
	15	15
	18	18
	22	19
	23	20
	24	21
	25	22
	26	23
	28	25
net/minecraft/client/gui/render/pip/package-info	0	0
net/minecraft/client/model/monster/endermite/package-info	0	0
net/minecraft/client/model/animal/parrot/package-info	0	0
net/minecraft/client/renderer/state/LightmapRenderState	16	17
	16	17
	7	8
	9	10
	11	12
	12	13
net/minecraft/client/gui/spectator/SpectatorMenuListener	0	0
net/minecraft/client/model/animal/bee/AdultBeeModel	91	57
	22	18
	24	19
	25	20
	26	21
	27	22
	31	26
	32	27
	33	28
	34	29
	37	32
	38	33
	40	34
	41	34
	42	34
	44	35
	45	35
	46	35
	48	36
	49	36
	50	36
	53	37
	54	38
	55	38
	56	38
	58	40
	59	41
	60	41
	61	41
	64	43
	65	44
	66	46
	67	46
	68	47
	70	49
	71	51
	72	51
	73	52
	75	54
	76	54
	77	54
	78	54
	80	55
	81	55
	82	55
	83	55
	85	56
	86	56
	87	56
	88	56
	91	57
net/minecraft/client/player/inventory/package-info	0	0
net/minecraft/client/renderer/item/properties/conditional/FishingRodCast	29	30
	18	20
	20	21
	21	22
	24	24
	29	30
	14	14
net/minecraft/client/gui/components/Tooltip	70	70
	64	63
	34	33
	66	66
	38	37
	70	70
	42	41
	46	45
	50	49
	55	54
	56	55
	58	57
	27	26
	28	27
	29	28
	61	60
	30	29
	62	61
	31	30
	63	62
net/minecraft/client/renderer/item/properties/select/CustomModelDataProperty	41	38
	16	16
	18	17
	19	18
	20	19
	36	33
	21	19
	41	38
	27	27
	28	28
	29	28
	31	28
net/minecraft/client/particle/BlockMarker	33	42
	16	16
	17	17
	33	42
	18	18
	22	22
	27	27
	13	13
	14	14
	15	15
com/mojang/realmsclient/gui/screens/RealmsCreateRealmScreen	133	119
	128	114
	132	118
	133	119
	24	23
	25	24
	26	25
	40	35
	41	36
	42	37
	43	38
	47	42
	49	43
	51	44
	52	45
	54	46
	55	47
	56	48
	58	49
	59	50
	61	51
	62	52
	63	53
	65	54
	66	55
	67	56
	71	60
	72	61
	76	65
	77	66
	80	69
	81	70
	82	71
	83	72
	84	73
	85	74
	86	75
	87	76
	88	76
	89	77
	90	78
	92	80
	93	80
	94	81
	96	83
	97	84
	99	86
	101	89
	102	90
	105	93
	107	95
	110	98
	112	101
	113	102
	114	103
	119	108
	120	109
	121	109
	122	110
	123	111
	124	112
	127	113
com/mojang/realmsclient/util/task/SwitchSlotTask	54	55
	33	32
	34	33
	37	36
	38	37
	39	38
	41	41
	10	10
	42	42
	43	43
	12	11
	44	44
	46	47
	47	48
	50	51
	19	17
	20	18
	21	19
	22	20
	54	55
	26	24
	27	26
	29	28
	30	29
net/minecraft/client/renderer/entity/state/RabbitRenderState	9	9
	9	9
net/minecraft/client/model/npc/VillagerModel	124	97
	25	23
	26	24
	27	25
	28	26
	29	27
	30	28
	33	31
	34	32
	36	33
	38	34
	39	34
	40	34
	43	35
	44	36
	45	36
	48	38
	49	39
	50	39
	51	39
	53	41
	54	41
	55	41
	56	41
	58	42
	59	42
	60	42
	63	43
	64	44
	65	44
	68	46
	69	48
	70	49
	71	51
	72	53
	73	55
	75	57
	76	58
	77	58
	78	58
	80	60
	81	61
	82	61
	83	61
	86	63
	90	67
	91	68
	92	69
	97	73
	99	74
	100	75
	102	76
	103	77
	104	78
	106	80
	109	83
	110	84
	111	85
	112	86
	113	87
	117	91
	122	95
	123	96
	124	97
net/minecraft/client/renderer/blockentity/state/BrushableBlockRenderState	0	0
net/minecraft/client/renderer/blockentity/state/BlockEntityRenderState	34	36
	32	34
	33	35
	34	36
	15	16
	17	17
	18	18
	23	25
	24	26
	25	27
	26	28
	27	29
	28	30
	31	33
net/minecraft/client/renderer/entity/AbstractZombieRenderer	48	41
	32	31
	33	32
	34	33
	38	36
	43	40
	44	41
	46	41
	15	15
	16	16
	48	41
	19	21
	21	22
	22	23
	26	26
	31	30
net/minecraft/client/model/animal/polarbear/PolarBearModel	76	65
	65	56
	66	57
	67	58
	69	59
	70	60
	71	61
	73	62
	74	63
	75	64
	76	65
	18	15
	19	16
	22	19
	23	20
	25	21
	26	23
	27	24
	28	26
	29	28
	30	30
	31	33
	33	35
	34	37
	35	37
	36	37
	37	38
	40	40
	41	41
	42	41
	43	42
	44	43
	46	44
	47	44
	48	45
	49	46
	51	47
	52	47
	57	51
	59	52
	60	53
	62	54
	63	55
net/minecraft/client/gui/screens/recipebook/GhostSlots	84	80
	64	60
	65	61
	68	66
	69	75
	71	67
	72	68
	73	69
	74	70
	76	75
	80	79
	81	80
	82	80
	84	80
	22	22
	23	23
	26	26
	27	27
	30	30
	31	31
	32	32
	34	34
	37	37
	38	38
	41	41
	42	42
	45	45
	46	46
	47	47
	49	48
	50	49
	52	51
	55	54
	57	55
	59	56
	61	57
	62	58
net/minecraft/client/renderer/entity/state/ItemClusterRenderState	36	33
	32	33
	33	33
	36	33
	16	16
	17	17
	18	18
	19	19
	22	22
	26	26
	27	27
	28	28
	29	29
	30	30
	31	31
net/minecraft/client/renderer/state/level/LevelRenderState	44	44
	33	33
	34	34
	35	35
	36	36
	37	37
	38	38
	39	39
	40	40
	41	41
	42	42
	43	43
	44	44
net/minecraft/client/resources/model/ModelDebugName	0	0
com/mojang/realmsclient/gui/screens/RealmsSelectWorldTemplateScreen	365	384
	260	369
	261	370
	262	371
	263	372
	267	376
	271	380
	275	384
	280	240
	281	240
	282	240
	284	243
	285	243
	286	243
	289	245
	290	246
	298	252
	299	253
	44	40
	300	254
	46	41
	302	255
	48	42
	304	257
	49	43
	50	44
	306	260
	307	261
	309	262
	311	264
	313	266
	317	270
	318	271
	319	272
	320	273
	322	276
	323	277
	325	280
	326	281
	72	64
	73	65
	329	284
	76	74
	77	75
	78	76
	334	289
	79	77
	335	301
	336	302
	81	78
	337	303
	82	79
	339	304
	340	305
	85	81
	341	306
	86	82
	343	309
	88	85
	344	310
	89	86
	345	311
	347	314
	348	315
	93	90
	349	316
	94	91
	350	317
	95	92
	351	318
	96	93
	352	319
	97	94
	353	320
	99	95
	355	322
	101	96
	102	97
	103	98
	359	326
	104	99
	360	328
	105	100
	361	329
	106	101
	362	330
	363	331
	108	102
	365	334
	110	103
	111	104
	112	105
	116	109
	117	110
	118	111
	122	115
	123	116
	124	117
	125	118
	129	122
	130	123
	131	124
	132	125
	136	129
	137	130
	140	133
	141	134
	143	136
	146	139
	147	140
	149	142
	152	145
	153	146
	155	148
	158	151
	161	154
	162	155
	163	157
	165	158
	168	159
	169	162
	170	163
	171	164
	172	165
	174	168
	176	170
	177	172
	178	173
	180	176
	182	177
	183	178
	184	180
	185	182
	187	185
	189	187
	190	192
	192	194
	193	196
	194	197
	198	201
	199	202
	200	203
	206	209
	208	210
	210	211
	211	212
	213	214
	216	217
	217	218
	218	219
	219	220
	220	221
	221	223
	222	224
	223	225
	224	226
	225	227
	226	228
	227	229
	228	230
	230	233
	233	236
	237	340
	238	341
	241	345
	242	351
	243	352
	246	355
	247	356
	251	360
	252	361
	253	362
	255	364
net/minecraft/client/renderer/entity/layers/CarriedBlockLayer	37	38
	32	33
	33	34
	35	35
	36	36
	37	38
	15	14
	16	15
	20	25
	21	26
	22	38
	25	27
	27	28
	28	29
	29	30
	30	31
	31	32
net/minecraft/client/server/IntegratedPlayerList	30	26
	16	16
	17	17
	21	20
	22	21
	25	22
	14	15
	30	26
com/mojang/realmsclient/client/RealmsError	184	165
	131	107
	136	112
	141	117
	142	118
	144	119
	17	16
	19	17
	150	26
	152	27
	155	30
	156	31
	30	126
	35	131
	36	132
	37	133
	167	35
	168	36
	40	136
	169	37
	41	137
	170	38
	42	138
	171	39
	43	139
	172	40
	174	40
	47	143
	180	42
	52	148
	181	43
	184	46
	59	155
	64	160
	69	165
	78	54
	83	59
	88	64
	93	69
	94	70
	99	75
	103	79
	107	83
	111	87
	115	91
	119	95
	120	96
	121	97
	122	98
	125	101
	126	102
com/mojang/blaze3d/opengl/VertexArrayCache	205	198
	128	131
	129	132
	133	133
	134	134
	138	135
	139	136
	140	137
	141	138
	142	139
	143	140
	144	141
	145	142
	147	144
	149	147
	150	148
	23	21
	24	22
	152	152
	25	23
	27	25
	155	156
	156	157
	157	158
	158	159
	159	160
	163	164
	164	165
	37	40
	165	166
	38	41
	166	167
	42	47
	170	169
	43	48
	44	49
	174	170
	47	50
	175	171
	48	51
	176	172
	49	52
	177	173
	178	174
	51	53
	179	175
	52	54
	53	55
	54	56
	183	176
	185	179
	58	59
	61	60
	189	184
	62	61
	64	64
	68	70
	69	72
	70	73
	71	74
	75	75
	203	196
	76	76
	204	197
	77	77
	205	198
	79	79
	80	80
	81	81
	82	82
	83	83
	84	84
	85	85
	86	86
	87	87
	89	90
	90	91
	92	93
	94	96
	95	97
	98	101
	107	110
	108	111
	109	112
	111	113
	113	115
	115	117
	120	123
	121	124
	122	125
	123	126
	124	127
	126	128
	127	130
net/minecraft/client/renderer/RenderBuffers	38	33
	16	11
	32	27
	19	14
	36	31
	37	32
	38	33
	23	18
	27	22
	13	9
	15	10
	31	26
net/minecraft/client/gui/components/CycleButton	304	344
	259	267
	260	268
	261	269
	264	272
	265	273
	266	274
	267	275
	269	277
	279	319
	280	320
	25	24
	26	25
	283	323
	288	328
	294	334
	295	335
	296	336
	299	339
	47	56
	48	57
	304	344
	49	58
	50	59
	51	60
	52	61
	53	62
	54	63
	55	64
	56	65
	57	66
	58	67
	59	68
	60	69
	64	73
	65	74
	66	75
	68	77
	71	80
	72	81
	74	83
	77	86
	78	87
	82	91
	83	92
	85	94
	87	96
	90	99
	91	100
	92	101
	94	102
	95	103
	96	104
	99	107
	100	108
	105	113
	106	114
	107	115
	108	116
	110	119
	114	123
	115	124
	116	125
	117	126
	121	129
	122	130
	126	134
	127	135
	130	138
	131	139
	132	140
	133	141
	134	142
	137	145
	141	149
	145	153
	150	158
	156	163
	157	164
	158	165
	159	166
	160	167
	161	168
	163	170
	166	173
	170	176
	174	180
	178	184
	182	188
	186	192
	192	199
	193	200
	200	206
	201	207
	202	208
	205	211
	210	216
	214	220
	218	224
	222	228
	223	229
	227	233
	228	234
	232	238
	233	239
	237	243
	238	244
	242	248
	243	249
	247	253
	251	257
	255	261
net/minecraft/client/renderer/entity/StriderRenderer	66	60
	66	60
	35	36
	36	37
	38	39
	43	44
	44	45
	46	45
	15	15
	16	16
	48	45
	17	17
	18	18
	53	49
	23	22
	25	23
	58	53
	27	28
	59	54
	28	29
	60	55
	61	56
	62	57
	31	33
net/minecraft/client/renderer/entity/VillagerRenderer	55	52
	36	39
	37	40
	39	40
	41	40
	46	44
	16	15
	17	16
	19	17
	51	48
	52	49
	53	50
	22	20
	54	51
	55	52
	24	21
	25	22
	26	31
	27	32
	31	35
net/minecraft/client/animation/definitions/BatAnimation	108	174
	11	9
	12	10
	13	11
	14	14
	16	17
	17	20
	19	23
	20	26
	22	29
	23	32
	25	35
	26	38
	28	41
	29	44
	31	47
	32	50
	34	53
	35	56
	37	59
	38	62
	40	65
	41	68
	43	71
	44	74
	46	77
	48	78
	49	79
	50	80
	51	84
	52	85
	53	86
	55	89
	56	93
	57	94
	58	95
	59	96
	60	97
	61	98
	63	101
	64	105
	65	106
	66	107
	68	110
	69	114
	70	115
	71	116
	72	117
	73	118
	74	119
	76	122
	77	126
	78	127
	79	128
	80	129
	82	132
	83	136
	84	137
	85	138
	86	139
	87	140
	89	143
	90	147
	91	148
	92	149
	93	150
	95	153
	96	157
	97	158
	98	159
	99	160
	100	161
	102	164
	103	168
	104	169
	105	170
	106	171
	108	174
net/minecraft/client/gui/components/debug/DebugEntryChunkGeneration	62	57
	32	34
	33	42
	36	35
	38	36
	39	37
	42	40
	43	42
	46	45
	47	46
	49	47
	51	48
	52	49
	21	20
	53	50
	55	51
	24	22
	56	52
	57	53
	59	54
	28	31
	60	55
	29	32
	30	33
	62	57
net/minecraft/client/gui/screens/inventory/InventoryScreen	144	153
	129	139
	130	140
	131	141
	132	142
	133	143
	134	144
	139	149
	140	150
	141	151
	144	153
	32	28
	33	29
	34	30
	35	31
	39	35
	41	36
	42	37
	44	43
	48	47
	49	48
	50	56
	52	54
	53	56
	57	60
	62	65
	63	66
	67	70
	68	71
	72	75
	73	76
	75	77
	76	78
	77	79
	81	83
	86	88
	91	93
	92	94
	93	95
	94	96
	96	97
	97	98
	100	112
	101	113
	103	114
	104	115
	106	116
	107	117
	108	118
	110	119
	111	120
	112	121
	113	122
	114	123
	115	124
	117	126
	119	129
	120	130
	121	131
	124	134
	125	135
	126	136
net/minecraft/client/renderer/entity/state/FrogRenderState	14	13
	7	7
	14	13
net/minecraft/client/gui/layouts/EqualSpacingLayout	174	168
	129	125
	130	126
	131	127
	136	132
	137	133
	138	134
	143	139
	144	141
	145	144
	147	146
	150	149
	151	151
	152	154
	154	156
	27	16
	28	17
	157	159
	158	160
	31	20
	159	161
	32	21
	33	22
	164	166
	37	26
	165	167
	166	168
	39	27
	40	67
	43	28
	44	29
	173	102
	46	31
	174	103
	47	32
	48	33
	51	36
	53	37
	55	38
	56	39
	57	40
	58	41
	59	42
	60	43
	61	45
	62	46
	63	47
	64	48
	65	49
	69	53
	70	55
	71	56
	74	59
	75	61
	76	64
	78	67
	82	71
	83	72
	87	76
	88	77
	91	80
	95	84
	99	88
	103	92
	104	93
	108	97
	115	111
	116	112
	117	113
	122	118
	123	119
	124	120
com/mojang/blaze3d/audio/DeviceTracker	0	0
net/minecraft/client/renderer/blockentity/state/EndPortalRenderState	9	8
	9	8
com/mojang/blaze3d/font/TrueTypeGlyphProvider	216	212
	128	122
	129	123
	130	125
	132	128
	133	129
	134	130
	138	134
	146	211
	147	212
	159	146
	160	147
	33	35
	34	36
	162	148
	36	37
	164	149
	165	150
	38	38
	39	39
	167	151
	168	152
	41	40
	42	41
	44	42
	172	156
	45	43
	46	45
	47	46
	48	47
	177	161
	50	48
	51	49
	180	164
	53	52
	54	53
	185	169
	58	57
	59	58
	62	61
	190	174
	65	54
	195	179
	69	68
	70	69
	200	184
	74	73
	75	74
	76	75
	77	76
	205	189
	79	77
	207	191
	80	78
	208	192
	81	79
	209	193
	82	80
	211	196
	87	85
	216	200
	93	89
	94	90
	95	91
	97	94
	98	95
	99	96
	102	99
	104	100
	105	101
	106	102
	107	103
	108	104
	110	105
	111	107
	114	106
	118	111
	119	114
	121	112
	126	120
	127	121
net/minecraft/client/renderer/chunk/RenderSectionRegion	83	79
	32	30
	64	62
	33	31
	34	32
	35	33
	36	34
	69	67
	40	37
	74	71
	45	42
	79	75
	50	49
	83	79
	55	53
	60	57
	29	27
	30	28
	31	29
net/minecraft/client/renderer/debug/EntityBlockIntersectionDebugRenderer	17	17
	16	16
	17	17
	14	16
	15	16
net/minecraft/client/model/monster/enderman/package-info	0	0
net/minecraft/client/gui/screens/advancements/AdvancementsScreen	302	282
	256	240
	257	242
	261	245
	265	248
	266	249
	267	250
	269	252
	273	255
	277	259
	278	260
	279	261
	281	263
	28	25
	285	267
	286	268
	290	271
	291	272
	292	273
	295	276
	296	277
	301	281
	302	282
	51	41
	52	42
	53	43
	68	54
	69	55
	72	58
	73	59
	74	60
	75	61
	79	65
	80	66
	81	67
	82	68
	83	69
	84	70
	85	71
	88	73
	90	76
	92	77
	93	78
	94	79
	98	83
	99	84
	100	85
	101	86
	105	90
	106	91
	110	95
	111	96
	112	97
	113	98
	115	100
	119	104
	120	105
	121	106
	122	107
	123	108
	125	110
	129	114
	130	115
	131	116
	133	118
	134	119
	135	120
	136	121
	140	126
	145	131
	146	132
	147	133
	148	134
	150	136
	155	142
	157	143
	158	144
	159	145
	160	146
	161	147
	162	148
	163	149
	164	150
	165	151
	166	152
	167	153
	170	157
	171	158
	175	162
	176	163
	177	164
	180	167
	181	168
	182	169
	183	170
	185	173
	190	178
	191	179
	196	184
	197	185
	198	186
	200	188
	204	193
	205	194
	206	195
	207	196
	208	197
	209	198
	210	202
	213	200
	214	202
	217	205
	218	206
	219	207
	220	208
	223	211
	224	212
	227	216
	228	217
	231	220
	232	221
	233	222
	235	223
	236	224
	238	225
	241	228
	242	229
	243	230
	244	231
	248	235
	252	238
	253	239
	254	242
net/minecraft/client/gui/screens/inventory/MenuAccess	0	0
net/minecraft/client/renderer/entity/WindChargeRenderer	38	45
	16	16
	33	40
	21	20
	22	21
	38	45
	23	22
	27	26
	29	36
	30	37
net/minecraft/client/resources/server/PackReloadConfig	0	0
net/minecraft/client/gui/components/MultiLineEditBox	320	317
	256	254
	257	255
	259	258
	260	259
	263	262
	269	268
	270	269
	271	270
	272	271
	273	272
	274	273
	24	22
	280	276
	281	277
	285	281
	286	282
	290	286
	291	287
	37	46
	38	47
	39	48
	295	291
	40	49
	296	292
	41	50
	42	51
	43	52
	44	53
	300	296
	45	54
	301	297
	48	57
	49	58
	305	301
	306	302
	52	61
	53	62
	310	306
	311	307
	56	65
	57	66
	315	311
	60	69
	316	312
	61	70
	64	73
	320	317
	65	74
	68	77
	73	82
	74	83
	78	87
	79	88
	81	90
	82	91
	84	93
	88	97
	89	98
	90	99
	91	100
	95	104
	100	109
	101	113
	104	110
	105	111
	110	119
	111	120
	116	125
	117	126
	118	127
	119	213
	122	131
	123	132
	124	133
	125	134
	127	135
	128	136
	129	137
	130	138
	133	139
	134	141
	135	142
	137	143
	139	144
	140	145
	141	146
	142	147
	144	148
	145	149
	147	150
	148	151
	149	152
	150	153
	152	156
	156	158
	157	159
	158	160
	159	161
	161	162
	162	163
	167	167
	170	170
	171	171
	174	174
	175	175
	177	176
	178	177
	179	179
	180	180
	181	181
	183	183
	187	187
	188	188
	190	190
	191	191
	193	193
	195	196
	198	199
	202	204
	203	205
	206	208
	207	209
	208	210
	210	213
	214	217
	216	218
	217	219
	218	220
	219	221
	221	223
	225	227
	229	231
	231	232
	233	233
	234	234
	236	236
	238	237
	239	238
	243	242
	244	243
	247	246
	248	247
	250	248
	251	249
	255	253
net/minecraft/client/model/monster/guardian/package-info	0	0
net/minecraft/client/gui/components/events/GuiEventListener	85	75
	34	31
	38	35
	70	63
	42	39
	74	67
	75	67
	77	67
	46	43
	81	71
	50	47
	19	16
	85	75
	22	19
	26	23
	58	51
	30	27
	62	55
net/minecraft/client/renderer/item/properties/numeric/Count	30	26
	19	19
	20	20
	22	21
	23	21
	25	21
	13	13
	14	14
	30	26
	15	14
net/minecraft/client/model/animal/wolf/package-info	0	0
net/minecraft/client/renderer/texture/atlas/SpriteSource	39	32
	39	21
	24	31
	25	32
	15	13
net/minecraft/client/input/MouseButtonEvent	19	15
	19	15
	10	6
	14	10
net/minecraft/client/particle/SimpleVerticalParticle	37	63
	16	25
	17	26
	18	27
	19	28
	37	63
	23	32
	11	20
	12	21
	13	22
	29	47
	14	23
	15	24
net/minecraft/client/renderer/PlayerSkinRenderCache	148	138
	128	117
	67	60
	68	61
	132	121
	69	61
	133	122
	135	125
	72	61
	76	65
	140	130
	77	66
	78	67
	79	68
	80	69
	81	70
	145	136
	146	137
	147	138
	84	72
	148	138
	25	25
	89	77
	26	26
	93	81
	34	32
	35	32
	36	33
	37	34
	38	35
	39	36
	105	92
	106	93
	107	94
	110	97
	50	45
	114	101
	51	46
	118	105
	119	106
	121	109
	60	54
	61	55
	125	113
	62	56
	126	114
	63	57
net/minecraft/client/model/monster/silverfish/package-info	0	0
net/minecraft/client/renderer/DynamicUniforms	104	82
	65	46
	70	50
	74	54
	78	58
	16	15
	82	62
	21	18
	22	18
	23	18
	24	18
	88	81
	25	18
	89	81
	90	81
	27	19
	91	81
	28	19
	92	81
	29	19
	93	82
	30	19
	31	19
	99	69
	100	70
	101	71
	38	21
	102	72
	39	23
	103	73
	104	74
	43	27
	44	28
	45	29
	49	33
	50	34
	51	35
	55	38
	60	42
net/minecraft/client/data/models/model/ItemModelUtils	199	210
	130	151
	131	152
	133	152
	139	158
	143	162
	144	162
	146	162
	151	166
	155	170
	159	176
	162	176
	36	31
	167	182
	40	35
	168	183
	169	184
	170	185
	44	39
	174	193
	175	193
	48	43
	177	193
	52	47
	182	202
	56	51
	184	202
	186	202
	60	57
	64	63
	192	208
	193	209
	195	210
	68	67
	196	210
	198	210
	199	210
	72	73
	76	79
	80	85
	84	89
	88	95
	92	103
	96	112
	100	121
	109	125
	113	129
	118	136
	122	142
	123	142
	125	142
com/mojang/blaze3d/IndexType	17	14
	17	14
	4	4
	5	5
	10	10
	11	11
	14	14
	15	14
net/minecraft/client/multiplayer/ServerData	181	160
	130	140
	131	141
	132	142
	135	144
	136	146
	137	147
	138	148
	139	149
	140	150
	147	156
	148	157
	21	20
	151	160
	41	38
	42	39
	170	125
	43	40
	44	41
	172	127
	173	128
	174	129
	47	44
	48	45
	176	131
	49	46
	177	132
	51	47
	53	48
	181	136
	54	49
	55	50
	58	53
	62	57
	66	61
	67	62
	70	65
	71	66
	72	67
	73	68
	74	69
	78	73
	82	77
	83	78
	86	81
	90	85
	94	89
	98	93
	102	97
	103	98
	106	101
	107	102
	110	105
	111	106
	112	107
	113	108
	116	111
	117	112
	118	113
	119	114
	122	117
	126	121
	127	122
net/minecraft/client/renderer/entity/state/LightningBoltRenderState	0	0
net/minecraft/client/gui/screens/friends/AbstractFriendsTab	70	57
	64	53
	65	53
	38	33
	70	57
	39	34
	40	35
	42	37
	43	38
	47	41
	48	42
	49	43
	53	46
	54	47
	23	20
	55	48
	24	21
	56	49
	25	22
	28	25
	61	53
	62	53
	63	53
net/minecraft/client/particle/ParticleDescription	34	32
	16	15
	32	31
	17	16
	34	32
	20	19
	24	23
	25	24
	26	25
	29	28
	30	29
	31	30
net/minecraft/client/renderer/entity/SheepRenderer	42	37
	35	31
	36	32
	37	33
	38	34
	39	35
	41	36
	42	37
	13	13
	14	14
	17	17
	19	18
	20	19
	21	20
	25	23
	30	27
net/minecraft/client/gui/screens/inventory/AbstractRecipeBookScreen	152	135
	132	117
	134	118
	135	119
	139	123
	141	124
	142	125
	146	129
	147	130
	23	23
	151	134
	24	24
	152	135
	25	25
	29	29
	30	30
	31	31
	32	32
	34	33
	35	34
	40	39
	41	40
	42	41
	43	42
	44	43
	45	44
	46	45
	47	46
	48	47
	49	48
	52	51
	56	55
	57	56
	59	58
	61	61
	62	62
	64	63
	65	64
	67	65
	68	66
	69	67
	73	71
	74	72
	75	73
	78	76
	83	81
	84	81
	86	81
	91	86
	92	86
	94	86
	99	91
	100	92
	101	93
	104	95
	105	95
	108	95
	113	101
	114	101
	116	101
	121	106
	126	111
	127	112
net/minecraft/client/gui/screens/worldselection/DataPackReloadCookie	0	0
net/minecraft/client/gui/components/TextCursorUtils	21	20
	17	16
	18	17
	21	20
	13	12
	14	13
com/mojang/blaze3d/vulkan/VulkanGpuSampler	102	101
	64	64
	65	68
	67	65
	68	66
	69	68
	73	72
	78	77
	83	82
	88	87
	27	32
	28	33
	29	34
	93	92
	30	35
	31	36
	32	37
	33	38
	98	97
	35	40
	36	41
	37	42
	38	43
	102	101
	39	44
	40	45
	41	46
	42	47
	48	48
	49	49
	50	50
	51	51
	52	52
	53	53
	55	55
	59	59
	60	60
com/mojang/realmsclient/gui/screens/configuration/RealmsInviteScreen	120	103
	21	19
	22	20
	23	21
	24	22
	25	23
	37	32
	38	33
	39	34
	40	35
	44	39
	46	40
	48	41
	49	42
	50	43
	52	44
	54	45
	55	46
	56	47
	60	51
	61	52
	65	56
	66	57
	68	59
	71	62
	72	85
	75	63
	76	64
	77	85
	80	65
	81	66
	82	85
	85	68
	86	69
	87	70
	88	71
	89	72
	91	73
	92	73
	93	74
	94	75
	96	77
	98	80
	99	81
	100	82
	101	85
	104	88
	105	89
	106	90
	110	94
	111	95
	115	99
	117	100
	118	101
	120	103
net/minecraft/client/renderer/blockentity/WallAndGroundTransformations	30	27
	16	14
	19	15
	20	17
	21	18
	23	20
	26	23
	30	27
net/minecraft/client/renderer/blockentity/state/BlockEntityWithBoundingBoxRenderState	0	0
com/mojang/blaze3d/resource/package-info	0	0
net/minecraft/client/renderer/entity/ItemFrameRenderer	162	142
	130	111
	135	115
	140	119
	141	120
	142	121
	143	122
	144	123
	145	124
	146	125
	147	126
	148	127
	149	128
	150	129
	151	130
	152	131
	153	132
	28	27
	157	137
	158	138
	160	140
	162	142
	38	35
	39	36
	40	37
	41	38
	42	39
	46	42
	47	42
	49	42
	54	46
	55	47
	57	48
	59	49
	61	50
	63	51
	64	52
	68	55
	69	56
	70	57
	72	59
	73	60
	75	63
	76	64
	78	65
	79	66
	80	67
	81	68
	82	69
	85	72
	86	73
	88	75
	91	78
	92	79
	93	80
	95	81
	96	82
	97	83
	98	84
	99	85
	100	86
	101	87
	102	88
	103	89
	105	90
	107	91
	108	92
	111	95
	112	96
	115	99
	120	103
	125	107
net/minecraft/client/renderer/special/ShieldSpecialRenderer	88	95
	68	50
	69	53
	70	54
	72	55
	41	33
	73	56
	42	34
	43	35
	75	57
	76	59
	79	73
	80	74
	48	87
	82	77
	52	91
	86	81
	87	82
	88	83
	57	95
	30	28
	63	38
net/minecraft/client/player/inventory/Hotbar	80	77
	64	59
	65	60
	67	63
	68	64
	71	67
	72	68
	73	69
	76	73
	80	77
	23	23
	25	24
	27	25
	28	25
	30	26
	31	27
	32	27
	40	31
	41	32
	44	35
	45	36
	48	39
	49	41
	50	43
	51	44
	52	45
	54	47
	58	51
	59	52
	60	54
	61	55
	62	56
	63	58
com/mojang/blaze3d/TracyFrameCapture	125	113
	32	30
	35	33
	36	34
	37	35
	38	36
	39	37
	40	38
	41	39
	44	42
	46	43
	47	44
	48	45
	50	48
	51	49
	52	50
	56	53
	57	54
	59	55
	60	56
	61	57
	63	58
	64	59
	65	60
	66	61
	67	62
	68	63
	69	64
	71	66
	76	69
	77	90
	79	70
	81	71
	82	72
	83	73
	84	74
	87	77
	88	78
	89	80
	90	81
	91	82
	92	83
	93	84
	96	87
	98	88
	99	90
	104	93
	105	100
	107	94
	109	96
	110	97
	112	100
	115	103
	116	104
	117	105
	118	106
	122	110
	123	111
	124	112
	125	113
net/minecraft/client/gui/screens/options/HasGamemasterPermissionReaction	0	0
net/minecraft/client/gui/screens/worldselection/WorldSelectionList	742	803
	513	608
	517	612
	518	619
	521	613
	522	614
	523	619
	526	616
	527	619
	530	624
	532	627
	533	628
	534	629
	536	632
	537	633
	538	634
	539	635
	540	636
	543	640
	546	643
	547	644
	549	651
	550	650
	551	666
	552	667
	553	668
	555	670
	558	673
	559	674
	562	678
	563	679
	564	680
	565	681
	566	682
	567	683
	568	684
	569	685
	570	686
	571	687
	575	692
	577	693
	578	694
	579	695
	581	696
	582	697
	583	698
	584	699
	585	700
	586	701
	75	77
	588	704
	77	78
	589	705
	78	79
	79	80
	80	81
	592	708
	81	82
	593	740
	82	83
	594	711
	83	84
	84	85
	596	714
	85	86
	597	715
	598	716
	87	87
	599	717
	88	88
	89	89
	601	718
	90	90
	602	719
	91	91
	603	722
	92	92
	604	724
	93	93
	605	729
	94	94
	606	730
	611	736
	613	755
	614	756
	615	757
	616	758
	617	759
	618	762
	619	764
	620	765
	621	766
	111	116
	112	117
	624	770
	114	118
	627	773
	116	119
	628	774
	117	120
	118	121
	119	122
	631	777
	120	123
	632	778
	121	124
	633	779
	634	780
	123	126
	635	781
	636	782
	125	129
	637	783
	126	130
	127	131
	640	786
	642	788
	131	135
	132	136
	133	137
	646	792
	647	793
	137	141
	649	795
	138	142
	139	143
	140	147
	652	798
	141	148
	143	144
	657	803
	146	151
	147	152
	148	153
	662	359
	154	158
	155	159
	667	363
	668	364
	159	163
	672	368
	161	164
	673	369
	162	165
	674	370
	164	168
	676	371
	165	169
	677	372
	678	373
	679	374
	168	172
	680	375
	169	187
	171	173
	172	174
	684	379
	173	176
	175	179
	176	180
	180	183
	181	184
	183	187
	186	190
	187	191
	189	194
	190	195
	702	297
	703	298
	704	299
	195	200
	707	302
	196	201
	708	303
	197	202
	198	203
	199	204
	712	307
	713	308
	202	207
	203	207
	204	208
	205	209
	717	312
	718	313
	210	214
	722	317
	211	215
	723	318
	212	216
	213	218
	214	219
	215	220
	727	322
	216	221
	728	323
	218	224
	220	227
	732	327
	221	228
	733	328
	222	229
	223	230
	225	232
	737	332
	226	233
	738	333
	227	234
	228	235
	742	338
	231	238
	235	242
	236	243
	237	244
	240	247
	241	248
	245	252
	250	256
	251	257
	252	258
	254	260
	257	263
	258	264
	259	264
	261	264
	265	268
	266	269
	267	270
	270	273
	275	278
	276	279
	277	283
	279	281
	280	283
	285	346
	288	349
	296	387
	297	388
	301	392
	306	397
	307	398
	308	399
	326	415
	327	416
	328	417
	329	418
	330	419
	331	420
	333	421
	334	422
	335	423
	336	424
	337	425
	338	426
	341	429
	342	430
	343	431
	344	432
	345	433
	347	436
	348	437
	349	438
	350	439
	351	440
	354	443
	355	444
	356	445
	357	446
	358	447
	361	450
	362	451
	363	452
	366	455
	367	478
	370	457
	371	458
	372	459
	373	460
	374	461
	375	462
	377	464
	380	468
	381	469
	383	471
	384	472
	385	473
	386	474
	387	475
	389	478
	393	482
	394	484
	395	484
	396	484
	398	486
	399	487
	401	490
	402	491
	404	494
	409	499
	410	500
	411	501
	413	502
	414	503
	416	504
	417	505
	419	506
	421	507
	422	508
	423	509
	424	510
	426	511
	427	512
	428	513
	429	514
	430	515
	431	516
	432	517
	433	518
	434	519
	437	522
	438	523
	439	524
	440	525
	442	527
	443	528
	444	529
	445	530
	447	532
	448	533
	449	534
	450	535
	452	537
	453	538
	454	539
	455	540
	456	541
	457	542
	459	548
	460	549
	461	550
	462	551
	465	559
	466	560
	469	563
	470	564
	471	565
	475	569
	478	572
	483	577
	484	578
	485	579
	487	580
	488	581
	489	582
	490	583
	491	584
	492	585
	496	590
	501	595
	502	596
	503	597
	504	598
	505	599
	506	600
	509	604
net/minecraft/client/renderer/feature/FeatureRendererType	25	19
	17	11
	20	14
	25	19
net/minecraft/client/renderer/feature/FlameFeatureRenderer	87	77
	64	56
	65	57
	66	58
	67	59
	68	60
	69	61
	70	62
	71	63
	72	64
	74	66
	77	71
	78	72
	20	16
	87	77
	24	20
	25	21
	26	22
	27	24
	28	25
	30	27
	33	30
	34	31
	36	32
	37	33
	39	34
	40	35
	42	36
	43	37
	45	38
	47	39
	48	40
	49	41
	50	42
	52	44
	53	45
	55	46
	56	47
	57	48
	58	49
	59	50
	60	51
	61	52
	62	53
net/minecraft/client/searchtree/IdSearchTree	41	35
	18	17
	19	18
	35	29
	20	19
	21	20
	39	33
	40	34
	41	35
	27	24
	28	25
	29	25
	31	25
net/minecraft/client/telemetry/TelemetryPropertyMap	109	111
	66	68
	73	74
	78	79
	82	83
	20	19
	21	20
	24	23
	89	90
	28	27
	92	93
	93	94
	31	29
	32	31
	33	32
	97	98
	98	99
	35	35
	100	102
	39	39
	40	40
	104	106
	41	40
	105	107
	43	40
	109	111
	48	45
	49	47
	50	48
	52	51
	56	57
	57	58
	58	59
	59	60
	61	62
net/minecraft/client/resources/sounds/BeeFlyingSoundInstance	19	19
	19	19
	9	9
	10	10
	14	14
net/minecraft/client/renderer/debug/LightDebugRenderer	57	65
	32	33
	34	34
	36	35
	38	37
	39	38
	40	39
	41	40
	42	42
	44	52
	45	53
	46	54
	49	57
	50	58
	51	59
	52	60
	53	61
	25	24
	57	65
	26	25
	27	26
	28	27
net/minecraft/client/model/animal/ghast/HappyGhastHarnessModel	45	48
	32	34
	37	40
	38	41
	39	42
	40	43
	42	45
	43	46
	45	48
	20	19
	21	20
	22	21
	25	24
	26	25
	28	26
	30	29
net/minecraft/client/renderer/state/GameRenderState	17	16
	17	16
com/mojang/blaze3d/shaders/GpuDebugOptions	0	0
com/mojang/realmsclient/dto/Subscription	43	36
	33	24
	38	30
	39	31
	41	33
	43	36
	20	12
	24	16
	25	17
	26	18
	27	19
	28	20
	30	22
	31	23
net/minecraft/client/gui/screens/inventory/StructureBlockEditScreen	451	466
	28	27
	29	28
	30	29
	31	30
	32	31
	33	32
	34	33
	35	34
	36	35
	37	36
	38	37
	39	39
	76	74
	77	75
	78	76
	81	79
	82	80
	84	82
	87	85
	88	86
	89	87
	90	88
	91	89
	92	90
	93	91
	94	92
	95	93
	99	97
	100	98
	102	99
	103	100
	104	101
	105	102
	106	103
	107	104
	108	105
	110	106
	111	107
	112	108
	113	109
	115	111
	116	112
	117	113
	118	114
	119	115
	121	117
	122	119
	123	120
	124	121
	125	122
	126	123
	127	124
	128	125
	131	127
	132	128
	133	129
	134	130
	136	132
	137	133
	138	136
	141	138
	142	141
	145	143
	146	145
	147	146
	148	147
	151	149
	152	152
	155	154
	156	157
	159	159
	160	160
	161	161
	162	162
	163	163
	164	164
	165	165
	166	166
	167	167
	168	168
	169	169
	170	170
	171	171
	172	172
	173	173
	174	174
	176	175
	180	178
	181	179
	183	180
	186	183
	187	184
	188	185
	190	186
	191	187
	192	188
	193	189
	194	190
	195	191
	196	192
	197	193
	198	194
	199	195
	200	196
	201	197
	202	198
	204	199
	205	200
	206	201
	207	202
	208	203
	209	204
	210	205
	211	206
	212	207
	213	208
	214	209
	215	210
	216	211
	218	212
	219	213
	220	214
	221	215
	222	216
	223	217
	224	218
	225	219
	227	220
	228	221
	229	222
	230	223
	232	224
	233	225
	234	226
	238	230
	239	231
	243	235
	244	236
	245	237
	246	238
	247	239
	248	240
	249	241
	250	242
	251	243
	252	244
	254	245
	256	246
	257	247
	258	248
	259	249
	260	250
	261	251
	262	252
	263	253
	264	254
	265	255
	266	256
	269	259
	270	260
	271	261
	272	262
	274	263
	275	265
	276	268
	277	271
	278	274
	280	276
	283	279
	284	280
	285	281
	286	282
	287	283
	288	284
	289	285
	290	286
	291	287
	292	288
	294	289
	295	290
	296	291
	297	292
	298	293
	299	294
	300	295
	301	296
	302	297
	303	298
	304	299
	305	300
	307	301
	309	303
	310	304
	311	305
	312	306
	313	307
	314	308
	315	309
	316	310
	317	311
	318	312
	319	313
	320	314
	321	315
	323	317
	324	318
	325	319
	326	320
	327	321
	328	322
	329	323
	330	324
	331	325
	332	326
	333	327
	334	328
	335	329
	336	330
	337	331
	338	332
	339	333
	340	335
	341	338
	343	340
	346	344
	347	347
	348	349
	349	350
	350	351
	351	372
	356	377
	357	378
	358	379
	364	385
	365	386
	366	387
	372	393
	373	394
	374	395
	380	401
	381	402
	385	406
	386	407
	389	408
	390	409
	391	410
	394	412
	399	418
	401	419
	402	420
	404	421
	405	422
	406	423
	409	426
	410	427
	411	428
	412	429
	413	430
	415	431
	418	434
	419	435
	420	436
	421	437
	422	438
	424	439
	425	440
	428	443
	429	444
	430	445
	431	446
	432	447
	433	448
	436	451
	437	452
	438	453
	441	456
	442	457
	446	461
	451	466
net/minecraft/client/renderer/entity/FishingHookRenderer	169	153
	129	121
	130	122
	131	123
	133	124
	134	125
	135	126
	136	127
	137	128
	138	129
	139	130
	141	131
	142	132
	146	135
	23	24
	151	139
	24	25
	153	140
	154	141
	155	142
	156	150
	29	29
	30	30
	159	144
	160	145
	34	33
	162	146
	163	147
	164	148
	165	150
	39	39
	41	40
	169	153
	42	41
	44	42
	46	43
	47	44
	48	45
	49	46
	50	47
	51	48
	53	49
	55	50
	56	51
	57	52
	58	53
	60	54
	61	55
	62	57
	63	58
	64	59
	65	60
	66	61
	68	63
	70	64
	71	65
	72	66
	81	69
	82	69
	83	69
	87	73
	89	74
	90	86
	91	87
	92	88
	93	89
	94	90
	95	91
	98	92
	101	93
	108	75
	109	76
	111	77
	112	81
	113	82
	114	83
	116	84
	121	99
	125	103
	126	109
net/minecraft/client/renderer/feature/GizmoFeatureRenderer	187	173
	25	22
	31	27
	32	29
	33	30
	34	31
	35	32
	36	33
	37	34
	38	35
	40	37
	43	40
	44	70
	46	41
	47	42
	48	43
	50	45
	51	46
	52	47
	53	48
	54	49
	55	50
	58	52
	60	53
	62	55
	65	58
	66	59
	67	60
	70	63
	71	64
	72	65
	75	67
	77	70
	80	73
	81	119
	84	74
	85	75
	86	76
	87	77
	88	78
	89	79
	90	80
	91	81
	92	82
	93	83
	95	85
	96	86
	97	87
	98	88
	99	89
	101	90
	102	91
	104	92
	109	93
	113	94
	114	95
	119	99
	120	100
	121	101
	122	102
	124	104
	128	108
	129	112
	131	119
	134	122
	135	136
	137	123
	138	124
	139	125
	140	126
	141	128
	142	129
	143	131
	144	132
	147	136
	150	139
	151	153
	153	140
	154	141
	155	142
	156	143
	157	144
	158	146
	159	147
	160	148
	161	149
	162	150
	164	153
	167	156
	168	168
	170	157
	171	158
	172	159
	173	160
	174	161
	175	163
	176	164
	177	165
	179	168
	187	173
net/minecraft/client/renderer/item/ConditionalItemModel	88	93
	67	72
	68	73
	70	76
	71	77
	72	78
	73	79
	79	86
	81	86
	86	91
	87	92
	88	93
	27	26
	28	27
	29	28
	30	29
	34	41
	35	42
	36	44
	44	48
	45	50
	46	51
	47	52
	48	53
	49	55
	53	60
	58	65
	59	66
	60	67
	61	67
	62	67
net/minecraft/client/gui/screens/ConnectScreen	215	248
	38	37
	39	38
	41	40
	42	42
	53	53
	54	54
	55	55
	56	56
	59	66
	60	67
	61	90
	64	70
	65	71
	66	72
	67	73
	69	75
	71	78
	72	79
	73	80
	75	83
	76	84
	77	85
	78	86
	79	87
	80	88
	81	90
	84	93
	85	94
	88	97
	90	100
	91	101
	93	104
	94	104
	95	104
	96	105
	97	106
	99	109
	100	111
	101	114
	103	117
	106	119
	107	120
	108	121
	110	124
	111	125
	113	126
	115	129
	117	130
	118	131
	119	132
	120	133
	122	136
	123	137
	125	141
	126	142
	127	143
	130	155
	133	159
	134	160
	135	161
	136	162
	142	166
	143	167
	145	169
	148	172
	149	173
	150	177
	152	185
	155	188
	156	189
	157	190
	158	191
	162	195
	163	196
	164	197
	167	200
	168	201
	172	205
	173	206
	174	207
	176	209
	179	212
	183	216
	188	221
	189	222
	190	223
	191	224
	192	225
	193	226
	195	229
	196	230
	199	234
	200	235
	201	236
	205	240
	207	241
	208	242
	209	243
	211	244
	214	247
	215	248
com/mojang/blaze3d/opengl/GlDevice	397	413
	257	276
	258	277
	259	278
	262	282
	263	284
	264	285
	265	286
	268	290
	270	291
	271	292
	272	293
	274	295
	279	298
	280	299
	281	300
	282	301
	283	302
	284	303
	288	307
	289	308
	290	309
	293	312
	297	316
	301	320
	302	321
	50	46
	307	325
	308	326
	53	47
	54	48
	55	49
	56	50
	312	330
	57	51
	313	331
	58	52
	314	332
	59	53
	315	333
	60	54
	61	55
	317	335
	62	56
	318	336
	319	337
	320	338
	322	339
	323	340
	324	341
	325	342
	328	344
	329	345
	330	346
	77	70
	78	71
	334	352
	335	353
	80	72
	336	354
	337	355
	82	74
	338	356
	83	75
	84	76
	340	359
	341	360
	86	78
	342	361
	89	81
	345	365
	346	366
	91	82
	347	367
	92	83
	348	368
	93	84
	349	369
	94	85
	350	370
	95	86
	351	371
	352	372
	97	87
	353	373
	354	374
	99	88
	100	89
	101	90
	102	91
	103	92
	359	379
	105	95
	106	96
	363	383
	108	99
	109	100
	110	101
	111	102
	367	387
	114	106
	115	107
	371	391
	118	110
	120	111
	121	112
	377	412
	378	413
	379	413
	124	115
	381	413
	129	120
	387	396
	135	125
	392	401
	140	137
	397	406
	145	150
	151	163
	152	164
	153	165
	154	166
	157	169
	158	171
	159	172
	160	173
	162	175
	163	176
	165	179
	166	180
	167	181
	168	182
	169	183
	172	186
	173	187
	174	188
	176	189
	177	215
	180	190
	181	191
	182	192
	183	193
	187	197
	188	198
	192	202
	193	203
	194	204
	195	207
	196	208
	199	211
	200	212
	201	213
	206	221
	211	226
	217	231
	218	232
	219	233
	220	234
	221	235
	222	238
	223	239
	225	242
	226	243
	232	248
	233	249
	234	250
	235	251
	236	252
	237	253
	238	256
	239	257
	241	260
	242	261
	247	266
	252	271
com/mojang/blaze3d/systems/SamplerCache	81	74
	73	65
	74	66
	75	67
	12	10
	76	68
	77	69
	78	70
	15	13
	79	71
	16	14
	17	29
	81	74
	19	15
	20	16
	21	17
	22	18
	23	19
	24	20
	30	31
	39	36
	43	40
	47	44
	51	48
	55	52
	59	56
	60	57
	62	59
net/minecraft/client/MusicToastDisplayState	43	40
	35	32
	39	36
	8	8
	9	9
	10	10
	43	40
	13	12
	20	18
	21	19
	22	20
	23	21
	26	24
	30	28
net/minecraft/client/model/object/cart/package-info	0	0
net/minecraft/client/renderer/blockentity/SkullBlockRenderer	153	159
	128	136
	132	140
	136	144
	140	148
	141	149
	142	150
	143	151
	150	158
	151	159
	152	159
	153	159
	42	43
	50	46
	51	47
	52	48
	53	49
	54	50
	55	51
	56	52
	57	53
	58	54
	61	58
	62	59
	63	60
	64	61
	65	62
	66	63
	67	64
	68	65
	69	66
	73	70
	79	75
	80	76
	81	77
	82	78
	86	81
	91	91
	92	92
	93	93
	94	94
	95	95
	96	96
	98	98
	100	101
	101	102
	102	103
	106	106
	108	107
	109	108
	110	109
	111	110
	112	111
	115	123
	116	124
	117	125
	118	126
	121	129
	122	130
	123	131
	124	132
net/minecraft/client/renderer/entity/layers/SpiderEyesLayer	19	19
	19	19
	11	11
	14	14
	15	15
net/minecraft/client/gui/screens/friends/package-info	0	0
net/minecraft/client/input/KeyEvent	19	12
	19	12
net/minecraft/client/renderer/state/gui/GuiItemRenderState	78	79
	65	66
	69	70
	73	74
	78	79
	21	22
	22	23
	23	24
	24	25
	25	26
	26	27
	27	28
	28	29
	31	32
	32	33
	33	34
	34	35
	35	39
	36	40
	37	41
	38	42
	39	43
	40	44
	41	45
	43	36
	48	49
	49	50
	53	54
	57	58
	61	62
net/minecraft/client/resources/server/PackLoadFeedback	0	0
com/mojang/blaze3d/systems/GpuDevice	172	194
	128	150
	129	151
	131	153
	135	158
	139	162
	143	166
	147	170
	151	174
	152	175
	155	178
	28	27
	156	179
	29	28
	30	29
	31	30
	159	182
	160	183
	33	32
	35	34
	163	186
	38	37
	168	190
	42	41
	172	194
	53	52
	54	53
	55	56
	57	54
	61	69
	62	70
	66	82
	67	83
	71	87
	72	88
	75	91
	76	92
	77	93
	78	95
	80	99
	81	100
	84	103
	85	104
	86	105
	87	106
	89	109
	90	110
	92	113
	93	114
	95	116
	96	117
	98	119
	101	122
	102	123
	106	127
	107	128
	111	132
	112	133
	115	134
	116	136
	118	139
	121	142
	122	143
	124	145
net/minecraft/client/resources/model/cuboid/MissingCuboidModel	42	28
	34	23
	19	17
	35	24
	22	20
	24	21
	40	28
	41	28
	25	21
	42	28
	28	22
net/minecraft/client/model/ArmedModel	0	0
net/minecraft/client/resources/model/cuboid/UnbakedCuboidGeometry	75	74
	64	62
	65	64
	66	65
	68	67
	75	74
	22	19
	26	25
	28	27
	29	28
	30	29
	31	30
	33	31
	34	32
	36	33
	37	34
	38	35
	41	38
	42	39
	43	40
	46	43
	47	44
	48	45
	51	48
	52	49
	53	50
	54	51
	56	53
	57	54
	58	55
	59	56
	62	59
	63	60
net/minecraft/client/model/animal/fish/TropicalFishSmallModel	63	48
	19	18
	20	19
	21	20
	24	23
	25	24
	27	25
	29	26
	30	26
	31	26
	32	26
	34	27
	35	27
	36	27
	37	27
	39	28
	40	30
	41	30
	42	31
	44	33
	45	35
	46	35
	47	36
	49	38
	50	39
	51	39
	52	39
	55	41
	60	45
	61	46
	62	47
	63	48
net/minecraft/client/renderer/entity/state/SnowGolemRenderState	0	0
net/minecraft/client/renderer/entity/ParrotRenderer	47	45
	33	31
	34	32
	35	33
	36	34
	37	35
	38	36
	39	37
	42	40
	11	12
	43	41
	12	13
	44	42
	13	14
	45	43
	14	15
	46	44
	15	16
	47	45
	18	19
	19	20
	23	23
	28	27
net/minecraft/client/multiplayer/prediction/PredictiveAction	0	0
net/minecraft/client/renderer/chunk/SectionCopy	75	73
	65	63
	66	64
	70	68
	71	69
	72	70
	73	71
	74	72
	75	73
	29	27
	30	28
	31	29
	32	30
	33	31
	35	33
	36	34
	37	38
	39	35
	40	36
	43	41
	46	44
	51	48
	52	49
	53	50
	54	51
	55	52
	56	53
	57	54
	59	57
	60	58
	62	61
net/minecraft/client/renderer/state/level/WeatherRenderState	19	19
	16	16
	17	17
	18	18
	19	19
	15	15
com/mojang/blaze3d/vulkan/VulkanTransientMemory	397	400
	259	250
	260	251
	261	254
	262	256
	263	257
	268	264
	273	271
	277	282
	278	284
	279	285
	280	286
	283	289
	284	290
	286	291
	288	292
	289	293
	290	295
	291	296
	292	297
	293	298
	294	299
	41	36
	298	304
	304	310
	309	315
	313	319
	314	320
	316	321
	318	322
	319	323
	320	325
	66	52
	322	326
	67	53
	68	55
	324	328
	69	56
	325	329
	70	57
	326	330
	71	58
	327	331
	72	59
	73	60
	330	332
	75	61
	76	62
	332	334
	77	64
	333	335
	78	65
	79	66
	335	336
	337	337
	82	66
	338	338
	340	341
	85	67
	341	342
	86	68
	343	346
	89	72
	91	73
	92	75
	348	347
	93	76
	349	348
	94	77
	350	350
	351	351
	352	352
	97	77
	355	357
	100	78
	101	79
	103	83
	105	87
	106	90
	107	92
	363	365
	108	98
	364	366
	365	367
	112	102
	113	103
	369	371
	114	104
	115	105
	116	106
	373	375
	119	109
	120	110
	121	111
	122	112
	378	380
	123	113
	379	381
	381	384
	126	116
	382	385
	127	117
	128	118
	129	119
	387	390
	132	121
	388	391
	136	124
	392	395
	138	125
	139	126
	140	127
	141	128
	397	400
	144	132
	145	133
	147	134
	148	135
	151	138
	153	151
	156	139
	158	141
	159	142
	160	143
	161	144
	162	145
	163	146
	164	147
	165	148
	167	151
	170	154
	171	155
	172	156
	173	157
	174	158
	175	159
	176	160
	178	161
	179	162
	181	164
	183	167
	184	168
	185	169
	188	172
	189	173
	190	174
	191	175
	193	176
	194	177
	195	178
	198	181
	200	182
	205	187
	206	188
	209	191
	210	192
	213	195
	214	196
	216	197
	218	198
	219	199
	220	200
	223	202
	224	203
	225	204
	226	205
	231	210
	235	214
	236	215
	237	216
	242	223
	243	224
	244	227
	245	229
	246	230
	251	237
	252	238
	253	241
	254	243
net/minecraft/client/model/animal/fox/AdultFoxModel	132	106
	128	102
	129	103
	130	104
	131	105
	132	106
	21	19
	22	20
	25	23
	26	24
	28	25
	29	26
	30	26
	31	26
	33	28
	34	28
	35	28
	38	29
	39	29
	40	29
	43	30
	44	30
	45	30
	49	31
	50	33
	51	33
	52	34
	54	36
	55	37
	56	37
	57	38
	58	38
	60	39
	61	40
	62	41
	63	42
	64	43
	65	45
	66	45
	67	46
	70	48
	75	53
	76	54
	77	55
	78	56
	79	57
	81	58
	82	59
	84	60
	85	61
	87	62
	88	63
	89	64
	91	65
	92	66
	93	67
	94	68
	95	69
	99	73
	100	74
	101	75
	102	76
	103	77
	104	78
	105	79
	106	80
	107	81
	111	85
	112	86
	113	87
	114	88
	115	89
	116	90
	117	91
	118	92
	122	96
	123	97
	124	98
net/minecraft/client/gui/screens/advancements/AdvancementTabType	141	157
	130	146
	131	147
	132	148
	133	149
	134	150
	139	155
	140	156
	141	157
	19	11
	20	11
	21	12
	22	13
	24	16
	25	17
	26	18
	28	26
	29	26
	30	27
	31	28
	33	31
	34	32
	35	33
	37	41
	38	41
	39	42
	40	43
	42	46
	43	47
	44	48
	46	56
	47	56
	48	57
	49	58
	51	61
	52	62
	53	63
	64	79
	65	80
	66	81
	67	82
	68	83
	69	84
	72	87
	76	91
	80	95
	84	99
	86	101
	87	102
	88	103
	89	104
	91	106
	93	109
	94	110
	97	113
	98	114
	99	115
	101	117
	102	118
	103	119
	105	121
	106	122
	107	123
	109	125
	110	126
	111	127
	113	129
	114	130
	117	133
	118	134
	121	137
	122	138
	123	139
	124	140
	125	141
net/minecraft/client/particle/DustParticleBase	44	52
	32	40
	37	45
	42	50
	11	21
	43	51
	12	22
	44	52
	13	23
	14	24
	15	25
	16	26
	17	27
	19	28
	21	29
	22	30
	23	31
	24	32
	27	35
net/minecraft/client/gui/screens/friends/AbstractFriendsEntryContainerWidget	123	132
	64	74
	71	80
	76	85
	77	86
	78	86
	79	87
	81	89
	83	91
	87	95
	88	96
	89	97
	90	98
	94	102
	95	103
	98	106
	99	107
	101	109
	105	113
	43	46
	44	47
	110	118
	47	59
	48	60
	49	61
	50	62
	51	63
	115	123
	52	64
	116	124
	53	65
	54	66
	118	127
	55	67
	119	128
	56	68
	120	129
	57	69
	121	130
	122	131
	123	132
net/minecraft/client/telemetry/TelemetryEventLogger	0	0
net/minecraft/client/resources/model/sprite/Material	30	26
	16	13
	17	14
	18	16
	20	18
	22	19
	26	22
	27	23
	13	10
	30	26
	15	11
net/minecraft/client/multiplayer/chat/report/AbuseReportSender	88	83
	64	66
	68	70
	72	74
	73	75
	74	76
	75	77
	81	83
	21	19
	87	32
	88	33
	29	27
	33	37
	34	38
	35	39
	39	43
	40	46
	43	46
	44	46
	45	46
	46	46
	50	50
	51	51
	52	52
	53	53
	54	54
	55	55
	56	56
	57	57
	59	60
net/minecraft/client/renderer/texture/MissingTextureAtlasSprite	39	40
	34	35
	35	36
	39	40
	12	11
	15	14
	19	18
	20	19
	21	21
	22	22
	23	23
	24	24
	26	26
	30	31
net/minecraft/client/renderer/entity/EntityRenderDispatcher	208	224
	130	134
	131	135
	132	136
	133	137
	134	138
	136	139
	137	140
	139	141
	144	154
	147	157
	148	158
	149	159
	150	160
	152	161
	153	162
	154	163
	156	164
	157	165
	160	168
	161	169
	164	172
	165	173
	168	176
	169	177
	172	180
	173	181
	174	182
	175	183
	176	184
	178	185
	180	186
	182	188
	185	191
	186	192
	187	193
	191	197
	64	63
	192	198
	195	201
	68	79
	69	80
	70	81
	71	82
	199	205
	72	83
	73	84
	74	85
	75	86
	76	87
	204	210
	77	88
	205	221
	78	89
	206	222
	79	90
	207	223
	208	224
	83	93
	84	94
	85	95
	86	96
	91	101
	95	105
	96	106
	97	107
	98	107
	100	107
	105	111
	106	112
	107	113
	108	114
	109	114
	111	114
	113	116
	117	121
	118	122
	119	123
	122	126
	123	127
	127	131
com/mojang/blaze3d/vulkan/VulkanUtils	230	245
	20	74
	21	75
	23	77
	26	80
	27	81
	28	82
	29	83
	30	84
	32	86
	35	89
	38	92
	40	94
	41	95
	42	97
	43	98
	47	108
	51	112
	52	113
	54	114
	55	115
	57	116
	58	117
	60	118
	61	119
	63	120
	64	121
	66	122
	67	123
	69	124
	70	125
	72	126
	73	127
	75	128
	76	129
	78	130
	79	131
	81	132
	82	133
	84	134
	85	135
	87	136
	88	137
	90	138
	91	139
	93	140
	94	141
	96	142
	97	143
	99	144
	100	145
	102	146
	103	147
	105	148
	106	149
	108	150
	109	151
	111	152
	112	153
	114	154
	115	155
	117	156
	118	157
	120	158
	121	159
	123	160
	124	161
	126	162
	127	163
	129	164
	130	165
	132	166
	133	167
	135	168
	136	169
	138	170
	139	171
	141	172
	142	173
	144	174
	145	175
	147	176
	148	177
	150	179
	151	179
	153	179
	157	184
	159	205
	160	206
	161	207
	162	208
	163	209
	164	210
	165	204
	166	203
	167	202
	168	201
	169	200
	170	199
	171	198
	172	197
	173	196
	174	195
	175	194
	176	193
	177	192
	179	188
	180	187
	182	185
	183	186
	185	191
	186	190
	188	211
	189	189
	191	212
	196	217
	200	221
	204	225
	208	229
	212	233
	216	237
	220	241
	221	242
	222	243
	223	244
	224	245
	230	67
net/minecraft/client/gui/screens/dialog/DialogControlSet	56	58
	32	32
	33	33
	34	34
	35	35
	38	38
	39	39
	40	40
	41	41
	43	44
	47	48
	48	49
	49	50
	51	52
	55	57
	56	58
	26	26
	27	27
	30	30
	31	31
net/minecraft/client/searchtree/IdentifierSearchTree	49	49
	32	32
	33	33
	34	34
	35	35
	36	36
	38	39
	39	40
	41	41
	12	11
	44	44
	15	14
	49	49
	20	19
	26	25
	27	26
	30	29
	31	30
net/minecraft/client/sounds/Weighted	0	0
com/mojang/blaze3d/systems/RenderPassDescriptor	68	65
	64	61
	35	32
	36	33
	68	65
	40	37
	41	38
	45	42
	46	43
	50	47
	51	48
	22	19
	55	52
	56	53
	26	23
	27	24
	60	57
	30	27
	31	28
net/minecraft/client/resources/model/ClientItemInfoLoader	70	70
	64	62
	65	64
	66	65
	67	66
	70	70
	28	27
	29	28
	32	31
	34	32
	35	33
	36	35
	38	36
	39	37
	40	40
	41	42
	42	43
	43	44
	44	45
	45	47
	46	48
	47	49
	48	49
	49	49
	51	49
	53	50
	55	51
	56	52
	57	53
	59	54
	63	61
net/minecraft/client/DeltaTracker	122	114
	64	83
	65	84
	68	87
	69	88
	71	91
	72	92
	75	95
	76	96
	13	6
	14	7
	80	100
	85	105
	86	106
	88	108
	93	114
	32	51
	33	52
	97	114
	34	53
	35	54
	99	114
	38	57
	39	58
	41	59
	42	60
	107	19
	43	61
	108	20
	44	62
	112	24
	48	66
	49	67
	50	68
	117	29
	53	71
	54	72
	56	74
	122	34
	58	76
	61	79
	62	80
net/minecraft/client/renderer/entity/state/DisplayEntityRenderState	0	0
net/minecraft/client/multiplayer/chat/report/ChatReport	143	128
	131	120
	132	121
	134	122
	135	122
	136	122
	137	123
	139	124
	143	128
	33	32
	34	33
	37	36
	38	37
	39	38
	40	39
	42	41
	46	44
	47	45
	48	46
	49	47
	50	48
	51	49
	56	54
	61	59
	62	60
	65	63
	66	64
	69	67
	73	71
	74	72
	77	75
	82	80
	87	85
	88	86
	90	87
	91	88
	93	89
	94	90
	96	92
	97	92
	99	92
	104	98
	105	99
	106	100
	109	103
	111	104
	113	105
	115	106
	116	107
	120	111
	122	112
	123	113
	124	114
	125	115
	127	116
net/minecraft/client/renderer/debug/EntityHitboxDebugRenderer	147	112
	128	99
	129	100
	130	101
	131	101
	132	101
	138	105
	139	106
	140	107
	143	108
	144	109
	145	110
	147	112
	27	27
	28	28
	32	34
	33	57
	35	35
	36	36
	40	38
	43	39
	50	40
	51	40
	54	41
	56	42
	57	43
	58	44
	59	45
	61	48
	65	57
	68	60
	69	61
	70	62
	71	63
	72	64
	75	68
	81	72
	82	73
	83	74
	86	75
	87	76
	88	77
	91	78
	92	79
	93	80
	94	81
	95	82
	96	83
	104	84
	109	88
	110	89
	111	90
	112	91
	114	92
	117	92
	120	92
	125	96
	126	97
	127	98
net/minecraft/client/renderer/entity/CowRenderer	57	59
	36	40
	41	46
	46	50
	47	51
	48	52
	52	55
	53	59
	22	22
	23	23
	55	56
	24	24
	56	57
	57	59
	27	28
	28	30
	29	32
	30	34
net/minecraft/client/renderer/blockentity/TestInstanceRenderer	80	82
	65	68
	66	69
	70	73
	75	78
	80	82
	29	28
	34	38
	35	39
	36	40
	37	41
	38	42
	39	43
	40	44
	41	45
	42	47
	43	48
	45	50
	49	55
	50	56
	52	58
	53	59
	55	61
	58	64
	60	65
	62	66
	63	67
net/minecraft/client/animation/definitions/FrogAnimation	302	466
	12	9
	13	10
	14	14
	15	15
	16	16
	17	17
	18	18
	19	19
	21	22
	22	26
	23	27
	24	28
	25	29
	26	30
	27	31
	28	32
	29	33
	30	34
	31	35
	32	36
	33	37
	34	38
	35	39
	36	40
	37	41
	39	44
	41	45
	42	46
	43	47
	44	51
	45	52
	46	53
	47	54
	48	55
	49	56
	51	59
	52	63
	53	64
	54	65
	55	66
	56	67
	58	70
	59	74
	60	75
	61	76
	62	77
	63	78
	64	79
	66	82
	67	86
	68	87
	69	88
	70	89
	71	90
	73	93
	74	97
	75	98
	76	99
	77	100
	78	101
	79	102
	81	105
	82	109
	83	110
	84	111
	85	112
	86	113
	88	116
	89	120
	90	121
	91	122
	92	123
	93	124
	94	125
	96	128
	97	132
	98	133
	99	134
	100	135
	101	136
	103	139
	104	143
	105	144
	106	145
	107	146
	108	147
	110	150
	112	151
	113	152
	114	156
	115	157
	117	160
	118	164
	119	165
	121	168
	122	172
	123	173
	125	176
	126	180
	127	181
	129	184
	130	188
	131	189
	133	192
	134	196
	135	197
	137	200
	138	204
	139	205
	141	208
	142	212
	143	213
	145	216
	146	220
	147	221
	149	224
	150	228
	151	229
	153	232
	155	233
	156	234
	157	238
	158	239
	159	240
	160	241
	162	244
	163	248
	164	249
	165	250
	166	251
	168	254
	169	258
	170	259
	171	260
	172	261
	174	264
	175	268
	176	269
	177	270
	179	273
	181	274
	182	275
	183	276
	184	280
	185	281
	186	282
	187	283
	189	286
	190	290
	191	291
	192	292
	193	293
	194	294
	195	295
	197	298
	198	302
	199	303
	200	304
	201	305
	202	306
	203	307
	205	310
	206	314
	207	315
	208	316
	209	317
	210	318
	211	319
	213	322
	214	326
	215	327
	216	328
	217	329
	218	330
	219	331
	221	334
	222	338
	223	339
	224	340
	225	341
	226	342
	227	343
	229	346
	230	350
	231	351
	232	352
	233	353
	234	354
	235	355
	237	358
	238	362
	239	363
	240	364
	241	365
	242	366
	243	367
	245	370
	246	374
	247	375
	248	376
	249	377
	250	378
	251	379
	253	382
	255	383
	256	384
	257	385
	258	389
	259	390
	260	391
	262	394
	263	398
	264	399
	265	400
	267	403
	268	407
	269	408
	270	409
	272	412
	273	416
	274	417
	275	418
	277	421
	278	425
	279	426
	280	427
	282	430
	283	434
	284	435
	285	436
	287	439
	288	443
	289	444
	290	445
	292	448
	293	452
	294	453
	295	454
	297	457
	298	461
	299	462
	300	463
	302	466
net/minecraft/client/model/object/equipment/ElytraModel	60	52
	17	15
	23	20
	24	21
	25	22
	26	23
	29	26
	30	27
	32	28
	33	29
	34	31
	35	31
	36	32
	38	34
	39	36
	40	36
	41	37
	44	39
	49	43
	51	44
	52	45
	53	46
	54	47
	56	48
	57	49
	58	50
	59	51
	60	52
net/minecraft/client/gui/screens/inventory/tooltip/ClientTooltipComponent	35	34
	16	15
	32	31
	17	16
	18	17
	19	18
	35	34
	12	11
	28	27
net/minecraft/client/data/models/ModelProvider	167	161
	128	133
	129	134
	131	135
	132	137
	133	138
	134	139
	136	140
	137	141
	139	143
	142	146
	148	47
	149	48
	150	49
	152	50
	153	51
	155	52
	156	53
	158	54
	159	55
	160	56
	161	57
	37	41
	38	42
	39	43
	167	65
	40	44
	47	154
	48	155
	49	156
	51	158
	54	161
	63	72
	64	73
	65	74
	66	75
	68	77
	71	80
	72	82
	73	83
	74	84
	76	85
	77	86
	79	88
	82	91
	83	92
	84	93
	94	103
	95	104
	98	107
	99	108
	100	109
	102	111
	106	115
	107	116
	112	119
	113	120
	114	126
	117	121
	118	122
	119	123
	121	126
	123	127
	124	128
	125	129
	126	130
net/minecraft/client/gui/components/debug/DebugEntryPostEffect	17	22
	17	22
	12	17
	13	18
	14	19
	15	20
com/mojang/realmsclient/dto/PreferredRegionsDto	11	8
	11	8
net/minecraft/client/color/ColorLerper	61	70
	32	40
	33	41
	36	44
	38	45
	40	47
	41	48
	42	49
	13	22
	47	54
	48	55
	19	28
	20	29
	21	30
	22	31
	23	32
	55	62
	24	33
	56	64
	25	34
	57	66
	26	35
	58	67
	27	36
	61	70
com/mojang/blaze3d/pipeline/BlendFunction	34	49
	33	48
	34	49
	7	7
	8	8
	9	9
	10	11
	11	14
	12	16
	13	18
	14	21
	17	32
	18	33
	21	36
	22	37
	25	40
	26	41
	29	44
	30	45
net/minecraft/client/renderer/item/properties/conditional/ConditionalItemModelProperty	0	0
net/minecraft/client/gui/screens/options/OptionsScreen	128	135
	128	135
	25	24
	26	25
	27	26
	28	27
	29	28
	30	29
	31	30
	32	31
	33	32
	34	33
	35	34
	36	35
	48	43
	49	44
	50	45
	51	46
	52	47
	56	51
	57	52
	58	53
	59	54
	60	55
	61	59
	63	64
	66	67
	67	68
	69	69
	71	70
	72	71
	73	72
	74	73
	75	74
	76	75
	77	79
	78	84
	79	85
	80	86
	81	87
	82	88
	84	91
	86	92
	87	93
	89	94
	90	95
	91	96
	95	100
	96	101
	100	105
	101	106
	104	109
	108	113
	109	114
	110	115
	113	118
	118	125
	119	126
	122	129
	127	134
net/minecraft/client/resources/model/cuboid/CuboidModel	99	95
	64	59
	65	60
	68	63
	69	64
	73	68
	74	69
	75	70
	77	72
	81	77
	85	81
	86	81
	88	81
	92	85
	93	89
	94	91
	95	92
	97	95
	34	34
	35	34
	99	86
	36	35
	37	36
	38	37
	39	38
	40	39
	43	42
	49	47
	51	48
	52	49
	54	50
	55	51
	57	52
	58	53
	59	54
	60	55
	63	58
net/minecraft/client/multiplayer/CommonListenerCookie	0	0
net/minecraft/client/gui/screens/dialog/DialogScreens	40	35
	33	30
	34	31
	20	19
	21	20
	37	32
	38	33
	39	34
	24	25
	40	35
	25	26
	26	26
	28	26
net/minecraft/client/particle/EndRodParticle	38	45
	33	31
	34	32
	38	45
	9	11
	11	12
	12	13
	13	14
	15	15
	17	16
	19	17
	20	18
	21	19
	25	23
	26	24
	27	25
net/minecraft/client/Screenshot	123	137
	23	22
	27	26
	28	27
	31	30
	32	31
	34	33
	36	35
	39	41
	40	44
	41	45
	44	47
	45	48
	47	50
	50	53
	51	56
	52	57
	54	60
	55	61
	56	62
	57	63
	58	64
	60	66
	61	68
	62	70
	65	73
	66	74
	69	77
	70	78
	72	79
	73	80
	74	81
	76	84
	77	123
	79	85
	80	86
	81	87
	82	88
	83	89
	84	90
	87	92
	88	93
	89	94
	90	95
	91	96
	93	98
	94	99
	95	100
	96	102
	97	103
	98	104
	99	105
	100	106
	101	107
	104	111
	105	112
	111	117
	113	120
	114	121
	115	125
	118	128
	120	137
	121	132
	122	133
	123	134
net/minecraft/client/model/animal/camel/CamelModel	73	62
	64	54
	66	55
	67	56
	68	57
	71	60
	72	61
	73	62
	34	30
	35	31
	36	32
	38	33
	39	34
	40	35
	41	36
	42	37
	43	38
	44	39
	48	42
	51	43
	53	44
	55	45
	56	46
	57	47
	58	48
	59	49
	60	50
	63	53
net/minecraft/client/particle/ElderGuardianParticle	32	41
	32	41
	18	18
	19	19
	20	20
	21	21
	22	22
	26	26
net/minecraft/client/renderer/blockentity/ConduitRenderer	174	169
	130	119
	131	120
	132	121
	134	122
	135	123
	136	124
	137	125
	138	126
	139	136
	141	137
	142	138
	144	139
	145	140
	146	141
	147	142
	152	145
	153	146
	154	147
	155	148
	156	149
	157	150
	158	151
	159	152
	160	153
	161	154
	34	33
	162	155
	36	34
	164	156
	165	157
	38	35
	166	158
	39	36
	167	159
	40	37
	168	160
	41	38
	169	161
	42	39
	170	162
	43	40
	171	163
	172	164
	173	167
	174	169
	53	48
	54	49
	55	50
	56	51
	57	52
	58	53
	61	56
	62	57
	63	58
	64	58
	65	58
	68	59
	72	63
	73	64
	74	65
	75	65
	76	65
	79	66
	83	70
	84	71
	85	72
	86	72
	87	72
	90	73
	94	77
	95	78
	96	79
	97	79
	98	79
	101	80
	106	84
	111	94
	112	95
	113	96
	114	97
	115	98
	116	99
	117	100
	121	103
	122	104
	123	105
	124	106
	125	107
	126	117
	127	169
net/minecraft/client/resources/model/sprite/SpriteId	13	9
	13	9
net/minecraft/client/gui/screens/dialog/WaitingForResponseScreen	93	82
	65	55
	66	56
	67	57
	68	58
	69	59
	70	60
	71	61
	74	64
	13	12
	79	68
	16	14
	17	15
	18	16
	19	17
	20	18
	84	73
	89	78
	90	79
	93	82
	35	29
	36	30
	37	31
	38	32
	39	33
	43	37
	45	38
	47	39
	48	40
	49	41
	51	42
	52	43
	53	44
	57	48
	58	49
	59	50
	63	54
net/minecraft/client/model/animal/llama/LlamaModel	90	87
	26	24
	27	25
	28	26
	29	27
	30	28
	31	29
	32	30
	33	31
	34	32
	37	35
	38	36
	40	37
	41	39
	42	40
	43	42
	44	44
	45	46
	46	48
	48	50
	49	52
	50	52
	51	53
	53	55
	54	57
	55	57
	56	58
	58	60
	59	62
	60	62
	61	63
	63	65
	64	66
	65	67
	66	67
	67	68
	68	69
	69	70
	70	71
	72	72
	77	76
	79	77
	80	78
	82	79
	83	80
	84	81
	85	82
	86	83
	87	84
	88	85
	89	86
	90	87
net/minecraft/client/multiplayer/ProfileKeyPairManager	25	24
	20	19
	25	24
	15	14
net/minecraft/client/model/monster/piglin/PiglinModel	74	65
	65	55
	66	57
	69	60
	70	61
	72	63
	74	65
	12	12
	13	13
	17	16
	19	17
	21	18
	23	19
	25	20
	26	21
	27	22
	28	23
	29	24
	30	25
	31	26
	32	27
	34	28
	35	29
	37	30
	38	31
	40	32
	41	33
	42	34
	43	35
	44	36
	45	37
	46	38
	47	39
	48	40
	49	41
	50	42
	52	44
	53	45
	56	48
	60	51
	61	52
	62	53
	63	57
net/minecraft/client/renderer/debug/PathfindingRenderer	160	144
	64	58
	128	113
	65	59
	129	114
	66	60
	130	115
	67	61
	131	117
	68	62
	69	64
	135	123
	138	126
	140	141
	77	71
	142	127
	143	129
	144	130
	82	76
	146	131
	83	77
	147	132
	84	78
	85	79
	151	134
	152	135
	154	136
	155	137
	93	80
	157	141
	160	144
	100	89
	104	94
	105	95
	47	34
	48	34
	113	96
	51	35
	54	38
	55	39
	120	105
	58	50
	60	51
	61	52
	126	111
	62	54
	127	112
net/minecraft/client/renderer/item/properties/numeric/UseDuration	33	33
	33	33
	19	19
	20	20
	21	23
	24	21
	13	13
	29	29
	14	14
	15	14
net/minecraft/client/model/monster/wither/package-info	0	0
net/minecraft/client/renderer/entity/state/LlamaRenderState	9	9
	7	7
	9	9
net/minecraft/client/renderer/entity/layers/TropicalFishPatternLayer	62	69
	16	16
	17	17
	18	18
	19	19
	20	20
	21	21
	23	22
	24	23
	25	24
	26	25
	27	26
	28	27
	34	32
	35	33
	36	34
	37	35
	41	45
	42	47
	43	48
	44	49
	46	53
	47	54
	48	55
	49	56
	50	57
	51	58
	52	59
	54	60
	55	61
	56	62
	57	63
	58	64
	59	65
	61	68
	62	69
net/minecraft/client/ClientBootstrap	33	31
	32	29
	33	31
	18	18
	19	31
	21	19
	23	20
	24	21
	25	22
	26	23
	27	24
	28	25
	29	26
	30	27
	31	28
net/minecraft/client/animation/definitions/BabyArmadilloAnimation	531	762
	10	9
	11	10
	12	14
	13	15
	15	18
	16	22
	17	23
	18	24
	19	25
	20	26
	22	29
	23	33
	24	34
	26	37
	27	41
	28	42
	29	43
	30	44
	31	45
	33	48
	34	52
	35	53
	36	54
	38	57
	39	61
	40	62
	41	63
	42	64
	43	65
	44	66
	45	67
	47	70
	48	74
	49	75
	51	78
	52	82
	53	83
	54	84
	55	85
	56	86
	58	89
	59	93
	60	94
	62	97
	63	101
	64	102
	65	103
	66	104
	67	105
	69	108
	70	112
	71	113
	72	114
	73	115
	75	118
	76	122
	77	123
	78	124
	79	125
	80	126
	82	129
	83	133
	84	134
	85	135
	86	136
	88	139
	89	143
	90	144
	91	145
	92	146
	93	147
	95	150
	96	154
	97	155
	98	156
	99	157
	100	158
	102	161
	103	165
	104	166
	105	167
	106	168
	107	169
	108	170
	109	171
	111	174
	113	175
	114	177
	115	181
	116	182
	117	183
	118	184
	119	185
	120	186
	121	187
	122	188
	123	189
	125	192
	126	196
	127	197
	128	198
	129	199
	130	200
	131	201
	132	202
	134	205
	135	209
	136	210
	137	211
	138	212
	139	213
	141	216
	142	220
	143	221
	144	222
	145	223
	146	224
	147	225
	148	226
	150	229
	151	233
	152	234
	153	235
	154	236
	155	237
	156	238
	158	241
	159	245
	160	246
	161	247
	162	248
	163	249
	164	250
	165	251
	167	254
	168	258
	169	259
	170	260
	171	261
	172	262
	173	263
	174	264
	176	267
	177	271
	178	272
	179	273
	180	274
	181	275
	182	276
	183	277
	185	280
	186	284
	187	285
	188	286
	189	287
	190	288
	191	289
	192	290
	194	293
	195	297
	196	298
	197	299
	198	300
	199	301
	200	302
	201	303
	203	306
	204	310
	205	311
	206	312
	207	313
	208	314
	209	315
	211	318
	212	322
	213	323
	214	324
	215	325
	216	326
	217	327
	218	328
	220	331
	222	332
	223	333
	224	337
	225	338
	226	339
	227	340
	228	341
	229	342
	230	343
	231	344
	232	345
	233	346
	234	347
	236	350
	237	354
	238	355
	239	356
	240	357
	241	358
	242	359
	243	360
	244	361
	245	362
	246	363
	247	364
	248	365
	249	366
	250	367
	251	368
	252	369
	253	370
	254	371
	256	374
	257	378
	258	379
	259	380
	260	381
	261	382
	263	385
	264	389
	265	390
	266	391
	267	392
	268	393
	269	394
	271	397
	272	401
	273	402
	274	403
	275	404
	276	405
	278	408
	279	412
	280	413
	281	414
	282	415
	283	416
	284	417
	285	418
	287	421
	288	425
	289	426
	290	427
	291	428
	292	429
	293	430
	294	431
	295	432
	296	433
	297	434
	299	437
	300	441
	301	442
	302	443
	303	444
	304	445
	305	446
	306	447
	307	448
	308	449
	309	450
	310	451
	312	454
	313	458
	314	459
	315	460
	316	461
	317	462
	318	463
	319	464
	320	465
	321	466
	322	467
	324	470
	325	474
	326	475
	327	476
	328	477
	329	478
	330	479
	331	480
	332	481
	333	482
	334	483
	335	484
	336	485
	337	486
	338	487
	340	490
	341	494
	342	495
	343	496
	344	497
	345	498
	346	499
	348	502
	349	506
	350	507
	352	510
	353	514
	354	515
	355	516
	357	519
	358	523
	359	524
	361	527
	362	531
	363	532
	364	533
	366	536
	367	540
	368	541
	369	542
	370	543
	371	544
	372	545
	373	546
	374	547
	375	548
	376	549
	377	550
	379	553
	380	557
	381	558
	382	559
	383	560
	384	561
	385	562
	386	563
	387	564
	388	565
	389	566
	390	567
	391	568
	392	569
	394	572
	396	573
	397	574
	398	578
	399	579
	400	580
	401	581
	402	582
	403	583
	404	584
	405	585
	406	586
	407	587
	408	588
	409	589
	411	592
	412	596
	413	597
	414	598
	415	599
	416	600
	417	601
	418	602
	419	603
	420	604
	421	605
	422	606
	423	607
	424	608
	425	609
	426	610
	427	611
	428	612
	429	613
	431	616
	432	619
	434	622
	435	625
	437	628
	438	632
	439	633
	440	634
	441	635
	442	636
	443	637
	444	638
	446	641
	447	645
	448	646
	449	647
	450	648
	451	649
	452	650
	453	651
	454	652
	455	653
	457	656
	458	660
	459	661
	460	662
	461	663
	462	664
	463	665
	464	666
	466	669
	467	673
	468	674
	469	675
	470	676
	471	677
	472	678
	473	679
	474	680
	476	683
	477	687
	478	688
	479	689
	480	690
	481	691
	482	692
	483	693
	485	696
	486	700
	487	701
	488	702
	489	703
	491	706
	492	710
	493	711
	494	712
	495	713
	496	714
	497	715
	498	716
	500	719
	501	723
	502	724
	503	725
	504	726
	506	729
	507	733
	508	734
	509	735
	510	736
	511	737
	512	738
	513	739
	514	740
	515	741
	516	742
	517	743
	519	746
	520	750
	521	751
	522	752
	523	753
	524	754
	525	755
	526	756
	527	757
	528	758
	529	759
	531	762
net/minecraft/client/renderer/entity/GuardianRenderer	192	183
	28	27
	29	28
	31	29
	34	32
	35	33
	38	36
	39	37
	43	40
	44	41
	47	44
	48	45
	49	46
	51	47
	52	48
	54	49
	57	53
	61	57
	62	58
	63	59
	64	60
	69	64
	71	65
	72	66
	73	67
	74	68
	75	69
	76	70
	77	71
	79	73
	82	78
	83	79
	86	80
	87	81
	88	82
	89	83
	91	84
	93	85
	94	86
	95	87
	96	88
	98	89
	99	90
	101	91
	102	92
	103	93
	104	94
	105	95
	106	96
	107	97
	108	98
	110	99
	111	100
	112	101
	113	102
	115	103
	116	104
	117	105
	118	106
	120	107
	122	108
	123	109
	124	110
	125	111
	127	112
	128	113
	129	114
	130	115
	131	116
	133	117
	134	118
	135	119
	136	120
	138	121
	139	122
	140	123
	141	124
	142	125
	143	126
	144	127
	147	141
	148	147
	152	150
	157	154
	162	158
	163	159
	164	160
	166	161
	168	162
	169	163
	170	164
	171	165
	173	167
	174	168
	177	171
	178	172
	179	173
	180	174
	181	175
	183	177
	185	179
	188	182
	189	183
	190	183
	192	183
net/minecraft/client/model/player/package-info	0	0
net/minecraft/client/renderer/debug/PoiDebugRenderer	104	95
	66	59
	67	60
	68	61
	69	62
	70	63
	72	65
	75	68
	77	69
	78	70
	79	71
	81	73
	83	76
	86	79
	88	80
	89	80
	90	81
	27	23
	28	24
	93	84
	94	85
	32	30
	97	88
	34	31
	98	89
	35	32
	99	90
	36	33
	100	91
	37	34
	101	92
	39	36
	103	94
	104	95
	41	37
	42	38
	43	43
	45	39
	46	40
	48	43
	49	44
	52	47
	53	48
	54	49
	57	52
	58	53
	59	54
	60	55
	61	56
net/minecraft/client/renderer/debug/SupportBlockRenderer	85	83
	65	62
	66	63
	69	66
	73	70
	74	71
	75	72
	76	73
	77	74
	78	75
	79	76
	80	77
	81	78
	82	80
	83	81
	85	83
	29	27
	30	28
	34	34
	35	35
	36	36
	37	37
	38	38
	41	41
	42	42
	43	43
	46	46
	47	47
	50	48
	52	51
	55	54
	56	55
	58	56
	59	57
	61	58
	62	59
	63	60
net/minecraft/client/renderer/block/model/BlockDisplayContext	8	8
	5	5
	8	8
net/minecraft/client/particle/ParticleRenderType	7	7
	4	4
	5	5
	6	6
	7	7
net/minecraft/client/renderer/entity/MushroomCowRenderer	48	57
	35	46
	40	50
	45	54
	46	55
	47	56
	48	57
	18	18
	20	20
	21	22
	22	29
	23	35
	28	40
	29	41
	30	42
	31	43
com/mojang/blaze3d/vulkan/VulkanGpuTexture	110	113
	24	33
	25	34
	27	36
	28	37
	29	38
	30	39
	31	40
	32	41
	34	42
	35	43
	36	44
	37	45
	38	46
	39	47
	40	48
	42	49
	43	50
	45	51
	46	52
	47	54
	48	56
	49	57
	51	58
	52	59
	53	60
	54	61
	55	62
	56	63
	57	64
	58	65
	59	66
	60	67
	61	68
	62	69
	63	70
	64	71
	66	72
	68	73
	71	76
	72	77
	76	81
	77	82
	81	86
	82	90
	84	87
	85	88
	86	90
	90	94
	94	98
	95	99
	98	102
	100	103
	101	104
	104	107
	105	108
	107	110
	110	113
net/minecraft/client/renderer/debug/GameEventListenerRenderer	50	48
	33	33
	34	35
	35	36
	37	37
	38	38
	39	39
	40	40
	42	41
	43	42
	44	43
	45	44
	47	45
	48	46
	49	47
	18	19
	50	48
	19	20
	21	22
	22	22
	24	23
	28	29
	29	30
	30	31
	31	32
com/mojang/blaze3d/vertex/BufferBuilder	323	318
	256	243
	258	246
	263	251
	264	252
	265	253
	267	256
	272	261
	273	262
	274	263
	276	266
	21	17
	280	270
	284	274
	285	275
	286	276
	287	277
	290	280
	291	281
	292	282
	293	283
	297	299
	298	300
	300	301
	301	302
	46	36
	303	303
	304	304
	306	305
	307	306
	308	307
	310	308
	311	309
	313	310
	58	40
	314	311
	59	41
	316	312
	317	313
	62	44
	63	45
	319	314
	64	46
	321	316
	66	47
	323	318
	68	48
	69	50
	70	51
	71	52
	72	53
	73	54
	75	57
	78	60
	80	61
	81	62
	82	63
	86	66
	87	67
	88	68
	89	69
	90	70
	91	71
	95	75
	96	76
	97	77
	99	79
	103	84
	104	85
	106	87
	109	90
	110	91
	112	94
	113	95
	114	96
	116	99
	117	100
	118	101
	122	105
	123	106
	124	107
	125	108
	127	111
	128	112
	129	113
	130	114
	134	118
	135	119
	136	120
	137	121
	138	130
	140	122
	142	123
	143	124
	144	125
	146	127
	150	135
	151	150
	154	136
	155	138
	156	139
	157	141
	162	144
	163	145
	164	146
	165	147
	167	150
	170	153
	172	154
	173	155
	176	158
	177	159
	179	161
	180	162
	182	164
	186	168
	187	169
	188	170
	189	171
	190	172
	195	177
	196	178
	197	179
	198	180
	199	181
	200	182
	202	185
	207	190
	208	191
	209	192
	211	195
	216	200
	217	201
	218	202
	219	203
	221	206
	226	211
	231	216
	232	217
	233	218
	235	221
	240	226
	245	231
	246	232
	247	233
	249	236
	253	240
	254	241
	255	242
net/minecraft/client/renderer/texture/atlas/sources/package-info	0	0
net/minecraft/client/gui/GlyphSource	0	0
net/minecraft/client/renderer/blockentity/EnchantTableRenderer	75	74
	64	64
	66	65
	67	66
	69	67
	70	68
	72	69
	73	70
	74	73
	75	74
	23	21
	29	26
	30	27
	31	28
	35	31
	40	41
	41	42
	42	43
	43	44
	45	45
	47	47
	48	48
	50	51
	51	52
	54	55
	55	56
	59	61
	60	62
	62	63
net/minecraft/client/gui/components/tabs/Tab	0	0
net/minecraft/client/model/VillagerLikeModel	0	0
net/minecraft/client/renderer/entity/EndCrystalRenderer	77	70
	64	58
	65	59
	66	60
	67	61
	68	62
	69	63
	71	65
	73	67
	77	70
	18	19
	23	23
	24	24
	25	25
	26	26
	30	29
	31	30
	32	31
	34	32
	36	33
	38	34
	39	35
	40	36
	41	37
	42	38
	43	39
	44	40
	45	41
	48	44
	49	45
	52	48
	53	49
	54	50
	59	54
com/mojang/realmsclient/util/RealmsTextureManager	65	58
	64	58
	65	58
	20	19
	22	20
	23	21
	26	24
	27	24
	29	24
	33	28
	34	29
	35	30
	38	32
	39	33
	40	34
	41	35
	42	36
	45	38
	46	39
	47	40
	49	41
	56	47
	57	48
	59	51
	60	52
	61	53
	63	55
net/minecraft/client/model/animal/feline/package-info	0	0
net/minecraft/client/sounds/JOrbisAudioStream	242	228
	128	92
	129	106
	135	112
	136	113
	137	114
	139	116
	141	117
	142	118
	144	120
	149	127
	150	128
	152	143
	155	132
	156	133
	157	134
	160	137
	161	141
	164	130
	165	145
	172	151
	174	153
	175	154
	176	155
	178	157
	51	38
	179	158
	53	39
	181	161
	55	40
	56	41
	57	42
	187	166
	188	167
	62	45
	190	168
	63	46
	191	169
	64	47
	192	170
	195	173
	196	174
	69	50
	199	177
	73	50
	201	180
	74	51
	202	181
	75	52
	76	53
	204	182
	205	183
	78	56
	206	185
	79	57
	207	188
	208	191
	81	50
	210	194
	85	61
	213	197
	86	62
	88	63
	89	64
	217	201
	218	202
	219	203
	220	204
	93	67
	221	205
	224	208
	98	72
	227	211
	228	212
	102	76
	230	214
	103	77
	104	78
	105	79
	233	219
	106	80
	234	220
	235	221
	109	83
	237	223
	110	84
	241	227
	242	228
	115	89
	116	90
	118	100
	119	101
	121	104
	124	94
	125	98
net/minecraft/client/renderer/special/PlayerHeadSpecialRenderer	63	62
	34	57
	39	61
	40	62
	46	37
	47	38
	48	39
	52	43
	53	44
	54	45
	25	24
	26	25
	27	26
	59	48
	60	49
	61	49
	30	53
	63	49
net/minecraft/client/renderer/entity/ThrownItemRenderer	60	52
	33	33
	38	37
	40	38
	42	39
	44	40
	46	41
	48	42
	49	43
	21	21
	53	46
	22	22
	23	23
	24	24
	25	25
	58	50
	59	51
	28	28
	60	52
	29	29
net/minecraft/client/model/animal/chicken/BabyChickenModel	49	35
	14	12
	15	13
	18	16
	19	17
	20	18
	21	20
	22	20
	23	20
	24	21
	26	23
	27	25
	28	25
	29	25
	30	26
	32	28
	33	30
	34	30
	35	30
	36	31
	38	33
	39	33
	40	33
	41	33
	43	34
	44	34
	45	34
	46	34
	49	35
net/minecraft/client/renderer/block/dispatch/BlockStateModelDispatcher	106	97
	65	56
	71	76
	72	78
	75	83
	77	85
	79	86
	80	88
	81	89
	82	90
	85	93
	86	94
	88	96
	89	97
	29	28
	31	29
	95	60
	32	31
	96	61
	33	32
	34	34
	35	36
	99	64
	36	37
	100	66
	37	37
	101	67
	102	67
	39	37
	103	67
	106	70
	43	41
	45	42
	49	43
	50	44
	51	45
	53	47
	56	48
	57	49
	58	50
	60	52
	61	53
	63	55
net/minecraft/client/renderer/entity/TurtleRenderer	44	36
	36	29
	37	30
	38	31
	39	32
	40	33
	12	12
	44	36
	13	13
	16	16
	17	17
	21	20
	22	21
	24	21
	26	21
	31	25
net/minecraft/client/renderer/item/BundleSelectedItemSpecialRenderer	41	49
	18	27
	19	28
	20	29
	36	44
	21	30
	23	32
	41	49
	26	35
	30	39
net/minecraft/client/renderer/chunk/TranslucencyPointOfView	47	46
	36	35
	37	36
	39	38
	40	40
	42	39
	15	14
	47	46
	19	18
	20	19
	21	20
	22	21
	26	25
	27	26
	31	30
net/minecraft/client/model/animal/fox/package-info	0	0
net/minecraft/client/resources/model/cuboid/CuboidRotation	89	66
	72	59
	73	60
	74	61
	76	64
	77	65
	78	66
	19	13
	20	14
	23	17
	24	18
	25	19
	89	48
	26	20
	28	23
	40	27
	41	28
	42	29
	43	30
	44	31
	52	35
	53	36
	54	37
	55	38
	56	39
	58	40
	59	41
net/minecraft/client/multiplayer/ClientSuggestionProvider	173	168
	132	127
	133	128
	134	132
	137	129
	138	130
	143	137
	148	141
	153	145
	157	149
	158	150
	159	151
	160	152
	162	154
	165	157
	166	159
	167	162
	169	165
	170	166
	43	45
	44	46
	45	47
	173	168
	46	48
	50	51
	52	53
	53	54
	56	57
	61	61
	62	62
	64	65
	65	66
	66	67
	71	71
	72	72
	74	73
	79	77
	84	81
	89	85
	94	91
	95	92
	96	93
	97	94
	102	98
	103	99
	105	102
	106	103
	107	104
	108	105
	112	109
	116	113
	121	117
	122	118
	123	122
	126	119
	127	120
net/minecraft/client/renderer/entity/SpiderRenderer	42	39
	16	16
	19	19
	36	34
	21	20
	22	21
	41	38
	26	25
	42	39
	12	12
	15	15
	31	30
net/minecraft/client/InputType	15	14
	11	10
	15	14
com/mojang/realmsclient/gui/RealmsWorldSlotButton	192	197
	132	92
	133	93
	134	94
	138	96
	139	97
	140	98
	141	99
	142	100
	143	101
	144	102
	145	103
	146	104
	147	105
	148	106
	149	107
	23	24
	151	109
	24	25
	25	26
	26	27
	154	112
	27	28
	155	113
	28	29
	156	114
	29	30
	30	31
	159	117
	161	118
	162	119
	163	120
	164	121
	166	123
	40	47
	41	48
	169	126
	42	49
	170	127
	43	50
	44	51
	45	52
	173	130
	174	131
	175	132
	48	55
	177	133
	178	134
	180	142
	184	146
	185	147
	187	149
	190	152
	191	153
	192	154
	69	174
	70	175
	71	176
	72	177
	73	178
	74	179
	75	180
	76	181
	77	182
	78	183
	80	185
	81	186
	82	187
	83	188
	84	189
	85	190
	86	191
	87	192
	88	193
	90	196
	91	197
	95	59
	96	60
	97	61
	101	65
	102	66
	103	67
	106	69
	107	70
	110	73
	111	74
	112	75
	115	78
	116	79
	119	82
	120	82
	122	82
	127	87
com/mojang/blaze3d/vertex/CompactVectorArray	50	44
	34	32
	42	36
	46	40
	16	14
	17	15
	50	44
	20	18
	24	22
	25	23
	28	26
	29	27
	30	28
	31	29
net/minecraft/client/model/animal/pig/ColdPigModel	27	28
	16	14
	19	17
	20	18
	22	19
	23	22
	24	24
	25	26
	27	28
	15	13
net/minecraft/client/data/AtlasProvider	196	165
	128	110
	129	110
	130	110
	131	110
	136	115
	137	116
	140	118
	153	131
	154	131
	159	135
	160	135
	35	36
	37	37
	165	139
	38	38
	40	38
	43	53
	173	143
	174	144
	175	145
	176	146
	177	147
	178	148
	179	149
	180	150
	181	151
	182	152
	183	153
	184	154
	185	155
	186	156
	191	161
	64	59
	196	165
	72	63
	73	64
	76	67
	77	69
	78	70
	79	72
	80	73
	83	77
	88	81
	93	85
	97	89
	98	89
	103	93
	109	97
	110	98
	111	99
	112	100
	113	101
	117	105
	119	105
	127	109
net/minecraft/client/gui/screens/reporting/ChatSelectionLogFiller	75	71
	65	60
	66	61
	67	62
	68	63
	69	64
	70	65
	72	68
	73	69
	75	71
	28	25
	29	26
	30	27
	31	28
	32	29
	35	32
	36	34
	37	35
	38	36
	41	40
	42	40
	44	41
	45	41
	49	42
	50	43
	51	44
	52	45
	54	48
	55	49
	57	51
	59	54
	62	57
net/minecraft/client/renderer/entity/SnowGolemRenderer	45	39
	34	29
	39	33
	40	34
	41	35
	43	37
	45	39
	14	14
	16	15
	21	19
	22	20
	24	21
	25	22
	29	25
net/minecraft/client/gui/components/debug/DebugEntrySpawnCounts	36	41
	32	31
	33	32
	34	37
	20	24
	36	41
	21	25
	22	26
	24	27
	25	41
	28	28
	29	29
	31	30
net/minecraft/client/model/monster/strider/package-info	0	0
net/minecraft/client/particle/DripParticle	469	648
	258	419
	259	420
	260	421
	268	451
	269	452
	273	465
	274	466
	275	467
	26	112
	27	113
	283	352
	28	114
	284	353
	29	115
	30	116
	288	367
	289	369
	34	120
	290	370
	35	121
	291	371
	36	122
	292	372
	38	124
	42	128
	43	129
	44	130
	300	327
	45	131
	301	328
	305	341
	50	88
	306	342
	51	89
	307	343
	308	344
	55	93
	56	94
	57	95
	58	96
	59	97
	316	380
	317	381
	321	394
	66	272
	322	395
	67	273
	323	396
	68	274
	324	397
	69	275
	73	279
	74	280
	75	281
	332	240
	333	241
	77	283
	337	254
	338	255
	82	309
	339	256
	83	310
	87	314
	88	315
	89	316
	90	317
	347	216
	91	318
	348	217
	93	320
	352	230
	353	231
	98	151
	354	232
	99	152
	103	156
	104	157
	105	158
	106	159
	362	194
	107	160
	363	195
	108	161
	110	163
	367	208
	368	208
	115	288
	116	289
	376	170
	120	293
	377	171
	121	294
	123	296
	381	184
	382	185
	383	186
	128	136
	129	137
	130	138
	391	475
	392	476
	137	24
	138	25
	139	26
	140	27
	396	489
	141	28
	397	490
	398	491
	399	492
	144	31
	400	493
	149	36
	408	582
	409	583
	154	41
	155	41
	413	596
	158	41
	414	597
	415	598
	416	599
	417	600
	163	46
	164	47
	165	48
	167	49
	168	50
	169	67
	425	527
	426	528
	172	51
	173	52
	174	53
	430	542
	175	54
	431	544
	176	67
	432	545
	433	546
	434	547
	179	55
	435	548
	180	56
	181	57
	183	58
	184	67
	187	59
	443	501
	188	60
	444	502
	189	61
	190	61
	191	62
	448	515
	449	516
	194	67
	450	517
	451	518
	452	519
	197	70
	198	71
	200	73
	203	76
	460	556
	461	557
	465	570
	209	632
	466	571
	210	633
	467	572
	468	573
	469	574
	214	646
	215	647
	216	648
	224	608
	225	609
	229	622
	230	623
	231	624
	239	429
	240	430
	244	443
	245	443
	253	405
	254	406
net/minecraft/client/gui/font/glyphs/package-info	0	0
net/minecraft/client/renderer/item/properties/conditional/ExtendedView	22	23
	17	18
	22	23
	12	12
net/minecraft/client/renderer/blockentity/state/BannerRenderState	13	13
	10	10
	12	12
	13	13
net/minecraft/client/model/animal/llama/LlamaSpitModel	37	36
	32	31
	33	32
	34	33
	37	36
	16	16
	17	17
	20	20
	21	21
	23	22
	24	23
	25	25
	26	26
	27	27
	28	28
	29	29
	31	30
net/minecraft/client/gui/screens/telemetry/TelemetryInfoScreen	132	129
	131	128
	132	129
	22	21
	23	22
	24	23
	25	24
	26	25
	27	26
	30	28
	46	40
	47	41
	48	42
	49	43
	53	47
	58	52
	59	53
	60	54
	61	55
	62	56
	63	57
	64	58
	66	59
	67	60
	68	61
	69	62
	70	64
	71	65
	72	66
	73	67
	75	71
	76	72
	77	73
	79	74
	80	75
	81	76
	83	77
	84	78
	85	79
	89	83
	90	84
	91	85
	92	86
	93	87
	95	90
	96	91
	98	94
	99	95
	101	98
	102	99
	106	103
	107	104
	109	106
	112	109
	113	110
	115	112
	118	115
	119	116
	122	119
	123	120
	126	123
	127	124
net/minecraft/client/animation/definitions/package-info	0	0
com/mojang/realmsclient/package-info	0	0
net/minecraft/client/renderer/blockentity/TheEndPortalRenderer	35	26
	16	15
	32	23
	33	24
	34	25
	35	26
	26	18
	31	22
net/minecraft/client/renderer/state/WindowRenderState	0	0
net/minecraft/client/model/monster/shulker/ShulkerModel	84	64
	65	47
	67	48
	68	49
	69	50
	70	51
	71	52
	73	55
	76	56
	77	57
	79	59
	82	62
	83	63
	84	64
	23	21
	24	22
	25	23
	26	24
	29	27
	30	28
	32	29
	33	29
	34	29
	35	29
	37	30
	38	30
	39	30
	40	30
	43	31
	47	35
	49	37
	50	37
	51	37
	52	37
	55	38
	59	42
	60	43
net/minecraft/client/renderer/entity/package-info	0	0
net/minecraft/client/renderer/entity/PaintingRenderer	182	197
	26	27
	31	31
	32	32
	33	33
	37	36
	38	37
	39	55
	42	38
	43	39
	45	40
	46	41
	48	42
	49	52
	51	53
	52	55
	56	58
	61	62
	63	63
	64	64
	65	65
	66	66
	68	67
	69	68
	70	69
	71	70
	74	73
	75	74
	77	75
	78	77
	79	78
	80	79
	81	80
	82	81
	83	82
	84	83
	85	84
	86	86
	87	89
	88	92
	89	95
	92	98
	95	101
	98	113
	99	114
	100	115
	102	116
	104	117
	105	118
	106	119
	107	120
	110	121
	111	122
	112	123
	113	124
	115	125
	116	126
	117	127
	118	128
	120	129
	121	130
	123	132
	124	133
	125	134
	126	135
	127	136
	128	137
	130	138
	133	139
	134	140
	135	141
	136	142
	138	143
	139	144
	140	145
	141	146
	143	147
	144	148
	145	149
	146	150
	148	151
	149	152
	150	153
	151	154
	152	155
	155	158
	156	159
	157	160
	158	161
	159	162
	162	165
	163	166
	164	167
	165	168
	166	169
	169	172
	170	173
	171	174
	172	175
	173	176
	177	180
	178	181
	181	196
	182	197
net/minecraft/client/gui/screens/friends/PendingTab	122	115
	22	19
	23	21
	24	23
	34	31
	35	32
	36	33
	37	34
	38	35
	39	36
	41	37
	42	38
	43	39
	44	40
	45	41
	46	42
	51	46
	52	47
	53	48
	57	52
	62	57
	67	62
	68	63
	72	67
	73	68
	74	69
	78	73
	82	77
	83	78
	84	79
	87	82
	89	83
	90	84
	91	85
	92	86
	95	89
	97	90
	98	91
	99	93
	102	96
	103	97
	104	99
	106	101
	110	105
	114	109
	115	110
	116	111
	118	112
	119	113
	121	114
	122	115
net/minecraft/client/multiplayer/ServerList	174	169
	128	124
	129	125
	132	128
	134	130
	137	133
	141	137
	142	138
	143	139
	144	140
	145	141
	20	19
	148	144
	149	145
	22	20
	152	148
	153	149
	155	150
	156	151
	157	152
	30	27
	31	28
	160	156
	35	32
	36	33
	164	160
	165	161
	38	34
	166	162
	39	35
	40	36
	168	163
	169	164
	43	39
	44	40
	172	167
	173	168
	46	41
	174	169
	47	42
	49	44
	51	46
	52	47
	53	48
	55	50
	59	54
	60	56
	61	57
	63	58
	64	59
	66	62
	67	63
	69	64
	70	65
	73	68
	74	69
	76	70
	77	71
	78	72
	80	73
	81	74
	82	75
	83	76
	84	77
	86	79
	89	82
	93	86
	94	87
	95	88
	98	92
	99	93
	100	94
	103	98
	107	102
	108	103
	109	104
	110	105
	111	106
	112	107
	115	111
	119	115
	120	116
	122	118
	125	121
	126	122
net/minecraft/client/renderer/texture/atlas/SpriteSources	29	25
	18	16
	21	20
	22	21
	23	22
	24	23
	25	24
	26	25
	29	17
net/minecraft/client/renderer/entity/WitherSkeletonRenderer	22	20
	17	16
	22	20
	9	9
	12	12
	13	13
net/minecraft/client/renderer/item/properties/conditional/ConditionalItemModelProperties	26	32
	10	16
	13	19
	14	20
	15	21
	16	22
	17	23
	18	24
	19	25
	20	26
	21	27
	22	28
	23	29
	24	30
	25	31
	26	32
net/minecraft/client/gui/render/GuiRenderer	436	420
	61	60
	71	67
	73	68
	74	69
	75	69
	76	69
	77	69
	80	71
	81	71
	84	72
	85	72
	86	73
	87	74
	94	78
	112	95
	113	96
	114	97
	115	99
	116	100
	118	103
	119	104
	122	107
	123	108
	125	110
	133	113
	135	114
	136	115
	139	118
	140	119
	142	120
	143	121
	145	122
	146	123
	148	124
	149	125
	150	126
	151	127
	152	128
	153	129
	154	130
	155	131
	156	132
	157	133
	159	136
	160	137
	163	140
	164	142
	165	143
	166	144
	167	145
	168	146
	169	147
	171	149
	174	152
	177	155
	178	156
	179	157
	181	158
	183	159
	185	160
	187	161
	188	162
	191	165
	192	166
	193	167
	194	168
	195	169
	196	170
	199	173
	200	190
	203	174
	205	175
	207	176
	208	177
	210	178
	211	179
	212	180
	213	181
	216	184
	217	190
	220	185
	221	186
	223	187
	224	190
	227	195
	228	204
	229	205
	230	207
	231	208
	232	209
	235	212
	238	215
	239	216
	240	217
	241	218
	242	222
	243	223
	244	224
	245	225
	246	226
	248	229
	249	230
	252	233
	253	234
	254	235
	255	236
	258	239
	259	240
	261	242
	262	243
	265	246
	266	247
	267	279
	270	248
	271	249
	273	250
	274	251
	275	252
	276	253
	277	260
	279	255
	280	256
	281	257
	283	260
	285	261
	286	262
	287	265
	288	266
	289	268
	291	269
	292	271
	293	273
	295	275
	297	279
	300	282
	301	283
	302	283
	303	283
	304	284
	307	287
	308	288
	309	289
	311	291
	314	295
	316	298
	317	299
	318	300
	319	304
	320	306
	322	309
	325	313
	328	316
	329	317
	332	320
	333	321
	335	322
	336	323
	339	326
	340	327
	342	330
	343	331
	347	335
	348	336
	349	337
	350	339
	351	340
	353	343
	355	346
	359	350
	360	351
	361	352
	363	354
	366	357
	367	358
	368	384
	371	359
	373	360
	374	361
	376	362
	377	363
	378	364
	380	366
	383	369
	384	370
	386	373
	387	374
	389	377
	390	378
	392	381
	394	382
	395	384
	398	387
	399	388
	401	390
	402	390
	404	390
	408	395
	409	396
	412	397
	413	398
	414	399
	415	400
	418	401
	419	402
	422	405
	423	406
	427	410
	428	411
	429	412
	430	413
	432	416
	433	417
	434	418
	435	419
	436	420
net/minecraft/client/gui/screens/packs/package-info	0	0
net/minecraft/client/renderer/entity/TadpoleRenderer	23	22
	18	18
	23	22
	10	10
	13	13
	14	14
net/minecraft/client/model/animal/bee/BabyBeeModel	63	50
	14	12
	15	13
	18	16
	19	17
	21	18
	22	20
	23	21
	24	23
	25	25
	27	27
	28	28
	29	28
	30	28
	32	30
	33	30
	34	30
	35	30
	37	31
	38	33
	39	33
	40	34
	42	36
	43	38
	44	38
	45	39
	47	41
	48	42
	49	42
	50	42
	52	44
	53	45
	54	45
	55	45
	57	47
	58	48
	59	48
	60	48
	63	50
net/minecraft/client/resources/language/I18n	17	17
	16	16
	17	17
	10	9
	13	12
	15	15
net/minecraft/client/renderer/entity/CreeperRenderer	60	48
	32	29
	36	32
	38	33
	39	33
	42	33
	13	13
	47	37
	16	16
	18	17
	19	18
	52	41
	23	21
	25	22
	57	45
	26	23
	58	46
	27	24
	59	47
	28	25
	60	48
	29	26
	30	27
	31	28
net/minecraft/client/model/monster/ghast/package-info	0	0
net/minecraft/client/particle/GeyserPlumeParticle	108	105
	67	63
	70	64
	71	65
	72	66
	73	67
	76	70
	77	71
	80	72
	83	73
	84	74
	87	75
	88	76
	89	77
	93	81
	100	88
	101	89
	38	40
	39	41
	41	42
	105	102
	42	43
	106	103
	43	44
	107	104
	108	105
	45	45
	46	46
	47	47
	49	48
	50	49
	52	50
	53	51
	54	52
	56	53
	57	54
	58	55
	59	56
	61	57
	62	58
	63	59
net/minecraft/client/gui/components/debug/DebugEntryLookingAt	180	173
	131	88
	136	93
	142	143
	143	144
	147	148
	152	152
	27	27
	28	28
	157	157
	32	37
	33	38
	34	39
	35	49
	164	164
	38	40
	39	41
	41	42
	169	168
	42	43
	43	44
	174	173
	47	47
	48	49
	179	58
	180	59
	60	102
	61	103
	67	109
	69	110
	70	111
	72	112
	73	113
	76	116
	77	117
	80	120
	82	121
	83	122
	84	123
	85	124
	88	127
	97	136
	98	137
	99	138
	104	63
	105	64
	109	68
	114	72
	119	77
	126	84
com/mojang/realmsclient/gui/screens/RealmsPendingInvitesScreen	244	239
	39	38
	41	39
	47	43
	48	44
	49	45
	50	46
	59	53
	60	54
	61	55
	65	59
	66	60
	67	61
	68	62
	69	63
	70	64
	71	65
	72	66
	74	68
	76	69
	77	70
	78	71
	79	72
	83	76
	84	77
	85	78
	87	80
	91	84
	92	85
	96	89
	98	90
	99	91
	101	93
	107	220
	108	226
	112	230
	116	234
	120	238
	121	239
	125	96
	126	97
	128	99
	129	99
	130	99
	132	102
	133	102
	134	102
	152	116
	154	117
	155	118
	156	118
	157	119
	158	120
	159	121
	160	125
	162	126
	163	127
	164	128
	165	129
	166	130
	167	131
	168	132
	170	133
	171	134
	172	135
	173	136
	174	137
	175	138
	176	139
	177	140
	180	143
	181	144
	182	146
	183	147
	185	152
	191	158
	196	163
	201	168
	202	169
	203	170
	204	171
	205	172
	206	173
	207	174
	208	175
	209	176
	210	177
	212	178
	213	179
	214	180
	215	181
	216	182
	217	183
	220	186
	221	187
	223	189
	224	190
	225	191
	227	193
	229	196
	230	197
	231	198
	232	199
	234	201
	235	202
	236	203
	237	204
	238	205
	239	206
	241	209
	243	211
	244	212
net/minecraft/client/resources/DryFoliageColorReloadListener	26	23
	17	15
	18	16
	19	17
	25	22
	26	23
	12	11
net/minecraft/client/data/models/model/TexturedModel	107	98
	66	54
	70	58
	74	62
	75	63
	12	14
	13	15
	14	16
	15	17
	79	67
	16	18
	17	19
	18	20
	83	71
	20	21
	21	22
	23	23
	87	78
	24	24
	26	25
	27	26
	91	82
	28	27
	29	28
	31	29
	32	30
	33	31
	34	32
	99	90
	36	33
	37	34
	38	35
	39	36
	103	94
	40	37
	41	38
	42	39
	43	40
	107	98
	48	41
	49	42
	52	43
	55	44
	61	49
	62	50
	63	51
net/minecraft/client/model/object/crystal/EndCrystalModel	79	56
	65	49
	67	50
	68	51
	70	52
	71	53
	72	53
	74	54
	75	54
	77	55
	78	55
	79	56
	22	19
	30	26
	31	27
	32	28
	33	29
	34	30
	35	31
	38	34
	39	35
	41	36
	43	37
	44	37
	45	38
	46	39
	47	40
	48	41
	49	41
	50	41
	52	43
	53	43
	54	43
	58	44
	63	48
net/minecraft/client/gui/screens/social/package-info	0	0
net/minecraft/client/data/models/model/TextureMapping	475	451
	19	18
	20	19
	26	22
	27	23
	31	27
	32	28
	33	29
	37	33
	41	37
	45	41
	49	45
	50	45
	51	46
	52	47
	53	48
	55	45
	57	52
	61	56
	62	57
	63	58
	64	59
	65	60
	69	64
	70	65
	74	69
	78	73
	79	74
	83	78
	84	79
	88	83
	92	87
	96	91
	100	95
	104	99
	105	99
	106	99
	111	103
	115	107
	119	111
	120	111
	121	111
	126	115
	130	119
	134	123
	138	127
	142	131
	143	131
	144	131
	149	135
	153	139
	157	143
	158	143
	159	143
	164	147
	168	151
	172	155
	176	159
	180	163
	184	167
	185	167
	186	167
	190	171
	191	171
	192	171
	196	175
	197	176
	198	177
	199	178
	204	183
	208	189
	212	194
	216	200
	220	204
	221	205
	222	206
	223	207
	227	211
	228	212
	229	213
	230	214
	231	215
	232	216
	236	220
	237	221
	238	222
	239	223
	240	224
	241	225
	245	229
	249	233
	253	238
	254	238
	255	239
	256	240
	257	241
	258	242
	260	245
	264	249
	268	253
	272	257
	276	261
	280	265
	284	269
	288	273
	292	277
	293	278
	294	279
	295	280
	299	284
	300	285
	301	286
	302	287
	303	288
	307	292
	311	296
	312	297
	313	298
	314	299
	318	303
	319	304
	320	305
	321	306
	322	307
	326	311
	327	312
	328	313
	329	314
	333	318
	334	319
	335	320
	336	321
	340	325
	344	329
	345	330
	346	331
	347	332
	348	333
	349	334
	350	335
	351	336
	356	340
	357	341
	358	342
	359	343
	360	344
	361	345
	362	346
	363	347
	367	351
	368	352
	369	353
	370	354
	371	355
	372	356
	373	357
	374	358
	378	362
	379	363
	380	364
	381	365
	382	366
	383	367
	384	368
	385	369
	386	370
	390	374
	391	374
	392	374
	397	378
	398	379
	399	380
	400	381
	401	382
	402	383
	407	387
	408	388
	409	389
	410	390
	411	391
	412	392
	413	393
	418	397
	419	398
	420	399
	421	400
	422	401
	423	402
	424	403
	429	407
	430	407
	431	407
	435	411
	439	415
	443	419
	447	423
	451	427
	455	431
	456	432
	460	436
	461	437
	465	441
	469	445
	470	446
	474	450
	475	451
net/minecraft/client/renderer/SectionOcclusionGraph	499	481
	47	47
	49	48
	52	50
	54	51
	56	52
	62	56
	68	60
	69	61
	70	62
	71	63
	72	64
	75	67
	77	69
	78	70
	79	71
	80	72
	83	76
	84	77
	85	78
	86	79
	88	81
	89	82
	90	83
	92	85
	95	88
	96	89
	100	93
	101	94
	104	97
	105	98
	106	99
	107	100
	109	101
	110	102
	113	105
	114	106
	115	107
	116	108
	117	109
	118	110
	121	117
	122	118
	123	119
	124	120
	125	121
	126	122
	127	123
	130	126
	131	127
	134	130
	138	134
	139	135
	140	136
	142	139
	144	140
	145	141
	147	143
	150	146
	151	147
	153	148
	154	149
	156	150
	157	151
	159	154
	161	156
	164	159
	165	160
	166	161
	167	162
	168	163
	169	164
	170	165
	171	166
	172	167
	173	168
	174	169
	175	170
	176	171
	177	172
	178	173
	181	176
	182	177
	183	178
	184	179
	185	180
	186	181
	187	182
	188	183
	190	185
	192	187
	193	188
	194	189
	195	191
	196	192
	197	193
	199	194
	200	195
	203	199
	204	200
	205	201
	206	202
	208	204
	209	205
	211	207
	214	210
	215	211
	216	212
	218	213
	220	214
	221	215
	223	216
	224	217
	225	218
	226	219
	227	221
	228	222
	229	223
	230	225
	231	226
	232	227
	233	228
	234	229
	235	230
	236	231
	237	232
	239	235
	240	236
	241	237
	242	238
	244	241
	248	246
	249	247
	251	249
	253	251
	256	262
	257	263
	258	264
	260	266
	261	267
	262	268
	264	269
	265	270
	267	271
	268	272
	272	274
	273	275
	274	276
	278	279
	281	282
	282	282
	283	283
	284	284
	286	286
	287	287
	289	288
	293	288
	297	289
	298	290
	299	291
	300	293
	301	294
	302	295
	303	296
	307	300
	312	305
	313	306
	314	307
	315	308
	316	309
	317	310
	318	311
	319	312
	320	312
	321	312
	322	312
	324	313
	325	314
	326	316
	327	317
	328	318
	331	322
	332	323
	333	324
	334	325
	337	329
	342	334
	343	335
	345	336
	349	338
	350	339
	352	340
	353	341
	356	347
	359	350
	363	355
	367	362
	369	363
	370	364
	372	366
	373	366
	377	366
	382	372
	386	376
	387	377
	388	379
	389	380
	390	381
	391	382
	392	383
	393	384
	394	385
	398	389
	401	392
	402	393
	403	394
	410	402
	411	403
	420	412
	421	413
	422	414
	423	415
	427	397
	434	472
	435	473
	438	476
	439	477
	442	480
	443	481
	444	481
	446	481
	460	428
	461	429
	462	430
	464	433
	465	434
	468	437
	469	438
	472	441
	476	445
	477	446
	481	450
	485	454
	490	459
	495	464
	496	464
	499	464
net/minecraft/client/model/geom/builders/CubeListBuilder	86	109
	67	80
	68	81
	72	95
	73	96
	12	11
	13	12
	77	100
	78	101
	82	105
	20	18
	21	19
	22	20
	86	109
	26	24
	30	28
	31	29
	35	44
	36	45
	37	46
	41	52
	42	53
	43	54
	47	58
	48	59
	52	63
	53	64
	57	68
	58	69
	62	75
	63	76
net/minecraft/client/model/animal/chicken/ChickenModel	36	32
	32	28
	33	29
	34	30
	35	31
	36	32
	18	16
	19	17
	20	18
	21	19
	22	20
	23	21
	27	24
	29	25
	30	26
	31	27
net/minecraft/client/gui/screens/InBedChatScreen	46	44
	32	31
	33	32
	34	33
	37	36
	39	37
	40	41
	41	42
	43	38
	44	39
	46	44
	15	13
	16	14
	20	18
	22	19
	23	22
	24	23
	28	27
	29	28
com/mojang/realmsclient/dto/UploadInfo	93	76
	64	53
	67	54
	71	59
	72	60
	74	62
	75	62
	77	62
	81	67
	82	67
	84	67
	24	16
	89	71
	90	72
	91	73
	29	19
	93	76
	33	23
	34	24
	35	25
	36	26
	37	27
	38	28
	39	29
	40	30
	41	31
	44	34
	45	35
	48	38
	53	43
	55	44
	57	47
	58	48
	59	49
	60	50
	62	51
	63	52
net/minecraft/client/model/monster/zombie/package-info	0	0
net/minecraft/client/renderer/block/BlockQuadOutput	0	0
net/minecraft/client/renderer/blockentity/HangingSignRenderer	86	75
	64	56
	65	57
	68	60
	69	61
	70	62
	71	63
	75	67
	76	67
	77	67
	82	71
	86	75
	29	24
	31	26
	38	30
	39	31
	43	34
	48	44
	49	45
	50	46
	52	47
	53	48
	55	50
	57	52
	60	55
	61	55
	62	55
	63	55
net/minecraft/client/renderer/item/properties/numeric/UseCycle	29	25
	19	19
	20	20
	21	20
	24	20
	13	13
	29	25
	14	14
	15	14
net/minecraft/client/gui/screens/options/FontOptionsScreen	22	20
	16	14
	17	15
	21	19
	22	20
	10	10
	11	10
net/minecraft/client/gui/screens/social/PresenceHandler	100	93
	64	56
	68	63
	69	64
	71	66
	74	69
	75	70
	78	73
	82	77
	83	78
	84	79
	85	80
	22	20
	90	85
	91	86
	92	87
	93	87
	94	87
	96	89
	97	90
	34	29
	98	91
	35	30
	36	31
	100	93
	37	32
	40	35
	41	36
	42	37
	43	38
	44	39
	45	40
	46	41
	47	42
	48	43
	49	44
	51	46
	52	47
	53	48
	56	51
	57	52
	58	58
	60	53
	61	54
	62	55
	63	56
net/minecraft/client/gui/components/SplashRenderer	46	37
	33	29
	34	30
	36	31
	37	32
	38	33
	39	34
	41	35
	42	35
	43	35
	45	36
	14	14
	46	37
	15	15
	16	16
	25	23
	26	24
	29	27
	31	28
net/minecraft/client/animation/definitions/CreakingAnimation	287	432
	11	9
	12	11
	13	15
	14	16
	15	17
	16	18
	17	19
	18	20
	20	23
	21	27
	22	28
	23	29
	24	30
	25	31
	26	32
	27	33
	28	34
	29	35
	31	38
	32	42
	33	43
	34	44
	35	45
	37	48
	38	52
	39	53
	40	54
	41	55
	42	56
	43	57
	44	58
	45	59
	47	62
	48	66
	49	67
	50	68
	51	69
	52	70
	53	71
	54	72
	56	75
	57	79
	58	80
	59	81
	60	82
	61	83
	62	84
	63	85
	65	88
	66	92
	67	93
	68	94
	69	95
	70	96
	71	97
	72	98
	74	101
	75	105
	76	106
	77	107
	78	108
	79	109
	81	112
	83	113
	84	115
	85	119
	86	120
	87	121
	88	122
	89	123
	90	124
	92	127
	93	131
	94	132
	95	133
	96	134
	97	135
	98	136
	100	139
	101	143
	102	144
	104	147
	105	151
	106	152
	107	153
	108	154
	109	155
	110	156
	111	157
	112	158
	113	159
	115	162
	116	166
	117	167
	118	168
	119	169
	120	170
	121	171
	122	172
	124	175
	125	179
	126	180
	127	181
	128	182
	130	185
	131	189
	132	190
	133	191
	134	192
	135	193
	136	194
	138	197
	139	201
	140	202
	141	203
	142	204
	144	207
	145	211
	146	212
	147	213
	148	214
	150	217
	151	221
	152	222
	153	223
	154	224
	156	227
	157	231
	158	232
	159	233
	160	234
	162	237
	163	241
	164	242
	165	243
	166	244
	168	247
	169	251
	170	252
	171	253
	172	254
	173	255
	174	256
	176	259
	177	263
	178	264
	180	267
	182	268
	183	269
	184	273
	185	274
	186	275
	187	276
	189	279
	190	283
	191	284
	192	285
	194	288
	195	292
	196	293
	197	294
	198	295
	200	298
	201	302
	202	303
	204	306
	205	310
	206	311
	207	312
	208	313
	210	316
	211	320
	212	321
	214	324
	216	325
	217	326
	218	330
	219	331
	220	332
	221	333
	222	334
	223	335
	224	336
	225	337
	226	338
	227	339
	228	340
	229	341
	231	344
	232	348
	233	349
	234	350
	235	351
	237	354
	238	358
	239	359
	240	360
	241	361
	243	364
	244	368
	245	369
	246	370
	247	371
	248	372
	249	373
	250	374
	252	377
	253	381
	254	382
	256	385
	257	389
	258	390
	259	391
	260	392
	261	393
	262	394
	263	395
	265	398
	266	402
	267	403
	269	406
	270	410
	271	411
	272	412
	273	413
	274	414
	275	415
	276	416
	277	417
	278	418
	279	419
	280	420
	281	421
	283	424
	284	428
	285	429
	287	432
net/minecraft/client/gui/components/debug/DebugEntryLocalDifficulty	32	34
	32	34
	17	21
	18	22
	20	23
	21	34
	24	24
	26	25
	27	26
	28	27
	29	28
	30	29
net/minecraft/client/sounds/AudioStream	0	0
net/minecraft/client/renderer/rendertype/RenderType	109	108
	66	64
	67	65
	73	71
	74	72
	75	73
	77	76
	81	80
	85	84
	89	88
	93	92
	31	28
	32	29
	33	31
	97	96
	34	33
	101	100
	38	39
	105	104
	43	44
	109	108
	47	48
	51	52
	56	56
	57	58
	58	59
	59	59
	60	59
	61	59
	63	61
net/minecraft/client/renderer/item/properties/select/TrimMaterialProperty	37	36
	32	31
	17	17
	19	19
	37	36
	23	25
	24	26
	25	26
	27	26
net/minecraft/client/model/animal/feline/BabyCatModel	12	12
	8	8
	11	11
	12	12
net/minecraft/client/multiplayer/resolver/ServerAddressResolver	22	19
	17	15
	18	16
	19	17
	20	18
	22	19
	13	12
net/minecraft/client/renderer/CloudRenderer	346	333
	258	239
	263	240
	264	241
	266	244
	269	249
	272	263
	273	264
	274	265
	275	266
	276	273
	278	267
	279	268
	281	270
	283	273
	286	276
	287	277
	290	280
	291	281
	292	282
	293	283
	294	284
	298	287
	299	288
	45	39
	46	39
	47	39
	303	291
	48	39
	304	292
	50	40
	51	41
	307	295
	308	296
	311	299
	312	300
	315	303
	60	48
	316	304
	62	49
	63	50
	319	307
	64	51
	320	308
	68	54
	324	311
	69	55
	325	312
	326	313
	327	314
	330	317
	75	60
	76	61
	333	320
	78	63
	334	321
	79	64
	80	65
	81	67
	337	324
	82	68
	338	325
	83	69
	84	70
	85	71
	342	329
	343	330
	88	73
	344	331
	89	74
	90	75
	346	333
	91	76
	92	77
	95	82
	96	83
	97	84
	98	85
	107	90
	108	91
	109	92
	110	93
	115	97
	116	98
	117	99
	120	102
	124	106
	128	110
	132	114
	136	118
	140	122
	144	134
	145	221
	147	135
	148	136
	149	137
	150	138
	151	139
	152	140
	154	143
	157	146
	158	147
	160	149
	161	150
	162	151
	163	152
	165	154
	168	157
	171	158
	172	159
	175	160
	176	161
	177	162
	178	163
	180	164
	181	165
	183	166
	184	167
	186	168
	187	169
	189	170
	194	175
	195	176
	196	177
	197	178
	198	179
	199	180
	200	182
	201	183
	202	184
	206	188
	207	221
	210	189
	211	190
	212	190
	213	190
	214	190
	216	193
	218	194
	219	195
	222	196
	223	197
	224	200
	225	201
	226	202
	228	204
	229	205
	232	210
	233	211
	234	212
	235	213
	236	214
	237	215
	238	216
	239	217
	241	221
	244	231
	245	249
	247	232
	248	233
	249	234
	252	236
	253	237
	254	238
	255	239
net/minecraft/client/renderer/state/gui/ColoredRectangleRenderState	26	50
	18	40
	19	41
	20	42
	21	43
	22	44
	25	49
	26	50
	13	35
	14	36
net/minecraft/client/renderer/fog/FogData	0	0
net/minecraft/client/renderer/item/properties/select/MainHand	29	29
	19	19
	24	24
	13	13
	29	29
	15	14
net/minecraft/client/renderer/entity/layers/StuckInBodyLayer	82	99
	64	82
	65	85
	69	89
	70	90
	71	90
	72	90
	75	92
	77	93
	79	96
	82	99
	23	29
	24	30
	25	31
	26	32
	27	33
	28	34
	33	47
	34	48
	35	49
	37	50
	38	51
	40	52
	41	53
	45	63
	46	64
	47	96
	50	65
	51	67
	52	68
	53	69
	54	70
	55	71
	57	72
	58	73
	59	74
	60	75
	61	76
	62	77
	63	79
net/minecraft/client/renderer/blockentity/BeaconRenderer	151	208
	129	184
	130	185
	131	186
	132	187
	133	188
	136	193
	137	194
	141	198
	146	203
	151	208
	24	24
	32	31
	37	41
	38	42
	39	43
	42	48
	43	49
	45	50
	47	51
	48	52
	49	53
	53	56
	54	58
	55	59
	56	61
	57	69
	59	71
	62	83
	63	85
	66	99
	68	100
	69	101
	71	102
	72	103
	74	104
	76	105
	78	106
	79	107
	80	108
	81	109
	83	110
	84	111
	85	112
	86	113
	88	114
	89	115
	90	116
	91	117
	93	118
	94	121
	95	122
	97	123
	99	124
	100	125
	101	126
	102	127
	104	128
	105	129
	106	130
	107	131
	109	132
	110	133
	111	134
	112	135
	114	136
	115	139
	116	140
	118	141
	119	142
	122	163
	123	164
	124	165
	125	166
	126	167
net/minecraft/client/renderer/feature/submit/package-info	0	0
net/minecraft/client/gui/components/ChatComponent	787	728
	512	471
	513	471
	514	471
	519	475
	520	476
	522	477
	523	478
	525	479
	526	480
	528	481
	529	482
	537	725
	538	726
	539	727
	540	728
	547	516
	553	517
	48	46
	563	522
	564	523
	567	526
	56	52
	61	55
	62	56
	63	57
	64	58
	66	59
	67	60
	68	61
	580	486
	69	61
	70	61
	71	61
	583	489
	584	490
	73	62
	585	491
	74	63
	586	492
	587	493
	588	494
	589	495
	590	496
	90	75
	93	78
	94	79
	95	80
	96	81
	99	84
	100	85
	102	87
	616	592
	105	90
	617	593
	106	91
	618	594
	107	92
	619	595
	110	95
	623	599
	112	96
	624	600
	113	98
	625	601
	114	99
	115	100
	116	101
	117	102
	629	605
	118	103
	630	606
	120	104
	634	610
	635	611
	124	108
	128	120
	640	616
	129	121
	641	617
	130	129
	642	618
	131	130
	134	135
	646	622
	135	136
	138	141
	139	142
	141	143
	143	144
	144	236
	147	145
	148	146
	150	147
	151	148
	663	639
	664	640
	153	149
	665	641
	666	642
	155	150
	667	643
	156	151
	668	644
	669	645
	670	646
	671	647
	160	152
	161	153
	674	650
	675	651
	164	154
	166	155
	679	655
	168	156
	680	656
	681	657
	170	157
	682	658
	172	158
	174	159
	686	662
	175	160
	687	663
	176	161
	177	162
	691	666
	692	667
	182	163
	183	164
	696	671
	185	165
	697	672
	186	166
	698	673
	187	167
	699	674
	189	168
	701	677
	191	169
	192	170
	705	681
	195	173
	196	174
	710	686
	711	687
	200	177
	712	688
	713	689
	715	691
	205	182
	206	183
	719	695
	208	184
	720	696
	209	185
	721	697
	210	186
	722	698
	723	699
	726	702
	215	188
	727	703
	216	189
	217	190
	729	705
	219	192
	732	708
	733	709
	222	195
	223	196
	735	711
	225	197
	226	198
	227	199
	228	200
	230	201
	742	536
	743	537
	233	204
	747	541
	236	206
	748	542
	237	207
	749	543
	238	208
	750	544
	239	209
	751	545
	242	212
	243	213
	244	214
	756	549
	246	217
	760	553
	761	554
	250	220
	251	221
	252	222
	253	223
	254	224
	767	559
	256	225
	257	226
	258	227
	259	228
	260	229
	772	563
	261	230
	776	570
	265	234
	777	571
	266	236
	778	572
	269	239
	270	240
	271	241
	272	242
	273	243
	785	578
	274	244
	786	579
	275	245
	787	580
	277	247
	280	250
	281	251
	284	254
	285	255
	288	258
	289	259
	292	262
	295	263
	296	264
	297	265
	298	266
	300	268
	303	271
	304	272
	305	273
	306	274
	308	276
	310	278
	313	281
	315	282
	317	283
	318	285
	319	286
	320	287
	321	288
	322	289
	325	292
	326	293
	329	296
	330	297
	332	299
	335	302
	337	304
	338	305
	340	307
	343	310
	344	311
	345	311
	346	311
	348	311
	350	312
	353	315
	354	316
	355	317
	357	319
	360	322
	362	323
	363	326
	364	327
	365	328
	366	329
	367	330
	368	331
	369	332
	371	335
	376	339
	380	343
	384	347
	385	348
	386	349
	389	352
	390	354
	391	355
	392	356
	395	359
	398	362
	402	366
	403	367
	404	368
	406	371
	408	374
	409	375
	411	377
	414	380
	415	381
	416	382
	419	385
	420	386
	422	387
	423	388
	426	391
	427	392
	428	393
	430	395
	433	398
	437	402
	441	406
	445	410
	449	414
	450	415
	451	416
	455	420
	456	421
	457	422
	461	426
	462	427
	463	428
	467	432
	471	436
	475	440
	476	441
	477	442
	480	445
	481	446
	484	449
	485	450
	487	451
	492	455
	493	456
	496	459
	497	460
	499	462
	502	465
	503	466
	504	467
	511	471
com/mojang/blaze3d/pipeline/package-info	0	0
net/minecraft/client/gui/screens/options/WorldOptionsScreen	148	144
	129	125
	130	126
	131	127
	132	128
	133	129
	134	130
	135	131
	138	134
	142	138
	143	139
	147	143
	148	144
	22	22
	23	23
	24	24
	25	25
	26	26
	27	27
	28	28
	29	30
	30	32
	31	33
	40	41
	41	42
	42	43
	43	44
	47	48
	49	49
	50	50
	51	51
	52	52
	53	53
	54	54
	55	55
	56	56
	58	59
	60	60
	61	61
	62	62
	63	63
	66	66
	67	67
	68	68
	69	68
	70	68
	71	69
	72	70
	76	74
	77	75
	78	75
	79	76
	80	77
	81	78
	83	81
	87	85
	88	86
	89	87
	91	87
	95	89
	96	90
	97	91
	101	97
	102	98
	103	99
	104	100
	105	101
	107	103
	110	106
	111	107
	112	108
	114	110
	119	115
	120	116
	124	120
	125	121
net/minecraft/client/model/HeadedModel	11	11
	10	10
	11	11
net/minecraft/client/renderer/entity/CodRenderer	40	37
	16	16
	17	17
	33	31
	34	32
	36	33
	21	21
	37	34
	38	35
	40	37
	26	25
	13	13
	31	30
net/minecraft/client/color/block/BlockTintCache	163	157
	128	73
	129	75
	133	78
	134	79
	136	82
	137	83
	138	84
	141	87
	142	90
	144	90
	18	114
	147	93
	148	94
	20	116
	149	95
	151	98
	153	99
	25	120
	154	100
	155	101
	27	123
	156	102
	28	124
	29	125
	159	106
	160	107
	32	128
	33	131
	163	109
	35	131
	38	134
	40	136
	45	141
	46	142
	47	143
	51	147
	55	151
	56	152
	60	156
	61	157
	77	22
	78	23
	81	26
	82	27
	84	28
	85	29
	86	30
	87	31
	88	32
	90	35
	92	36
	93	37
	94	38
	95	39
	96	40
	97	41
	99	44
	100	45
	101	46
	106	51
	108	53
	109	54
	110	55
	111	56
	112	57
	113	58
	118	63
	119	65
	124	69
	125	70
	126	71
com/mojang/realmsclient/util/task/LongRunningTask	69	64
	65	60
	68	63
	69	64
	15	15
	16	16
	20	20
	21	21
	22	22
	23	23
	25	25
	29	28
	30	29
	31	30
	34	33
	35	34
	36	35
	37	35
	41	36
	44	39
	45	40
	47	42
	49	44
	52	47
	53	48
	58	53
	62	57
com/mojang/blaze3d/vulkan/checkpoints/NvidiaCheckpointExtension	70	76
	64	70
	65	71
	70	76
	19	19
	20	20
	21	21
	26	26
	27	27
	29	30
	30	32
	31	33
	33	36
	38	41
	42	45
	43	46
	47	50
	48	51
	51	54
	53	56
	54	57
	55	58
	56	59
	57	61
	58	62
	60	65
	61	67
	62	68
	63	69
net/minecraft/client/renderer/entity/AbstractBoatRenderer	73	67
	64	58
	65	59
	66	60
	67	61
	68	62
	69	63
	70	64
	71	65
	72	66
	73	67
	19	20
	20	21
	21	22
	22	23
	26	26
	28	27
	29	28
	30	29
	31	30
	32	31
	35	34
	37	35
	40	38
	41	39
	43	40
	45	41
	47	42
	49	43
	50	44
	53	49
	59	54
net/minecraft/client/renderer/entity/state/PaintingRenderState	10	10
	8	8
	10	10
com/mojang/realmsclient/util/task/ConnectTask	47	46
	35	34
	36	35
	37	36
	38	37
	42	41
	43	42
	12	12
	47	46
	19	18
	20	19
	21	20
	22	21
	26	25
	27	26
	29	28
	31	30
net/minecraft/client/renderer/entity/layers/RopesLayer	33	38
	32	36
	33	38
	20	20
	21	21
	22	22
	23	23
	24	24
	28	34
	29	38
	31	35
net/minecraft/client/multiplayer/ClientHandshakePacketListenerImpl	266	257
	256	255
	257	256
	258	257
	263	240
	264	241
	265	242
	266	243
	58	58
	79	85
	80	86
	81	87
	82	88
	83	89
	84	90
	85	91
	86	92
	87	93
	88	94
	89	95
	90	96
	91	97
	94	100
	95	101
	96	102
	98	104
	100	107
	101	108
	105	111
	113	118
	114	119
	116	120
	118	121
	119	122
	121	123
	122	124
	123	125
	124	126
	127	129
	128	130
	129	131
	130	132
	131	133
	132	138
	134	134
	135	135
	138	141
	139	142
	141	144
	143	146
	146	149
	147	150
	148	151
	152	155
	153	157
	154	158
	155	159
	156	160
	157	161
	158	162
	159	163
	160	164
	161	165
	162	166
	165	156
	170	171
	172	172
	174	174
	180	182
	181	183
	188	190
	195	197
	196	198
	197	199
	198	200
	199	201
	203	204
	204	205
	205	206
	207	208
	209	210
	213	213
	218	217
	219	218
	223	221
	225	222
	227	224
	231	227
	232	228
	233	229
	236	232
	237	233
	241	236
	242	237
	245	246
	246	247
	247	248
	249	249
net/minecraft/client/multiplayer/resolver/ServerAddress	97	86
	64	56
	66	59
	71	64
	72	65
	75	66
	12	10
	16	12
	80	72
	19	15
	20	16
	85	77
	86	78
	23	19
	24	20
	88	80
	89	80
	28	24
	92	80
	29	25
	30	26
	97	86
	35	31
	39	35
	40	36
	44	40
	45	41
	46	41
	48	41
	50	42
	51	43
	52	44
	58	50
	59	51
	60	52
	61	53
	62	54
net/minecraft/client/gui/components/debug/DebugScreenEntryStatus	21	19
	16	15
	17	16
	21	19
	7	7
	8	8
	9	9
	12	11
net/minecraft/client/gui/screens/reporting/ReportPlayerScreen	85	93
	65	66
	66	74
	68	78
	70	79
	72	80
	73	81
	74	82
	78	86
	79	87
	80	88
	17	17
	18	18
	20	19
	84	92
	21	20
	85	93
	22	21
	34	30
	35	31
	36	32
	37	33
	38	34
	39	35
	43	39
	48	44
	49	45
	51	46
	53	49
	54	51
	55	52
	56	53
	57	54
	58	55
	59	56
	60	57
	61	58
	62	59
net/minecraft/client/renderer/blockentity/TrialSpawnerRenderer	60	69
	32	37
	33	43
	35	38
	36	39
	37	40
	38	41
	39	43
	42	53
	43	63
	45	54
	46	55
	47	56
	48	57
	49	58
	50	59
	51	60
	21	22
	53	63
	22	23
	57	66
	26	26
	58	67
	60	69
	31	36
net/minecraft/client/particle/FallingLeavesParticle	161	164
	128	104
	129	105
	133	118
	141	126
	142	127
	146	140
	154	148
	155	149
	159	162
	160	163
	33	35
	161	164
	38	36
	39	37
	40	38
	43	39
	45	40
	48	41
	49	42
	50	43
	53	44
	54	45
	57	46
	58	47
	59	48
	60	49
	61	50
	65	54
	71	59
	72	60
	73	61
	75	62
	76	63
	78	66
	79	98
	83	67
	84	68
	86	69
	87	70
	88	71
	89	72
	90	73
	92	76
	93	77
	94	78
	97	81
	98	82
	101	83
	103	84
	105	85
	106	86
	109	87
	112	88
	113	89
	115	92
	116	98
	119	93
	120	94
	121	95
	122	98
com/mojang/blaze3d/vertex/DefaultVertexFormat	112	89
	15	13
	16	14
	17	15
	18	16
	19	17
	20	18
	21	19
	25	20
	26	21
	27	22
	28	23
	29	24
	30	25
	32	26
	33	27
	34	28
	35	29
	36	30
	37	31
	38	32
	39	33
	41	34
	42	35
	43	36
	44	37
	45	38
	46	39
	48	40
	49	40
	50	40
	52	41
	53	42
	54	43
	55	44
	57	45
	58	46
	59	47
	60	48
	61	49
	63	50
	64	51
	65	52
	66	53
	67	54
	69	55
	70	55
	71	55
	72	55
	74	56
	75	57
	76	58
	77	59
	78	60
	80	61
	81	62
	82	63
	83	64
	84	65
	85	66
	87	67
	88	68
	89	69
	90	70
	91	71
	92	72
	94	73
	95	74
	96	75
	97	76
	98	77
	99	78
	101	79
	102	80
	103	81
	104	82
	105	83
	107	84
	108	85
	109	86
	110	87
	111	88
	112	89
net/minecraft/client/input/PreeditEvent	82	82
	64	60
	65	61
	66	62
	70	66
	71	67
	72	68
	74	71
	75	73
	76	74
	77	75
	78	76
	80	79
	82	82
	21	16
	22	17
	25	22
	26	23
	28	26
	29	27
	34	28
	36	29
	37	30
	38	31
	40	33
	41	34
	42	36
	43	37
	44	38
	45	39
	47	42
	48	43
	50	46
	51	47
	52	48
	55	51
	56	52
	59	55
	63	59
com/mojang/realmsclient/dto/RealmsServerPlayerLists	85	72
	66	56
	68	58
	69	59
	70	60
	71	61
	72	62
	77	67
	81	71
	82	72
	83	72
	85	72
	27	22
	30	25
	33	28
	35	29
	36	30
	38	30
	40	31
	41	32
	43	34
	44	35
	46	36
	47	37
	49	39
	52	42
	55	45
	58	48
	59	49
	62	52
net/minecraft/client/renderer/special/DecoratedPotSpecialRenderer	50	53
	49	41
	33	53
	50	42
	20	19
	21	20
	39	23
	24	45
	44	35
	28	49
	45	37
net/minecraft/client/gui/components/CommonButtons	29	30
	8	9
	9	10
	10	11
	11	12
	12	13
	13	14
	14	15
	18	19
	19	20
	20	21
	21	22
	22	23
	23	24
	24	25
	25	26
	29	30
net/minecraft/client/gui/components/debug/DebugEntryMemory	79	81
	64	70
	65	71
	69	75
	70	77
	71	78
	73	81
	15	14
	79	44
	20	24
	21	25
	22	26
	23	27
	25	30
	26	31
	27	32
	28	33
	30	36
	33	39
	38	49
	40	50
	41	51
	42	52
	43	53
	46	56
	48	57
	49	58
	52	61
	56	62
	57	63
	58	64
	59	65
	62	68
	63	69
net/minecraft/client/renderer/DebugCrosshairRenderer	90	85
	64	60
	65	61
	66	62
	68	63
	69	64
	71	65
	72	66
	73	67
	74	68
	75	69
	77	73
	78	74
	79	75
	80	76
	81	77
	83	78
	84	79
	86	80
	87	81
	89	84
	90	85
	30	26
	33	29
	34	30
	35	31
	36	32
	37	33
	38	34
	39	35
	40	36
	42	37
	43	38
	44	39
	45	40
	46	41
	47	42
	48	44
	49	45
	52	48
	56	52
	57	53
	60	56
	61	57
	62	58
	63	59
net/minecraft/client/gui/screens/inventory/AnvilScreen	148	142
	130	122
	131	123
	132	126
	136	130
	137	131
	139	133
	143	137
	144	138
	145	139
	146	140
	20	19
	148	142
	21	20
	22	21
	23	22
	24	23
	29	28
	30	29
	31	30
	32	31
	36	35
	37	36
	39	37
	40	38
	41	39
	42	40
	43	41
	44	42
	45	43
	46	44
	47	45
	48	46
	49	47
	50	48
	54	52
	55	53
	56	54
	60	58
	61	59
	65	63
	66	64
	67	65
	68	66
	72	70
	73	71
	74	72
	77	74
	78	74
	80	74
	84	79
	85	80
	86	90
	89	81
	90	82
	91	83
	94	86
	95	87
	97	90
	101	94
	103	95
	104	96
	105	97
	107	99
	108	100
	109	101
	110	102
	111	103
	113	105
	114	106
	115	107
	119	111
	120	112
	121	113
	122	114
	123	115
	126	118
net/minecraft/client/data/models/model/ModelInstance	0	0
net/minecraft/client/gui/screens/advancements/AdvancementWidget	307	312
	256	259
	257	260
	260	263
	261	264
	262	265
	266	269
	267	270
	269	272
	272	275
	273	276
	276	279
	277	281
	278	282
	280	284
	27	25
	283	287
	284	294
	286	288
	287	289
	288	290
	289	291
	290	292
	294	299
	295	300
	296	301
	297	302
	42	40
	300	305
	303	308
	307	312
	59	56
	60	57
	61	58
	62	59
	63	60
	64	61
	65	62
	67	63
	69	64
	70	65
	71	66
	72	71
	73	72
	75	75
	77	76
	78	77
	81	80
	82	81
	83	82
	85	85
	86	86
	87	87
	91	91
	95	95
	97	96
	98	97
	100	99
	101	100
	102	101
	103	102
	104	103
	106	106
	107	107
	108	108
	112	112
	117	117
	118	118
	119	120
	120	120
	122	120
	126	124
	127	125
	128	126
	129	127
	130	128
	131	129
	132	130
	133	131
	134	132
	135	133
	136	134
	137	135
	138	136
	139	137
	140	138
	141	139
	143	141
	144	142
	145	143
	149	147
	150	148
	152	150
	155	153
	156	154
	159	156
	160	157
	162	159
	165	162
	166	163
	169	166
	170	167
	172	169
	175	172
	179	176
	180	177
	183	180
	184	181
	187	184
	188	185
	190	186
	191	187
	192	188
	193	189
	195	190
	196	191
	197	192
	198	193
	199	194
	203	195
	205	199
	206	200
	207	201
	208	202
	209	203
	210	204
	211	205
	212	206
	213	207
	214	208
	215	209
	216	210
	217	211
	218	212
	219	213
	221	215
	222	216
	223	217
	225	220
	228	222
	229	223
	231	225
	234	228
	235	229
	236	230
	237	231
	239	233
	243	237
	244	238
	245	239
	247	252
	250	255
	252	256
	254	257
	255	258
net/minecraft/client/particle/ParticleProvider	0	0
net/minecraft/client/gui/components/Whence	0	0
net/minecraft/client/model/monster/skeleton/BoggedModel	68	62
	66	60
	67	61
	68	62
	19	17
	20	18
	21	19
	24	22
	25	23
	27	24
	29	25
	30	26
	31	28
	32	28
	33	29
	35	31
	36	33
	37	33
	38	34
	40	36
	41	38
	42	38
	43	39
	45	41
	46	43
	47	43
	48	44
	50	46
	51	48
	52	48
	53	49
	55	51
	56	53
	57	53
	58	54
	61	56
net/minecraft/client/particle/NoRenderParticleGroup	16	16
	16	16
	11	11
	12	12
net/minecraft/client/renderer/state/gui/PanoramaRenderState	0	0
net/minecraft/client/renderer/entity/CaveSpiderRenderer	18	18
	18	18
	9	9
	12	12
	13	13
	14	14
net/minecraft/client/resources/sounds/UnderwaterAmbientSoundInstances	62	57
	14	13
	16	14
	17	15
	18	16
	19	17
	20	18
	21	19
	25	23
	26	24
	28	26
	38	35
	40	36
	41	37
	42	38
	43	39
	44	40
	45	41
	49	45
	50	55
	51	57
	54	46
	55	47
	57	49
	60	52
	61	53
	62	57
net/minecraft/client/renderer/state/gui/pip/GuiProfilerChartRenderState	17	19
	17	19
	12	14
	13	15
net/minecraft/client/renderer/entity/layers/CreeperPowerLayer	37	34
	16	15
	32	30
	17	16
	18	17
	37	34
	22	20
	11	11
	27	25
net/minecraft/client/gui/screens/Overlay	11	11
	7	7
	11	11
net/minecraft/client/renderer/debug/BreezeDebugRenderer	53	51
	17	16
	18	17
	19	18
	20	19
	21	20
	26	24
	27	25
	31	31
	32	32
	34	35
	35	36
	36	37
	37	38
	38	39
	40	40
	41	41
	42	42
	43	43
	44	44
	47	45
	48	45
	49	46
	50	47
	51	48
	52	49
	53	51
net/minecraft/client/particle/SnowflakeParticle	51	59
	32	32
	33	33
	35	34
	36	35
	37	36
	38	37
	11	13
	12	14
	44	43
	13	15
	45	44
	14	16
	15	17
	16	18
	17	19
	49	57
	50	58
	19	20
	51	59
	21	21
	22	22
	23	23
	27	27
com/mojang/blaze3d/platform/Transparency	31	24
	9	4
	10	5
	11	6
	12	7
	15	10
	16	11
	17	12
	18	13
	19	15
	20	15
	22	15
	27	20
	31	24
net/minecraft/client/renderer/ScreenEffectRenderer	217	220
	34	33
	47	43
	48	44
	49	45
	52	48
	53	49
	54	50
	55	51
	58	54
	61	59
	62	60
	63	61
	64	62
	65	63
	66	64
	67	65
	68	66
	71	69
	72	70
	73	71
	76	74
	77	75
	78	76
	82	81
	83	82
	85	84
	88	87
	89	111
	92	88
	93	89
	94	90
	95	91
	96	92
	97	93
	99	94
	101	95
	103	96
	104	97
	106	98
	107	99
	108	100
	109	101
	110	102
	111	103
	112	104
	114	105
	115	106
	116	107
	117	108
	119	109
	120	111
	123	114
	124	115
	127	118
	128	119
	129	120
	130	121
	131	122
	134	125
	135	126
	137	129
	138	131
	139	132
	140	133
	141	134
	142	135
	144	137
	145	138
	146	139
	149	143
	153	149
	154	152
	156	154
	160	157
	161	158
	162	159
	163	160
	165	161
	166	162
	168	163
	169	164
	170	165
	171	165
	179	166
	180	167
	183	170
	184	171
	185	172
	186	173
	187	174
	188	175
	190	176
	191	177
	192	178
	193	179
	194	180
	195	181
	198	184
	199	185
	206	186
	209	199
	210	200
	213	216
	214	217
	215	218
	216	219
	217	220
com/mojang/blaze3d/audio/DeviceList	32	19
	32	19
	19	13
	20	14
	22	17
	15	10
	31	18
com/mojang/realmsclient/gui/RealmsDataFetcher	51	55
	35	31
	36	34
	37	35
	38	36
	40	37
	41	39
	42	42
	43	44
	44	46
	45	47
	46	48
	47	49
	48	52
	51	55
net/minecraft/client/model/monster/piglin/BabyPiglinModel	79	50
	64	42
	65	42
	66	42
	68	44
	69	44
	70	44
	71	44
	74	45
	13	12
	14	13
	79	50
	17	16
	18	17
	20	18
	21	18
	22	18
	23	18
	25	19
	26	21
	27	21
	28	21
	29	22
	31	24
	32	24
	33	24
	35	25
	36	25
	37	25
	39	26
	40	28
	41	28
	42	29
	44	31
	45	31
	46	31
	48	32
	49	34
	50	34
	51	35
	53	37
	54	37
	55	37
	56	37
	58	38
	59	39
	60	39
	61	39
	63	41
net/minecraft/client/renderer/entity/AxolotlRenderer	55	57
	17	18
	18	20
	19	22
	20	23
	21	25
	23	27
	26	31
	27	32
	31	35
	32	36
	37	40
	42	44
	43	45
	44	46
	45	47
	46	48
	47	49
	48	50
	49	51
	50	52
	51	53
	52	54
	53	55
	54	56
	55	57
net/minecraft/client/gui/components/LoadingDotsWidget	51	47
	32	28
	33	29
	34	30
	38	34
	42	38
	46	42
	51	47
	21	19
	22	20
	23	21
	27	25
	29	26
	30	27
com/mojang/blaze3d/vertex/MeshData	123	121
	18	17
	19	18
	20	19
	23	24
	24	25
	25	26
	28	29
	29	30
	30	31
	31	32
	33	34
	34	35
	35	36
	36	37
	37	38
	38	39
	39	40
	40	41
	41	42
	42	43
	43	44
	44	45
	45	46
	47	48
	50	51
	54	55
	58	59
	62	63
	66	67
	67	68
	69	71
	70	72
	71	73
	72	74
	73	75
	78	80
	79	81
	80	82
	82	84
	92	91
	94	92
	95	93
	97	94
	101	98
	102	99
	103	100
	105	102
	106	103
	109	106
	110	107
	111	108
	112	109
	113	110
	114	111
	115	112
	117	114
	120	117
	121	119
	122	120
	123	121
net/minecraft/client/renderer/feature/FeatureFrameContext	0	0
com/mojang/blaze3d/systems/TransientMemory	66	78
	64	75
	66	78
	36	38
	40	44
	12	10
	44	48
	45	50
	46	51
	48	54
	18	16
	54	62
	24	24
	58	68
	30	30
	62	72
	63	74
net/minecraft/client/renderer/block/model/properties/select/package-info	0	0
net/minecraft/client/gui/screens/TitleScreen	338	419
	256	330
	257	331
	259	333
	260	334
	262	337
	264	340
	266	341
	267	342
	269	343
	270	344
	273	347
	275	348
	276	349
	279	352
	280	353
	283	356
	285	357
	286	358
	288	360
	293	364
	297	368
	298	368
	301	368
	48	49
	50	50
	51	51
	310	373
	311	374
	313	376
	317	380
	318	381
	319	382
	65	61
	321	384
	66	62
	324	387
	69	65
	70	66
	326	393
	327	392
	328	408
	73	69
	329	409
	74	70
	330	410
	75	71
	76	72
	77	73
	333	414
	334	415
	80	76
	338	419
	85	81
	86	82
	90	85
	91	86
	93	88
	96	91
	97	92
	98	93
	99	94
	103	98
	108	103
	113	108
	114	109
	116	112
	117	113
	119	114
	120	115
	122	116
	123	117
	125	119
	128	122
	129	123
	130	124
	132	126
	133	128
	134	128
	135	132
	137	135
	138	138
	140	140
	141	142
	143	144
	144	150
	146	154
	148	157
	149	158
	152	161
	153	162
	155	164
	158	167
	159	168
	163	173
	164	177
	165	178
	166	179
	167	179
	168	180
	171	185
	172	186
	174	187
	175	189
	176	190
	178	191
	179	192
	180	194
	181	200
	185	204
	186	205
	189	206
	190	207
	193	209
	194	210
	195	211
	196	212
	198	213
	202	215
	206	221
	208	222
	209	226
	210	227
	212	229
	214	233
	215	239
	216	243
	218	262
	219	249
	220	252
	221	255
	222	256
	223	257
	227	277
	228	278
	229	279
	231	281
	232	286
	233	287
	238	297
	239	313
	240	314
	241	315
	242	316
	244	317
	249	323
	250	324
	253	327
	254	328
	255	329
net/minecraft/client/renderer/SectionBufferBuilderPack	30	28
	16	14
	20	18
	21	19
	24	22
	25	23
	11	10
	13	11
	29	27
	30	28
com/mojang/blaze3d/GpuOutOfMemoryException	6	6
	5	5
	6	6
net/minecraft/client/renderer/entity/layers/WolfCollarLayer	32	47
	32	47
	18	18
	19	19
	24	29
	25	30
	26	47
	29	31
	14	14
	30	32
	15	15
	31	33
net/minecraft/client/model/geom/ModelPart	385	400
	47	44
	48	45
	49	46
	52	49
	56	53
	60	57
	61	58
	64	61
	65	62
	68	65
	69	66
	70	67
	71	68
	72	69
	73	70
	74	71
	75	72
	76	73
	77	74
	80	77
	84	81
	85	82
	86	83
	88	85
	92	90
	93	91
	94	92
	95	93
	98	96
	99	97
	100	98
	101	99
	104	102
	105	103
	108	106
	109	121
	111	107
	112	121
	115	108
	116	109
	118	110
	119	111
	122	114
	123	115
	126	118
	127	121
	130	124
	131	125
	132	126
	133	127
	134	128
	142	131
	143	132
	144	133
	145	134
	146	135
	147	136
	148	137
	149	138
	152	141
	153	142
	156	145
	157	146
	160	149
	161	162
	164	150
	165	151
	167	152
	168	154
	169	155
	172	158
	173	159
	174	159
	177	160
	178	162
	181	165
	182	166
	183	167
	185	170
	186	171
	188	173
	191	176
	192	177
	194	179
	197	182
	201	186
	205	190
	206	191
	207	192
	208	193
	211	196
	212	197
	213	198
	214	199
	217	202
	218	203
	219	204
	220	205
	223	208
	224	209
	225	210
	226	211
	230	215
	231	216
	232	217
	233	218
	237	222
	238	223
	240	226
	241	227
	243	229
	255	257
	256	258
	257	259
	258	260
	259	261
	260	262
	261	263
	263	264
	264	265
	265	266
	267	267
	268	268
	269	269
	270	270
	271	271
	272	272
	274	273
	275	274
	276	275
	277	276
	280	279
	281	280
	282	281
	283	282
	285	283
	286	284
	287	285
	288	286
	290	287
	291	288
	292	289
	293	290
	294	291
	295	292
	297	293
	298	294
	299	295
	301	296
	302	297
	303	298
	305	301
	306	302
	309	305
	310	306
	312	309
	313	310
	315	313
	316	314
	318	317
	319	318
	321	320
	324	323
	325	324
	326	326
	327	327
	328	328
	329	329
	330	330
	332	332
	333	333
	334	334
	335	335
	336	336
	337	337
	340	340
	345	358
	347	359
	348	360
	349	361
	350	362
	351	363
	352	364
	354	365
	355	366
	356	368
	357	369
	358	370
	359	371
	362	374
	365	377
	373	388
	377	392
	381	396
	385	400
com/mojang/realmsclient/client/FileUpload	154	167
	130	144
	134	148
	138	152
	146	159
	147	160
	148	161
	152	165
	153	166
	154	167
	27	29
	45	53
	46	54
	47	55
	48	56
	49	57
	50	58
	51	59
	52	60
	53	61
	55	62
	56	63
	60	67
	61	68
	64	71
	65	72
	66	73
	71	84
	73	79
	74	80
	75	81
	76	82
	80	85
	81	86
	82	87
	83	88
	84	89
	85	90
	87	91
	88	92
	89	93
	90	94
	92	97
	93	98
	95	101
	97	103
	102	109
	103	109
	109	114
	113	126
	114	127
	115	128
	117	131
	118	132
	119	133
	121	135
	122	136
	123	137
	125	139
	126	140
net/minecraft/client/particle/BreakingItemParticle	114	160
	64	65
	71	88
	72	89
	73	90
	80	106
	23	25
	87	122
	24	26
	25	27
	26	28
	27	29
	28	30
	29	31
	30	32
	95	146
	96	147
	33	35
	34	36
	35	37
	100	160
	37	38
	38	39
	39	40
	40	41
	107	80
	44	45
	49	50
	114	138
	54	55
	59	60
com/mojang/realmsclient/dto/package-info	0	0
net/minecraft/client/gui/screens/inventory/CartographyTableScreen	106	109
	19	19
	20	20
	21	21
	22	22
	23	23
	24	24
	28	28
	29	29
	30	30
	34	34
	35	35
	36	36
	37	37
	39	38
	40	39
	41	40
	42	41
	44	42
	45	43
	48	44
	49	46
	50	47
	51	48
	52	49
	53	50
	55	51
	56	52
	59	56
	60	57
	61	58
	65	62
	68	65
	69	66
	72	77
	73	78
	75	79
	76	80
	77	81
	78	82
	79	83
	80	84
	81	85
	82	86
	83	87
	84	88
	85	89
	86	90
	88	91
	90	93
	91	94
	93	96
	96	101
	97	102
	98	103
	99	104
	101	105
	102	106
	104	107
	106	109
com/mojang/realmsclient/gui/screens/configuration/RealmsSubscriptionTab	142	149
	129	136
	130	137
	132	138
	133	139
	135	141
	137	144
	138	145
	142	149
	33	33
	34	34
	35	35
	36	36
	37	37
	38	38
	39	40
	49	52
	50	53
	51	54
	52	55
	53	56
	54	57
	56	58
	58	59
	59	60
	60	61
	62	62
	63	63
	64	64
	65	65
	67	66
	68	67
	69	69
	70	71
	71	74
	73	77
	74	78
	75	80
	76	82
	77	83
	78	86
	81	89
	82	90
	83	93
	85	94
	86	95
	89	98
	90	99
	91	100
	92	102
	94	103
	95	104
	98	107
	99	108
	103	112
	104	113
	105	114
	106	115
	109	117
	110	118
	111	119
	112	120
	114	121
	115	122
	116	123
	117	124
	118	126
	119	127
	121	128
	127	135
net/minecraft/client/particle/FlyStraightTowardsParticle	99	103
	64	68
	66	69
	67	70
	68	81
	71	72
	72	73
	74	74
	75	75
	76	76
	78	77
	80	78
	81	78
	82	78
	83	78
	21	30
	85	79
	86	81
	23	31
	24	32
	25	33
	26	34
	27	35
	28	36
	92	87
	29	37
	93	88
	30	38
	31	39
	32	40
	33	41
	97	101
	34	42
	98	102
	99	103
	36	43
	37	44
	39	45
	41	46
	42	47
	43	48
	47	52
	53	57
	57	61
	62	66
	63	67
net/minecraft/client/multiplayer/resolver/package-info	0	0
net/minecraft/client/gui/font/glyphs/BakedSheetGlyph	250	290
	128	153
	129	154
	130	155
	132	158
	133	159
	136	170
	137	171
	138	172
	139	173
	140	174
	144	178
	149	185
	154	192
	30	41
	31	42
	32	43
	160	246
	33	44
	34	45
	35	46
	36	47
	165	251
	38	48
	39	49
	40	50
	41	51
	42	52
	170	256
	45	55
	46	55
	47	55
	175	261
	51	59
	52	59
	180	266
	56	63
	184	270
	57	65
	58	66
	59	67
	189	275
	190	276
	63	71
	64	71
	65	71
	194	280
	69	77
	70	78
	71	79
	199	285
	72	80
	73	81
	74	82
	204	290
	77	83
	79	85
	80	86
	81	87
	82	88
	83	89
	211	199
	85	102
	87	104
	216	204
	90	107
	91	108
	92	109
	221	209
	94	111
	97	124
	98	125
	226	214
	100	126
	101	127
	230	218
	103	128
	104	129
	106	130
	235	223
	108	131
	236	224
	109	132
	110	133
	111	134
	112	135
	240	228
	115	138
	245	233
	119	142
	250	238
	123	146
	127	152
net/minecraft/client/renderer/item/properties/select/LocalTime	114	93
	64	47
	65	48
	66	49
	69	52
	73	56
	75	57
	76	57
	77	57
	79	58
	80	59
	84	62
	85	63
	86	64
	25	24
	89	67
	27	25
	29	26
	94	73
	31	27
	95	74
	32	28
	96	75
	33	28
	97	76
	35	28
	100	79
	104	83
	109	88
	46	30
	47	32
	48	33
	49	34
	50	36
	114	93
	52	38
	53	39
com/mojang/blaze3d/vulkan/checkpoints/AmdCheckpointExtension	80	75
	64	59
	66	61
	67	62
	68	63
	69	64
	73	68
	78	73
	79	74
	16	13
	80	75
	25	18
	26	19
	27	20
	32	25
	33	27
	34	28
	36	31
	41	36
	42	37
	44	39
	51	46
	52	47
	53	48
	54	49
	58	53
	59	54
	61	56
net/minecraft/client/gui/screens/options/UnsupportedGraphicsWarningScreen	85	81
	66	63
	67	64
	69	65
	70	66
	71	67
	75	71
	83	79
	84	80
	85	81
	31	30
	32	31
	33	32
	34	33
	35	34
	39	38
	44	43
	45	44
	47	47
	49	48
	50	49
	52	50
	53	51
	55	52
	57	53
	58	55
	59	56
	60	57
	62	59
net/minecraft/client/gui/font/FontSet	235	210
	130	120
	132	121
	135	124
	136	125
	137	129
	140	126
	141	127
	149	134
	151	136
	152	137
	153	138
	157	139
	158	140
	160	143
	161	144
	162	145
	164	148
	37	34
	169	153
	42	41
	170	153
	173	153
	177	157
	51	48
	181	161
	182	162
	56	53
	185	162
	187	162
	191	166
	69	62
	199	178
	200	179
	204	182
	205	183
	78	69
	79	70
	207	186
	82	73
	83	74
	84	75
	212	170
	87	78
	88	79
	89	80
	217	192
	90	81
	93	84
	94	85
	95	86
	97	87
	225	200
	98	88
	226	201
	99	89
	102	92
	230	205
	103	93
	104	95
	105	96
	106	97
	107	98
	235	210
	111	102
	112	103
	113	104
	114	105
	115	106
	116	107
	117	108
	118	109
	123	114
	125	115
net/minecraft/client/particle/BaseAshSmokeParticle	49	63
	10	27
	11	28
	12	29
	13	30
	15	31
	16	32
	17	33
	18	34
	19	35
	20	36
	21	37
	23	38
	24	39
	25	40
	26	41
	27	42
	29	43
	30	44
	31	45
	32	46
	33	47
	37	51
	42	56
	47	61
	48	62
	49	63
net/minecraft/client/gui/screens/CreateBuffetWorldScreen	126	115
	32	26
	47	38
	48	39
	49	40
	50	41
	52	42
	55	43
	56	44
	57	45
	61	49
	62	50
	66	54
	67	55
	68	56
	69	57
	70	58
	71	59
	72	60
	74	61
	76	62
	77	63
	78	64
	79	65
	80	66
	81	67
	83	68
	85	69
	86	70
	87	71
	91	75
	92	76
	93	77
	96	80
	97	81
	101	86
	102	92
	103	93
	106	96
	107	97
	108	98
	109	100
	110	101
	111	102
	112	103
	114	104
	115	105
	116	106
	120	109
	122	110
	123	111
	125	114
	126	115
net/minecraft/client/renderer/feature/phase/SimpleFeatureRenderPhase	149	152
	129	129
	130	130
	132	133
	133	134
	134	135
	137	139
	141	143
	142	144
	143	145
	144	146
	146	149
	147	150
	21	19
	149	152
	25	23
	26	24
	27	25
	29	28
	30	29
	31	30
	32	31
	34	34
	35	35
	39	39
	40	40
	41	41
	44	45
	45	46
	49	51
	50	53
	51	54
	53	56
	56	59
	57	60
	58	61
	59	62
	61	64
	66	69
	67	70
	68	71
	69	72
	71	74
	76	79
	77	80
	78	81
	79	82
	80	83
	82	85
	86	89
	90	93
	91	94
	92	95
	95	99
	104	108
	105	109
	109	112
	110	113
	113	116
	114	117
	115	118
	117	120
	119	122
	122	125
	123	125
	125	125
com/mojang/blaze3d/platform/Monitor	103	94
	65	55
	66	56
	72	62
	73	63
	77	67
	78	68
	80	70
	81	71
	82	72
	86	77
	26	21
	90	81
	27	22
	30	25
	94	85
	31	27
	32	28
	34	29
	98	89
	35	30
	36	31
	37	32
	38	33
	103	94
	40	36
	41	37
	42	38
	43	39
	44	40
	47	44
	48	45
	49	46
	50	47
	51	48
	52	49
	53	50
	56	52
	59	52
net/minecraft/client/gui/narration/NarrationSupplier	0	0
net/minecraft/client/model/animal/rabbit/package-info	0	0
net/minecraft/client/renderer/entity/OminousItemSpawnerRenderer	56	51
	34	31
	36	32
	37	33
	38	34
	42	39
	43	51
	46	40
	47	41
	48	42
	49	43
	52	46
	53	47
	54	48
	23	22
	55	49
	24	23
	56	51
	25	24
	29	27
com/mojang/realmsclient/client/RealmsClient	541	555
	512	497
	515	500
	517	501
	518	521
	519	522
	522	502
	524	503
	525	507
	526	508
	527	509
	528	510
	531	513
	532	514
	533	515
	535	518
	536	519
	539	504
	540	524
	541	525
	61	536
	62	537
	63	538
	70	545
	71	546
	72	547
	73	548
	76	551
	77	552
	78	553
	79	554
	80	555
	85	60
	86	61
	87	62
	88	63
	90	64
	92	65
	146	116
	147	117
	151	121
	152	122
	153	123
	154	124
	155	125
	157	128
	158	129
	159	130
	160	131
	162	134
	163	135
	164	136
	169	141
	170	142
	171	143
	173	144
	174	145
	175	146
	178	149
	182	153
	183	154
	185	157
	187	160
	188	161
	189	162
	190	162
	191	162
	192	163
	193	164
	194	165
	195	166
	196	167
	197	168
	199	171
	203	175
	204	176
	205	177
	207	180
	208	181
	212	185
	213	186
	214	187
	218	191
	219	192
	220	193
	224	197
	225	198
	226	199
	230	203
	231	205
	232	206
	233	207
	236	211
	240	215
	241	216
	242	217
	245	220
	246	221
	247	222
	250	225
	251	226
	252	227
	256	231
	257	232
	259	235
	260	236
	261	237
	264	240
	265	240
	266	240
	268	242
	269	243
	270	244
	274	248
	275	249
	276	250
	278	251
	282	256
	283	257
	284	258
	288	262
	289	263
	290	264
	294	268
	295	269
	296	270
	297	271
	298	272
	301	275
	302	276
	303	277
	307	281
	308	282
	312	285
	313	286
	314	287
	317	285
	321	292
	322	295
	323	296
	326	299
	327	300
	328	301
	331	304
	332	305
	334	306
	335	307
	336	308
	340	312
	341	313
	342	314
	346	326
	347	329
	348	330
	349	331
	350	332
	351	333
	352	334
	355	337
	356	338
	357	339
	358	340
	362	343
	363	344
	364	345
	368	349
	369	350
	370	351
	373	354
	374	357
	375	358
	379	362
	380	363
	381	364
	385	368
	386	369
	387	370
	391	374
	392	375
	393	376
	397	380
	398	381
	399	382
	403	386
	404	387
	405	388
	409	392
	410	393
	411	394
	412	395
	416	399
	417	400
	418	401
	423	405
	427	409
	428	410
	429	411
	430	412
	431	413
	435	417
	439	421
	440	422
	441	423
	444	426
	445	429
	446	430
	450	434
	451	435
	452	436
	453	437
	454	438
	456	441
	460	445
	461	446
	462	447
	465	450
	466	451
	467	452
	470	455
	471	456
	472	457
	476	461
	477	462
	478	463
	481	466
	482	467
	483	468
	487	472
	488	473
	489	474
	492	477
	496	481
	501	486
	502	487
	503	488
	508	493
	509	494
	510	495
	511	496
com/mojang/blaze3d/textures/AddressMode	0	0
net/minecraft/client/renderer/item/properties/package-info	0	0
net/minecraft/client/renderer/entity/layers/EquipmentLayerRenderer	91	118
	64	85
	66	89
	69	93
	70	94
	71	95
	72	96
	73	97
	75	101
	78	104
	79	105
	80	106
	81	107
	83	109
	91	118
	38	36
	39	37
	40	38
	41	39
	44	52
	45	53
	48	68
	49	69
	50	101
	52	70
	53	71
	55	72
	56	74
	57	75
	58	76
	61	77
	62	80
	63	84
net/minecraft/client/model/animal/nautilus/NautilusSaddleModel	31	30
	18	16
	19	17
	20	18
	21	19
	24	22
	25	23
	27	24
	29	25
	31	30
net/minecraft/client/model/monster/strider/BabyStriderModel	51	69
	32	26
	33	27
	35	28
	36	29
	38	30
	39	32
	40	34
	43	37
	44	38
	45	39
	46	44
	47	49
	48	54
	49	59
	50	64
	51	69
	24	21
	28	22
net/minecraft/client/renderer/item/properties/numeric/CompassAngleState	143	111
	64	58
	68	60
	69	60
	133	103
	70	61
	71	62
	73	65
	138	107
	75	67
	139	108
	78	70
	143	111
	82	74
	83	76
	22	19
	23	21
	87	80
	24	22
	88	81
	25	24
	89	82
	93	86
	97	90
	34	32
	36	33
	37	34
	101	94
	39	35
	40	36
	105	98
	44	40
	45	41
	47	42
	111	99
	48	43
	51	44
	118	100
	55	48
	56	49
	58	52
	59	53
	124	101
	63	57
net/minecraft/client/gui/screens/inventory/BookSignScreen	119	105
	24	20
	25	21
	26	22
	27	23
	41	33
	42	34
	43	35
	44	36
	45	37
	47	38
	48	39
	52	43
	53	44
	54	45
	55	46
	56	47
	58	48
	59	49
	60	50
	61	51
	62	52
	63	53
	64	54
	65	55
	67	56
	68	57
	69	58
	70	59
	71	60
	72	61
	76	65
	77	66
	80	69
	81	70
	82	71
	86	75
	91	80
	92	81
	93	82
	94	83
	96	85
	101	91
	103	92
	104	93
	106	94
	107	95
	109	96
	110	97
	112	98
	113	99
	117	103
	118	104
	119	105
net/minecraft/client/renderer/texture/OverlayTexture	63	54
	32	23
	33	24
	38	29
	39	30
	43	34
	44	35
	47	38
	16	12
	51	42
	21	13
	22	16
	55	46
	25	18
	26	19
	27	20
	59	50
	29	21
	63	54
net/minecraft/client/renderer/entity/layers/EnderEyesLayer	19	19
	19	19
	11	11
	14	14
	15	15
net/minecraft/client/renderer/fog/package-info	0	0
net/minecraft/client/gui/screens/friends/AddFriendWidget	274	234
	259	220
	260	221
	265	225
	269	229
	274	234
	35	29
	36	29
	38	30
	39	31
	40	32
	41	33
	42	34
	43	35
	69	50
	71	51
	74	54
	75	55
	76	56
	77	57
	78	58
	79	59
	81	61
	84	65
	85	66
	86	67
	87	68
	88	69
	89	70
	90	85
	92	72
	93	73
	94	74
	95	74
	100	75
	101	85
	103	77
	104	78
	105	78
	106	79
	107	80
	108	81
	109	82
	110	85
	111	85
	112	85
	113	85
	114	85
	115	85
	116	86
	118	87
	119	88
	120	89
	121	90
	122	91
	125	95
	126	95
	130	98
	132	99
	134	100
	135	101
	136	102
	137	103
	138	104
	140	105
	141	105
	143	106
	144	107
	145	108
	148	111
	149	112
	151	113
	152	114
	153	115
	155	117
	156	118
	158	121
	162	125
	163	126
	166	129
	167	130
	168	131
	170	132
	171	133
	173	134
	174	135
	176	137
	177	138
	179	139
	183	144
	184	145
	185	146
	188	150
	192	154
	194	156
	195	157
	196	158
	197	159
	198	160
	199	161
	201	163
	202	164
	203	165
	204	166
	205	167
	206	168
	207	169
	208	170
	210	172
	211	173
	212	174
	213	175
	214	176
	215	177
	217	179
	218	180
	219	181
	220	182
	221	183
	224	185
	227	188
	231	192
	235	196
	236	197
	240	201
	245	206
	246	207
	247	208
	248	209
	252	213
	253	214
	254	215
	255	216
net/minecraft/client/resources/metadata/texture/package-info	0	0
net/minecraft/client/gui/components/debug/DebugEntryCategory	8	7
	7	6
	8	7
com/mojang/realmsclient/util/task/ResettingWorldTask	62	63
	11	11
	19	17
	20	18
	21	19
	22	20
	28	26
	29	27
	31	31
	32	32
	35	35
	37	36
	38	37
	41	40
	43	41
	44	42
	45	43
	46	44
	48	47
	49	49
	50	50
	51	51
	53	54
	54	55
	55	56
	56	48
	58	59
	62	63
net/minecraft/client/resources/model/cuboid/CuboidFace	109	82
	65	31
	67	32
	68	33
	69	34
	71	35
	72	36
	74	37
	78	41
	82	45
	86	49
	87	50
	27	19
	91	54
	92	55
	31	23
	96	59
	97	60
	100	63
	101	64
	102	65
	105	68
	106	69
	107	70
	108	71
	109	72
	50	78
	55	82
net/minecraft/client/renderer/entity/RabbitRenderer	65	78
	64	77
	65	78
	15	15
	16	16
	18	18
	19	20
	20	22
	21	24
	22	26
	23	28
	24	30
	25	32
	28	36
	29	38
	30	40
	31	42
	32	44
	33	46
	34	48
	35	50
	39	55
	40	56
	44	59
	45	60
	48	63
	49	64
	54	68
	59	72
	60	73
	61	74
	62	75
	63	76
net/minecraft/client/gui/components/debug/DebugScreenEntryList	193	197
	128	130
	134	135
	138	139
	139	140
	142	143
	143	144
	144	145
	146	147
	149	150
	153	154
	155	155
	156	156
	157	157
	158	158
	31	30
	159	159
	160	160
	163	163
	165	164
	166	165
	167	166
	170	169
	44	41
	45	42
	46	43
	174	173
	47	44
	178	178
	51	48
	52	49
	180	183
	53	50
	181	185
	54	51
	182	186
	56	55
	184	188
	57	59
	58	60
	59	61
	187	191
	61	63
	189	192
	62	64
	190	194
	191	195
	64	66
	65	67
	193	197
	66	68
	67	69
	69	72
	70	73
	73	76
	74	77
	75	78
	78	81
	79	82
	80	83
	83	86
	84	87
	85	88
	88	91
	92	95
	96	99
	97	100
	98	101
	99	102
	100	103
	103	106
	104	107
	106	109
	107	110
	110	112
	111	113
	112	114
	114	117
	115	118
	119	120
	120	121
	122	123
	124	126
	127	129
net/minecraft/client/PreferredGraphicsApi	41	35
	32	29
	36	33
	37	34
	38	35
	39	35
	41	35
	11	11
	12	12
	13	13
	16	15
	22	20
	23	21
	24	22
	27	25
net/minecraft/client/renderer/entity/CopperGolemRenderer	73	76
	65	68
	66	69
	67	70
	68	71
	69	72
	71	74
	73	76
	26	25
	31	29
	32	30
	33	35
	34	41
	35	42
	36	43
	37	44
	41	47
	45	51
	50	55
	55	59
	56	60
	57	61
	58	62
	59	63
	60	64
	61	65
	62	66
	63	67
com/mojang/blaze3d/platform/MessageBox	35	24
	32	21
	35	24
	25	20
net/minecraft/client/gui/screens/friends/FriendEntry	119	115
	24	20
	26	21
	27	22
	28	23
	29	24
	37	37
	38	38
	39	39
	40	40
	41	41
	42	41
	44	42
	45	43
	46	44
	47	45
	48	46
	49	47
	50	48
	51	49
	53	52
	54	53
	57	56
	58	60
	61	57
	62	58
	67	65
	68	66
	69	67
	72	70
	73	72
	74	73
	75	74
	76	75
	77	76
	78	77
	79	78
	86	84
	87	85
	91	89
	96	94
	97	95
	98	96
	99	97
	100	98
	101	99
	102	100
	103	101
	104	102
	105	103
	106	104
	109	109
	110	109
	111	109
	112	110
	113	111
	114	112
	115	113
	116	114
	117	114
	118	114
	119	115
net/minecraft/client/renderer/block/dispatch/multipart/KeyValueCondition	178	153
	128	128
	129	129
	130	130
	131	131
	132	132
	135	135
	136	136
	137	137
	143	143
	144	144
	145	145
	148	147
	152	152
	153	153
	26	23
	154	153
	28	24
	156	153
	31	25
	162	49
	163	50
	165	52
	38	29
	39	30
	40	31
	170	55
	171	55
	44	37
	45	38
	173	55
	46	39
	49	41
	178	60
	54	66
	55	67
	58	74
	59	75
	61	77
	65	68
	68	69
	69	69
	70	69
	73	70
	74	71
	77	80
	78	81
	79	82
	81	85
	82	86
	83	87
	86	91
	91	96
	95	100
	97	101
	98	102
	100	103
	101	104
	103	105
	105	106
	106	107
	109	110
	110	111
	111	112
	112	113
	118	118
	119	119
	120	120
	122	122
	123	123
	124	124
	125	125
net/minecraft/client/renderer/entity/SulfurCubeRenderer	97	84
	64	56
	65	57
	66	58
	70	61
	75	65
	80	69
	82	70
	83	71
	84	72
	85	73
	86	74
	23	23
	87	75
	24	24
	89	77
	26	25
	93	80
	94	81
	95	82
	96	83
	33	31
	97	84
	34	32
	36	33
	37	34
	38	35
	40	36
	41	37
	45	40
	46	41
	47	42
	51	45
	52	46
	54	47
	55	48
	56	49
	57	50
	60	53
	61	54
	62	55
net/minecraft/client/model/animal/dolphin/DolphinModel	92	70
	16	15
	23	21
	24	22
	25	23
	26	24
	27	25
	30	28
	31	29
	33	30
	34	31
	36	32
	37	33
	38	33
	39	33
	41	35
	42	36
	43	36
	44	36
	46	38
	47	40
	48	40
	49	41
	51	43
	52	45
	53	45
	54	46
	56	48
	57	50
	58	50
	59	51
	61	53
	62	53
	63	53
	64	53
	66	54
	67	55
	68	55
	69	55
	71	57
	72	57
	73	57
	77	58
	82	62
	84	63
	85	64
	87	65
	88	66
	89	67
	90	68
	92	70
com/mojang/blaze3d/shaders/package-info	0	0
net/minecraft/client/renderer/GameRenderer	728	708
	513	494
	516	497
	517	498
	520	501
	521	502
	522	503
	524	504
	525	505
	526	506
	527	507
	528	508
	529	509
	530	510
	532	512
	533	513
	534	514
	538	519
	542	523
	543	524
	544	525
	546	526
	547	527
	549	528
	551	529
	552	530
	554	531
	555	532
	557	533
	558	534
	559	535
	560	536
	562	539
	564	540
	565	541
	566	542
	567	543
	568	544
	569	545
	570	546
	572	547
	573	548
	574	549
	575	550
	576	551
	579	554
	581	555
	582	556
	583	557
	585	558
	586	559
	588	560
	590	563
	591	564
	592	565
	593	567
	594	568
	596	569
	598	570
	599	571
	600	579
	601	580
	90	89
	602	581
	604	582
	605	583
	94	91
	607	585
	610	588
	611	589
	612	590
	613	591
	614	592
	615	593
	616	594
	617	595
	620	598
	621	599
	622	600
	623	601
	624	602
	625	603
	626	604
	627	605
	628	606
	629	607
	630	608
	631	609
	632	610
	633	611
	634	612
	635	613
	636	614
	637	615
	638	616
	639	617
	640	618
	641	619
	642	620
	643	621
	646	624
	647	625
	648	626
	649	627
	650	631
	653	634
	654	635
	655	636
	656	637
	657	638
	660	641
	149	131
	661	642
	150	132
	151	133
	664	645
	153	136
	154	137
	155	138
	156	141
	668	649
	157	143
	159	146
	160	147
	672	653
	161	151
	162	152
	676	657
	168	159
	680	661
	169	160
	170	161
	171	162
	684	665
	175	166
	176	167
	177	168
	689	669
	178	169
	179	170
	691	670
	180	171
	692	671
	181	172
	182	173
	694	672
	183	174
	695	673
	184	175
	185	176
	186	177
	187	178
	188	179
	700	677
	189	180
	701	678
	702	679
	703	682
	192	183
	704	683
	706	686
	707	687
	196	187
	200	191
	712	691
	204	195
	716	695
	205	196
	717	696
	719	699
	208	199
	720	700
	209	200
	210	201
	723	703
	213	204
	214	205
	727	707
	728	708
	217	208
	218	209
	219	212
	220	215
	221	220
	223	222
	226	225
	227	226
	228	227
	231	230
	232	231
	233	232
	235	234
	238	237
	239	238
	240	239
	241	241
	242	242
	243	243
	244	244
	245	245
	248	248
	249	249
	250	250
	251	251
	253	253
	256	256
	258	257
	259	258
	260	259
	262	262
	263	263
	265	264
	266	265
	267	266
	268	269
	269	270
	271	267
	274	273
	275	286
	278	274
	279	275
	280	276
	281	277
	282	278
	284	280
	285	281
	288	284
	289	286
	292	289
	296	293
	298	294
	299	295
	300	296
	303	299
	305	300
	307	301
	308	302
	310	303
	313	306
	314	307
	316	310
	317	311
	319	312
	321	313
	322	314
	323	315
	324	316
	326	318
	329	321
	330	332
	333	322
	334	323
	335	324
	336	329
	337	330
	338	332
	341	335
	342	363
	344	336
	345	363
	348	340
	349	341
	350	342
	351	343
	352	344
	354	345
	355	346
	356	347
	359	350
	360	358
	362	359
	363	360
	364	363
	367	366
	368	367
	369	367
	371	367
	376	371
	377	372
	378	373
	379	374
	380	375
	383	378
	384	379
	386	380
	388	381
	390	382
	392	383
	393	384
	395	385
	396	386
	398	387
	401	390
	403	391
	404	392
	407	395
	409	396
	411	397
	412	398
	413	399
	416	402
	418	407
	419	408
	421	409
	423	420
	424	421
	426	422
	428	423
	430	424
	432	425
	434	426
	435	427
	436	428
	437	429
	440	433
	442	436
	444	437
	446	438
	447	439
	449	440
	450	441
	451	442
	452	443
	453	444
	455	445
	457	446
	459	447
	460	448
	463	451
	464	467
	467	452
	468	453
	469	467
	471	454
	473	455
	474	456
	475	467
	478	457
	479	458
	480	459
	483	461
	485	463
	486	467
	489	470
	490	471
	491	472
	492	473
	493	474
	494	475
	495	476
	496	477
	497	478
	499	480
	500	481
	503	484
	504	485
	505	486
	506	487
	507	488
	509	490
	511	492
net/minecraft/client/model/monster/skeleton/SkeletonModel	120	116
	20	19
	21	20
	24	23
	25	24
	27	25
	28	26
	32	30
	33	31
	34	31
	35	31
	37	33
	38	34
	39	34
	40	34
	42	36
	43	37
	44	37
	45	37
	47	39
	48	40
	49	40
	50	40
	52	42
	55	45
	56	46
	57	47
	58	50
	59	52
	60	54
	61	56
	63	58
	64	61
	65	63
	66	65
	67	67
	68	68
	69	70
	70	70
	71	71
	73	73
	74	75
	75	75
	76	76
	78	78
	79	80
	80	80
	81	81
	83	83
	84	85
	85	85
	86	86
	88	88
	93	92
	95	93
	96	94
	97	95
	98	96
	99	97
	100	98
	101	99
	102	100
	103	101
	104	102
	105	103
	106	104
	108	105
	110	107
	114	110
	115	111
	116	112
	117	113
	118	114
	119	115
	120	116
net/minecraft/client/model/EntityModel	20	19
	16	15
	19	18
	20	19
	15	14
net/minecraft/client/gui/screens/worldselection/OptimizeWorldScreen	143	163
	129	149
	130	151
	131	152
	132	153
	133	154
	136	157
	138	158
	139	159
	140	160
	141	161
	143	163
	35	34
	37	35
	38	37
	39	38
	40	39
	41	40
	42	41
	49	50
	50	51
	52	52
	53	53
	54	54
	55	55
	57	58
	58	67
	59	63
	60	64
	61	65
	62	83
	63	79
	64	84
	65	85
	66	86
	71	98
	72	99
	73	100
	74	101
	78	105
	80	106
	81	107
	82	108
	83	109
	84	110
	88	114
	89	115
	91	117
	95	121
	100	126
	101	127
	105	131
	106	132
	107	133
	111	137
	113	138
	115	139
	116	140
	117	141
	118	142
	120	143
	122	144
	123	145
	125	146
	126	147
	127	148
net/minecraft/client/model/animal/chicken/package-info	0	0
net/minecraft/client/renderer/entity/ZombieVillagerRenderer	59	59
	32	35
	34	37
	35	38
	37	41
	41	44
	14	13
	46	48
	15	14
	18	17
	51	52
	20	19
	52	53
	21	20
	53	54
	54	55
	55	56
	26	24
	27	27
	59	59
	28	28
	29	29
	31	32
net/minecraft/client/resources/server/ServerPackManager	403	382
	256	176
	259	179
	261	180
	262	181
	263	182
	264	183
	266	185
	272	191
	273	192
	274	193
	275	194
	276	195
	278	196
	279	197
	283	202
	284	203
	290	206
	291	207
	292	209
	293	210
	297	211
	298	212
	301	215
	302	216
	303	217
	307	222
	52	36
	308	223
	53	37
	309	225
	54	38
	310	226
	55	39
	56	40
	312	229
	57	41
	314	232
	60	44
	61	45
	318	236
	319	237
	320	238
	322	240
	323	241
	325	242
	328	245
	329	246
	330	247
	331	248
	76	345
	77	346
	334	251
	78	347
	335	252
	79	348
	336	253
	80	349
	337	254
	81	350
	340	256
	87	355
	88	356
	345	261
	346	262
	347	263
	348	264
	352	268
	353	269
	356	272
	359	275
	360	276
	361	277
	362	278
	108	370
	365	282
	109	371
	366	283
	110	372
	111	373
	368	286
	369	287
	114	376
	115	377
	373	291
	117	379
	375	292
	376	294
	120	382
	377	295
	378	304
	380	300
	381	301
	126	48
	382	302
	127	49
	383	297
	128	50
	386	308
	131	53
	389	310
	134	56
	390	311
	135	57
	391	312
	136	61
	139	59
	395	316
	140	61
	143	64
	399	320
	144	65
	145	79
	403	324
	150	69
	151	70
	152	71
	155	74
	156	75
	157	76
	158	77
	159	79
	163	82
	165	83
	167	84
	168	85
	171	88
	172	89
	175	92
	176	93
	177	94
	180	97
	181	98
	182	99
	185	103
	189	107
	190	108
	191	109
	192	110
	194	112
	197	115
	198	116
	200	119
	201	120
	204	123
	206	125
	207	126
	208	127
	212	131
	213	132
	216	135
	217	137
	218	138
	219	139
	222	143
	223	144
	226	147
	228	148
	231	151
	232	152
	233	153
	236	156
	237	157
	240	160
	241	161
	244	162
	247	165
	248	166
	249	167
	250	168
	252	171
	254	173
net/minecraft/client/animation/definitions/CamelBabyAnimation	673	1007
	10	9
	11	11
	12	15
	13	16
	14	17
	16	20
	17	24
	18	25
	19	26
	20	27
	21	28
	23	31
	24	35
	25	36
	27	39
	28	43
	29	44
	30	45
	32	48
	33	52
	34	53
	35	54
	36	55
	38	58
	39	62
	40	63
	41	64
	43	67
	44	71
	45	72
	46	73
	47	74
	49	77
	50	81
	51	82
	52	83
	53	84
	54	85
	56	88
	57	92
	58	93
	59	94
	60	95
	62	98
	63	102
	64	103
	65	104
	66	105
	67	106
	69	109
	70	113
	71	114
	72	115
	73	116
	74	117
	76	120
	77	124
	78	125
	79	126
	80	127
	81	128
	83	131
	84	135
	85	136
	86	137
	87	138
	88	139
	90	142
	91	146
	92	147
	93	148
	95	151
	96	155
	97	156
	99	159
	101	160
	102	162
	103	166
	104	167
	105	168
	106	169
	107	170
	108	171
	109	172
	111	175
	112	179
	113	180
	114	181
	115	182
	116	183
	117	184
	118	185
	119	186
	120	187
	122	190
	123	194
	124	195
	125	196
	126	197
	127	198
	128	199
	129	200
	130	201
	131	202
	132	203
	133	204
	134	205
	136	208
	137	212
	138	213
	139	214
	140	215
	141	216
	142	217
	143	218
	144	219
	145	220
	146	221
	147	222
	148	223
	149	224
	150	225
	151	226
	153	229
	154	233
	155	234
	156	235
	157	236
	158	237
	159	238
	160	239
	161	240
	162	241
	163	242
	164	243
	165	244
	166	245
	168	248
	169	252
	170	253
	171	254
	172	255
	173	256
	174	257
	175	258
	176	259
	177	260
	178	261
	179	262
	180	263
	181	264
	182	265
	184	268
	185	272
	186	273
	187	274
	188	275
	189	276
	190	277
	191	278
	192	279
	193	280
	194	281
	195	282
	196	283
	197	284
	198	285
	200	288
	201	292
	202	293
	203	294
	204	295
	205	296
	206	297
	207	298
	208	299
	209	300
	210	301
	211	302
	212	303
	213	304
	214	305
	216	308
	217	312
	218	313
	219	314
	220	315
	221	316
	222	317
	223	318
	224	319
	225	320
	226	321
	227	322
	228	323
	229	324
	231	327
	232	331
	233	332
	234	333
	235	334
	236	335
	237	336
	238	337
	239	338
	240	339
	241	340
	242	341
	243	342
	244	343
	245	344
	247	347
	248	351
	249	352
	250	353
	251	354
	252	355
	253	356
	254	357
	256	360
	257	364
	258	365
	259	366
	260	367
	261	368
	263	371
	264	375
	265	376
	266	377
	267	378
	268	379
	269	380
	270	381
	271	382
	272	383
	273	384
	274	385
	275	386
	276	387
	277	388
	279	391
	280	395
	281	396
	282	397
	283	398
	284	399
	285	400
	286	401
	287	402
	289	405
	290	409
	291	410
	292	411
	293	412
	294	413
	295	414
	296	415
	297	416
	298	417
	299	418
	301	421
	302	425
	303	426
	304	427
	305	428
	307	431
	308	435
	309	436
	310	437
	311	438
	312	439
	313	440
	314	441
	315	442
	316	443
	317	444
	319	447
	320	451
	321	452
	322	453
	323	454
	325	457
	327	458
	328	460
	329	464
	330	465
	332	468
	333	471
	335	474
	336	478
	337	479
	338	480
	339	481
	340	482
	342	485
	343	489
	344	490
	345	491
	346	492
	347	493
	349	496
	350	500
	351	501
	353	504
	354	508
	355	509
	356	510
	357	511
	358	512
	360	515
	361	518
	363	521
	364	525
	365	526
	366	527
	367	528
	368	529
	370	532
	371	535
	373	538
	374	542
	375	543
	376	544
	377	545
	378	546
	380	549
	381	552
	383	555
	384	559
	385	560
	386	561
	387	562
	388	563
	390	566
	391	569
	393	572
	394	576
	395	577
	397	580
	398	584
	399	585
	401	588
	403	589
	404	591
	405	595
	406	596
	407	597
	408	598
	410	601
	411	605
	412	606
	413	607
	415	610
	416	614
	417	615
	418	616
	419	617
	420	618
	421	619
	422	620
	424	623
	425	627
	426	628
	427	629
	428	630
	429	631
	430	632
	431	633
	433	636
	434	639
	436	642
	438	643
	439	645
	440	649
	441	650
	442	651
	443	652
	444	653
	445	654
	446	655
	447	656
	448	657
	449	658
	451	661
	452	665
	453	666
	454	667
	455	668
	456	669
	457	670
	458	671
	459	672
	460	673
	461	674
	462	675
	464	678
	465	682
	466	683
	467	684
	468	685
	469	686
	470	687
	471	688
	472	689
	473	690
	475	693
	476	697
	477	698
	478	699
	479	700
	480	701
	481	702
	482	703
	483	704
	484	705
	485	706
	486	707
	488	710
	489	714
	490	715
	491	716
	492	717
	493	718
	494	719
	495	720
	496	721
	497	722
	499	725
	500	729
	501	730
	502	731
	503	732
	504	733
	505	734
	506	735
	507	736
	508	737
	509	738
	510	739
	512	742
	513	746
	514	747
	515	748
	516	749
	517	750
	518	751
	519	752
	520	753
	522	756
	523	760
	524	761
	525	762
	526	763
	527	764
	528	765
	529	766
	531	769
	532	773
	533	774
	534	775
	535	776
	536	777
	537	778
	538	779
	539	780
	541	783
	542	787
	543	788
	544	789
	545	790
	546	791
	547	792
	548	793
	549	794
	551	797
	552	801
	553	802
	554	803
	555	804
	556	805
	557	806
	558	807
	559	808
	560	809
	561	810
	563	813
	564	817
	565	818
	566	819
	567	820
	568	821
	569	822
	570	823
	572	826
	573	830
	574	831
	575	832
	576	833
	577	834
	578	835
	579	836
	581	839
	582	843
	583	844
	584	845
	586	848
	587	852
	588	853
	589	854
	590	855
	591	856
	592	857
	593	858
	595	861
	596	864
	598	867
	599	871
	600	872
	601	873
	602	874
	603	875
	604	876
	605	877
	607	880
	608	883
	610	886
	612	887
	613	889
	614	892
	616	895
	617	898
	619	901
	620	904
	622	907
	623	910
	625	913
	626	916
	628	919
	629	922
	631	925
	632	928
	634	931
	635	934
	637	937
	638	940
	640	943
	641	946
	643	949
	644	952
	646	955
	647	958
	649	961
	650	964
	652	967
	653	970
	655	973
	656	976
	658	979
	659	982
	661	985
	662	988
	664	991
	665	994
	667	997
	668	1000
	670	1003
	671	1005
	673	1007
net/minecraft/client/renderer/blockentity/state/BellRenderState	0	0
net/minecraft/client/renderer/entity/GlowSquidRenderer	30	25
	16	15
	17	16
	21	20
	26	24
	27	25
	12	11
	28	25
	13	12
	30	25
net/minecraft/client/renderer/entity/layers/ArrowLayer	19	25
	19	25
	14	15
	15	21
net/minecraft/client/renderer/block/BlockModelSet	39	34
	32	28
	37	32
	38	33
	39	34
	25	22
	26	23
	27	24
	28	25
net/minecraft/client/renderer/entity/state/CopperGolemRenderState	10	10
	9	9
	10	10
net/minecraft/client/model/animal/turtle/TurtleModel	44	38
	32	26
	33	27
	34	28
	35	29
	37	31
	38	32
	39	33
	40	34
	41	35
	42	36
	44	38
	15	13
	16	14
	20	17
	22	18
	23	19
	25	20
	26	21
	27	22
	28	23
	29	24
	30	25
net/minecraft/client/renderer/debug/WaterDebugRenderer	57	52
	32	33
	33	34
	35	35
	36	36
	37	36
	38	36
	39	36
	41	36
	42	37
	46	42
	47	43
	48	44
	49	45
	50	47
	52	47
	22	21
	54	48
	23	22
	57	52
	27	28
	28	29
	30	31
	31	32
net/minecraft/client/TextureFilteringMethod	27	25
	16	15
	22	20
	23	21
	24	22
	10	10
	11	11
	27	25
	12	12
	15	14
net/minecraft/client/gui/components/debugchart/ProfilerPieChart	166	150
	128	111
	131	114
	132	115
	134	119
	135	120
	137	123
	141	127
	142	150
	144	128
	145	129
	146	150
	21	17
	149	130
	150	131
	151	132
	152	133
	153	134
	154	135
	158	139
	159	140
	32	27
	160	141
	33	28
	161	142
	163	145
	36	31
	37	32
	166	150
	40	35
	41	36
	44	39
	45	92
	48	40
	49	41
	51	42
	52	43
	53	44
	55	45
	56	46
	57	47
	58	48
	59	49
	61	50
	62	51
	63	52
	64	53
	66	54
	67	55
	69	56
	71	57
	73	58
	75	59
	76	60
	77	61
	79	64
	81	65
	82	66
	84	68
	85	69
	88	72
	90	74
	91	75
	92	76
	93	77
	94	78
	96	80
	99	83
	100	84
	101	85
	102	86
	103	87
	104	88
	105	89
	107	92
	110	95
	112	96
	114	97
	115	98
	116	100
	117	101
	118	102
	119	103
	120	104
	121	105
	122	106
	123	107
	124	108
	127	110
net/minecraft/client/tutorial/CompletedTutorialStepInstance	5	5
	5	5
net/minecraft/client/gui/screens/recipebook/RecipeCollection	81	70
	67	57
	68	58
	70	59
	71	60
	74	62
	75	64
	76	65
	77	66
	16	14
	81	70
	25	20
	26	21
	29	24
	30	25
	31	26
	32	27
	34	29
	36	32
	37	33
	39	35
	42	38
	45	41
	49	45
	53	49
	57	53
net/minecraft/client/gui/screens/package-info	0	0
com/mojang/blaze3d/audio/ListenerTransform	9	9
	6	6
	9	9
com/mojang/blaze3d/vertex/TlsfAllocator	385	348
	257	151
	260	154
	261	155
	264	158
	265	159
	266	160
	268	161
	269	162
	270	163
	272	164
	273	165
	274	166
	275	167
	278	169
	282	174
	283	175
	27	272
	284	176
	28	273
	285	177
	29	274
	287	178
	288	179
	32	277
	290	180
	291	181
	292	182
	36	281
	293	183
	296	186
	40	285
	297	187
	298	188
	300	189
	44	289
	301	190
	302	191
	303	192
	305	194
	308	197
	309	198
	310	199
	311	200
	313	201
	314	202
	316	203
	317	204
	318	205
	319	206
	64	312
	65	313
	322	209
	66	314
	323	210
	67	315
	68	316
	325	211
	69	317
	326	212
	70	318
	327	213
	71	319
	328	214
	330	216
	74	322
	333	219
	334	220
	78	326
	335	221
	79	327
	337	222
	338	223
	82	330
	83	331
	340	224
	341	225
	86	334
	343	227
	90	338
	91	339
	92	340
	349	230
	350	231
	351	232
	352	233
	353	234
	354	235
	355	236
	99	347
	100	348
	359	240
	365	245
	110	21
	366	246
	367	247
	368	249
	113	24
	369	250
	114	25
	370	251
	115	26
	371	253
	116	27
	372	253
	373	254
	118	28
	374	255
	119	29
	375	253
	120	30
	121	31
	122	32
	378	258
	123	33
	126	36
	382	262
	384	263
	385	264
	130	40
	131	41
	134	44
	138	48
	142	52
	146	56
	150	60
	151	61
	152	62
	153	63
	155	65
	156	66
	157	67
	158	68
	163	73
	164	74
	165	75
	166	76
	169	79
	173	83
	175	84
	176	85
	177	86
	179	89
	181	90
	182	91
	183	92
	184	93
	187	96
	188	97
	190	98
	191	99
	193	102
	194	103
	197	106
	198	107
	199	108
	201	109
	202	110
	203	111
	207	115
	210	118
	211	119
	212	120
	213	121
	215	122
	216	123
	217	124
	218	125
	221	128
	222	129
	224	130
	225	131
	227	133
	231	136
	234	137
	236	138
	237	139
	239	140
	240	141
	241	142
	245	143
	246	144
	247	145
	249	146
	250	147
	251	148
	254	149
	255	150
net/minecraft/client/gui/components/spectator/package-info	0	0
net/minecraft/client/data/models/WaypointStyleProvider	62	67
	32	35
	33	36
	36	40
	39	45
	40	46
	41	47
	42	48
	43	49
	44	50
	47	54
	51	57
	52	58
	53	59
	22	23
	54	60
	23	24
	56	62
	57	63
	26	27
	29	32
	30	33
	62	67
	31	34
net/minecraft/client/gui/screens/inventory/MerchantScreen	356	321
	257	226
	260	231
	261	232
	262	233
	264	235
	265	236
	267	237
	269	239
	272	242
	277	247
	22	22
	278	248
	23	23
	24	24
	25	25
	281	251
	26	26
	282	252
	27	27
	283	253
	28	28
	284	254
	29	29
	30	30
	286	257
	31	31
	291	262
	293	263
	294	264
	295	265
	296	266
	298	267
	299	268
	301	269
	303	270
	305	272
	310	278
	55	50
	311	279
	56	51
	313	280
	314	280
	315	280
	317	281
	319	284
	64	58
	65	59
	66	60
	324	289
	69	63
	325	290
	70	64
	71	65
	72	66
	76	70
	332	297
	333	298
	78	71
	334	299
	79	72
	335	300
	81	73
	82	75
	338	303
	83	76
	84	77
	85	78
	86	79
	342	307
	343	308
	88	81
	344	309
	345	310
	90	82
	346	311
	347	312
	92	84
	348	313
	349	314
	351	316
	96	88
	352	317
	97	89
	353	318
	98	90
	99	91
	100	92
	356	321
	101	93
	103	95
	105	98
	107	99
	108	100
	109	101
	113	105
	114	106
	115	107
	117	108
	119	109
	120	110
	121	111
	122	112
	123	113
	126	116
	127	117
	128	118
	131	121
	134	124
	135	125
	137	126
	138	141
	142	127
	144	128
	145	129
	146	141
	149	130
	150	131
	151	132
	154	133
	155	134
	156	135
	157	136
	158	137
	160	141
	163	144
	164	145
	165	146
	166	147
	167	148
	168	149
	169	150
	171	151
	173	154
	174	155
	175	156
	176	157
	177	158
	181	161
	183	163
	187	167
	189	168
	190	169
	191	170
	192	171
	194	172
	195	173
	197	174
	199	175
	200	177
	201	178
	202	196
	206	179
	207	180
	208	181
	209	182
	211	183
	213	184
	215	185
	216	186
	217	187
	220	190
	222	191
	223	192
	225	193
	226	194
	229	200
	230	201
	232	202
	233	203
	236	206
	237	207
	240	210
	241	211
	242	212
	244	215
	247	218
	250	221
	252	222
	255	224
net/minecraft/client/particle/FlyTowardsPositionParticle	146	175
	130	149
	131	149
	139	157
	140	158
	144	172
	145	174
	146	175
	20	21
	21	22
	24	36
	25	37
	26	38
	27	39
	29	40
	30	41
	31	42
	32	43
	33	44
	34	45
	35	46
	36	47
	37	48
	38	49
	39	50
	40	51
	42	52
	44	53
	45	54
	46	55
	47	56
	49	57
	51	58
	52	59
	56	63
	57	63
	59	63
	64	68
	65	69
	66	70
	70	74
	71	75
	73	78
	74	79
	75	80
	76	81
	81	86
	82	87
	83	88
	85	89
	86	90
	87	101
	90	92
	91	93
	93	94
	94	95
	95	96
	96	97
	97	98
	98	99
	99	101
	103	105
	104	106
	105	107
	111	113
	112	114
	116	127
	117	127
	125	135
	126	136
net/minecraft/client/renderer/rendertype/LayeringTransform	35	30
	16	22
	33	16
	34	16
	35	17
	20	26
	24	30
	27	11
	29	13
	30	13
	14	20
	31	14
	15	21
net/minecraft/client/renderer/blockentity/BannerRenderer	171	248
	129	175
	130	176
	131	177
	132	178
	133	179
	136	195
	138	207
	139	208
	140	209
	141	210
	143	212
	146	226
	147	227
	148	230
	151	233
	152	234
	153	235
	154	236
	155	237
	158	240
	160	240
	167	244
	171	248
	44	44
	45	45
	47	47
	61	56
	62	57
	65	60
	66	61
	69	64
	70	65
	71	66
	72	67
	73	68
	74	69
	78	72
	83	82
	84	83
	85	84
	87	85
	88	86
	89	87
	90	88
	92	90
	93	91
	96	94
	97	95
	99	96
	100	97
	103	100
	104	101
	105	102
	110	108
	111	109
	112	110
	118	116
	119	117
	120	119
	121	132
	122	133
	125	146
	126	159
net/minecraft/client/telemetry/TelemetryEventSender	13	13
	10	10
	11	11
	12	12
	13	13
net/minecraft/client/model/animal/allay/AllayModel	113	124
	33	31
	40	32
	43	35
	44	36
	46	37
	47	38
	48	41
	49	46
	50	50
	51	55
	52	60
	53	65
	55	70
	60	74
	62	75
	63	76
	64	77
	65	78
	66	79
	67	80
	68	81
	69	82
	71	83
	72	84
	73	85
	74	86
	75	87
	76	88
	77	89
	78	90
	79	91
	80	92
	82	94
	83	95
	86	98
	87	99
	88	100
	89	101
	90	102
	91	103
	92	104
	93	105
	94	106
	95	107
	96	108
	97	109
	98	110
	99	111
	100	112
	101	113
	105	116
	106	117
	107	118
	108	119
	109	120
	110	121
	111	122
	112	123
	113	124
net/minecraft/client/gui/screens/inventory/BrewingStandScreen	55	52
	15	12
	16	13
	17	14
	18	15
	19	16
	22	19
	23	20
	27	24
	28	25
	29	26
	33	30
	34	31
	35	32
	36	33
	37	34
	38	35
	39	36
	40	37
	43	40
	44	41
	45	42
	46	43
	47	44
	50	47
	51	48
	52	49
	55	52
net/minecraft/client/sounds/package-info	0	0
net/minecraft/client/renderer/entity/TippableArrowRenderer	29	26
	17	16
	22	20
	8	8
	9	9
	27	24
	12	12
	28	25
	13	13
	29	26
net/minecraft/client/renderer/texture/TextureAtlasSprite	122	127
	66	65
	70	69
	71	70
	75	74
	79	78
	83	82
	84	83
	88	87
	29	29
	93	92
	30	30
	31	31
	32	32
	33	33
	97	96
	98	97
	35	34
	36	35
	37	36
	101	100
	38	37
	39	38
	105	104
	42	41
	109	110
	46	45
	110	111
	111	112
	112	115
	113	118
	50	49
	114	119
	115	120
	117	122
	54	53
	121	126
	58	57
	122	127
	62	61
com/mojang/blaze3d/systems/GpuQuery	0	0
com/mojang/blaze3d/platform/cursor/CursorTypes	13	11
	6	4
	7	5
	8	6
	9	7
	10	8
	11	9
	12	10
	13	11
net/minecraft/client/renderer/entity/layers/package-info	0	0
net/minecraft/client/gui/screens/options/VideoSettingsScreen	309	297
	256	240
	257	241
	258	242
	261	247
	263	249
	268	255
	269	256
	270	257
	271	258
	272	259
	273	260
	274	261
	275	262
	276	263
	277	264
	278	265
	279	266
	280	267
	284	272
	30	28
	286	274
	32	29
	33	31
	34	33
	35	34
	291	279
	36	35
	292	280
	37	36
	293	281
	38	37
	294	282
	39	38
	295	283
	40	39
	298	286
	43	48
	44	49
	45	50
	301	289
	302	290
	47	51
	303	291
	48	52
	304	292
	305	293
	50	53
	306	294
	51	54
	53	55
	309	297
	54	56
	56	57
	57	58
	59	59
	60	60
	62	61
	63	62
	65	63
	66	64
	68	65
	73	70
	74	71
	75	72
	77	73
	78	74
	80	75
	81	76
	82	77
	84	78
	89	83
	90	83
	91	83
	93	83
	94	83
	106	87
	107	88
	109	89
	110	90
	112	91
	115	94
	116	95
	117	96
	118	97
	122	101
	124	102
	125	103
	127	105
	128	106
	130	108
	131	109
	134	113
	136	114
	138	116
	139	117
	141	120
	142	121
	145	124
	146	126
	148	133
	149	134
	151	136
	152	139
	154	137
	155	139
	158	141
	159	142
	160	143
	162	144
	163	145
	164	146
	166	147
	167	148
	168	149
	172	153
	173	154
	174	155
	177	156
	178	157
	180	160
	181	161
	185	165
	186	166
	188	169
	189	170
	190	171
	191	172
	192	173
	193	174
	195	177
	196	178
	197	179
	198	180
	199	181
	201	184
	202	185
	206	189
	207	190
	208	191
	212	195
	213	198
	214	199
	216	202
	217	203
	221	207
	222	208
	224	209
	226	210
	227	211
	228	212
	229	213
	232	216
	233	217
	234	218
	235	219
	238	222
	239	223
	240	224
	241	225
	244	228
	246	233
	247	234
	249	235
	250	236
	251	237
	254	238
	255	239
com/mojang/realmsclient/client/worldupload/RealmsUploadException	12	12
	8	8
	12	12
net/minecraft/client/multiplayer/resolver/ServerNameResolver	39	31
	33	24
	34	25
	36	26
	39	29
	9	8
	18	16
	19	17
	20	18
	21	19
	25	22
	28	23
	29	23
	30	31
net/minecraft/client/tutorial/TutorialStepInstance	33	33
	33	33
	18	18
	21	21
	24	24
	27	27
	12	12
	30	30
	15	15
net/minecraft/client/renderer/state/gui/ScreenArea	0	0
com/mojang/blaze3d/platform/ClipboardManager	48	45
	32	29
	35	32
	37	33
	38	34
	39	35
	41	37
	43	40
	45	42
	16	14
	48	45
	19	17
	20	18
	21	19
	22	19
	27	24
	28	25
	29	26
	30	27
	31	28
net/minecraft/client/animation/definitions/ArmadilloAnimation	484	683
	10	9
	11	10
	12	14
	13	15
	15	18
	16	22
	17	23
	18	24
	19	25
	20	26
	22	29
	23	33
	24	34
	26	37
	27	41
	28	42
	29	43
	30	44
	32	47
	33	51
	34	52
	35	53
	37	56
	38	60
	39	61
	40	62
	41	63
	42	64
	43	65
	45	68
	46	72
	47	73
	49	76
	50	80
	51	81
	52	82
	53	83
	54	84
	55	85
	57	88
	58	92
	59	93
	61	96
	62	100
	63	101
	64	102
	65	103
	66	104
	67	105
	69	108
	70	112
	71	113
	72	114
	73	115
	75	118
	76	122
	77	123
	78	124
	79	125
	80	126
	81	127
	83	130
	84	134
	85	135
	86	136
	87	137
	89	140
	90	144
	91	145
	92	146
	93	147
	94	148
	95	149
	97	152
	98	156
	99	157
	100	158
	101	159
	102	160
	104	163
	105	167
	106	168
	107	169
	108	170
	109	171
	110	172
	111	173
	112	174
	114	177
	116	178
	117	180
	118	184
	119	185
	120	186
	121	187
	122	188
	123	189
	124	190
	125	191
	126	192
	128	195
	129	199
	130	200
	131	201
	132	202
	133	203
	134	204
	135	205
	137	208
	138	212
	139	213
	140	214
	141	215
	142	216
	144	219
	145	223
	146	224
	147	225
	148	226
	149	227
	150	228
	151	229
	153	232
	154	236
	155	237
	156	238
	157	239
	158	240
	159	241
	161	244
	162	248
	163	249
	164	250
	165	251
	166	252
	167	253
	168	254
	170	257
	171	261
	172	262
	173	263
	174	264
	175	265
	176	266
	177	267
	179	270
	180	274
	181	275
	182	276
	183	277
	184	278
	185	279
	186	280
	188	283
	189	287
	190	288
	191	289
	192	290
	193	291
	194	292
	195	293
	197	296
	198	300
	199	301
	200	302
	201	303
	202	304
	203	305
	204	306
	206	309
	207	313
	208	314
	209	315
	210	316
	211	317
	212	318
	214	321
	215	325
	216	326
	217	327
	218	328
	219	329
	220	330
	221	331
	223	334
	225	335
	226	336
	227	340
	228	341
	229	342
	230	343
	231	344
	232	345
	233	346
	234	347
	235	348
	236	349
	237	350
	238	351
	240	354
	241	358
	242	359
	243	360
	244	361
	245	362
	246	363
	247	364
	248	365
	249	366
	250	367
	251	368
	252	369
	253	370
	254	371
	255	372
	257	375
	258	378
	260	381
	261	384
	263	387
	264	391
	265	392
	266	393
	267	394
	268	395
	269	396
	270	397
	272	400
	273	404
	274	405
	275	406
	276	407
	277	408
	278	409
	279	410
	280	411
	281	412
	283	415
	284	419
	285	420
	286	421
	287	422
	288	423
	289	424
	290	425
	292	428
	293	432
	294	433
	295	434
	296	435
	297	436
	298	437
	299	438
	300	439
	301	440
	303	443
	304	447
	305	448
	306	449
	307	450
	308	451
	309	452
	310	453
	311	454
	312	455
	313	456
	314	457
	316	460
	317	464
	318	465
	319	466
	320	467
	321	468
	322	469
	323	470
	324	471
	325	472
	326	473
	328	476
	330	477
	331	478
	332	482
	333	483
	334	484
	335	485
	336	486
	337	487
	338	488
	339	489
	340	490
	341	491
	342	492
	344	495
	345	499
	346	500
	347	501
	348	502
	349	503
	350	504
	351	505
	352	506
	353	507
	354	508
	355	509
	356	510
	357	511
	358	512
	359	513
	360	514
	361	515
	362	516
	364	519
	365	523
	366	524
	367	525
	368	526
	369	527
	371	530
	372	534
	373	535
	374	536
	375	537
	376	538
	377	539
	379	542
	380	546
	381	547
	382	548
	383	549
	384	550
	386	553
	387	557
	388	558
	389	559
	390	560
	391	561
	392	562
	393	563
	395	566
	396	570
	397	571
	398	572
	399	573
	400	574
	401	575
	402	576
	403	577
	404	578
	405	579
	407	582
	408	586
	409	587
	410	588
	411	589
	412	590
	413	591
	414	592
	415	593
	416	594
	417	595
	418	596
	420	599
	421	603
	422	604
	423	605
	424	606
	425	607
	426	608
	427	609
	428	610
	429	611
	430	612
	432	615
	433	619
	434	620
	435	621
	436	622
	437	623
	438	624
	439	625
	440	626
	441	627
	442	628
	443	629
	444	630
	445	631
	446	632
	448	635
	449	639
	450	640
	451	641
	452	642
	453	643
	454	644
	455	645
	456	646
	457	647
	458	648
	459	649
	461	652
	462	656
	463	657
	464	658
	465	659
	466	660
	467	661
	468	662
	469	663
	470	664
	471	665
	472	666
	473	667
	474	668
	476	671
	477	675
	478	676
	479	677
	480	678
	481	679
	482	680
	484	683
net/minecraft/client/animation/KeyframeAnimation	104	90
	65	58
	68	61
	69	62
	70	64
	71	65
	73	67
	76	70
	77	71
	21	18
	22	19
	23	20
	88	76
	89	77
	27	23
	91	78
	28	24
	92	79
	30	26
	94	80
	31	27
	32	28
	96	82
	97	83
	34	29
	35	30
	99	85
	36	31
	102	88
	39	34
	103	89
	40	35
	104	90
	44	39
	48	43
	49	44
	52	47
	53	48
	54	49
	55	50
	58	53
	59	54
	62	57
	63	57
net/minecraft/client/resources/sounds/Sound	105	112
	65	72
	68	75
	72	79
	12	12
	76	83
	80	87
	84	96
	85	97
	24	32
	25	33
	26	34
	90	102
	27	35
	91	103
	28	36
	29	37
	30	38
	94	106
	31	39
	95	107
	32	40
	96	108
	35	43
	99	112
	39	47
	105	92
	43	51
	47	55
	52	60
	57	64
	62	69
	63	70
com/mojang/blaze3d/platform/FramerateLimitTracker	76	69
	66	59
	67	60
	71	64
	72	65
	75	68
	76	69
	29	21
	30	22
	31	23
	32	24
	35	27
	36	28
	37	29
	38	30
	39	31
	40	32
	45	37
	46	38
	47	39
	49	42
	50	43
	51	44
	52	45
	54	48
	55	49
	58	53
	59	55
	61	54
net/minecraft/client/renderer/blockentity/ShelfRenderer	89	94
	64	65
	67	68
	70	78
	72	79
	74	80
	75	81
	76	82
	77	83
	78	84
	80	85
	81	86
	82	87
	83	88
	85	91
	87	92
	88	93
	89	94
	30	29
	31	30
	35	33
	40	43
	41	44
	42	45
	44	46
	45	47
	47	49
	48	50
	49	51
	50	52
	51	53
	52	54
	55	57
	59	60
	61	62
	62	63
	63	64
net/minecraft/client/renderer/special/BannerSpecialRenderer	60	75
	32	63
	33	64
	34	66
	38	71
	43	75
	49	30
	54	42
	55	53
	25	24
	26	25
	27	26
	59	57
	28	27
	60	58
	31	61
net/minecraft/client/renderer/entity/IllagerRenderer	27	27
	12	13
	13	14
	14	15
	18	18
	19	19
	20	20
	21	21
	22	22
	23	23
	24	24
	25	25
	26	26
	27	27
net/minecraft/client/color/item/GrassColorSource	32	32
	32	32
	17	22
	18	23
	20	13
	21	15
	22	16
	23	18
	27	27
net/minecraft/client/model/object/projectile/WindChargeModel	51	52
	32	29
	34	30
	36	31
	37	34
	38	36
	40	40
	41	42
	43	45
	48	49
	49	50
	50	51
	51	52
	24	21
	25	22
	26	23
	27	24
	28	25
	31	28
com/mojang/blaze3d/opengl/GlShaderModule	40	40
	32	32
	36	36
	40	40
	9	9
	16	15
	17	16
	18	17
	19	18
	23	22
	24	23
	26	26
	27	27
	28	28
	29	29
net/minecraft/client/renderer/blockentity/BellRenderer	47	50
	32	29
	37	39
	38	40
	39	41
	40	42
	44	45
	45	46
	46	47
	47	50
	20	19
	26	24
	27	25
	28	26
com/mojang/blaze3d/pipeline/ColorTargetState	41	38
	33	30
	20	18
	37	34
	25	22
	41	38
	26	23
	29	26
com/mojang/blaze3d/opengl/GlTextureView	62	58
	33	30
	34	31
	37	34
	41	37
	46	42
	17	14
	18	15
	19	16
	51	47
	20	17
	24	21
	56	52
	57	53
	29	26
	61	57
	30	27
	62	58
	31	28
com/mojang/blaze3d/vertex/ByteBufferBuilder	182	180
	128	127
	129	128
	130	129
	131	130
	135	134
	136	135
	137	136
	138	137
	139	138
	141	140
	14	14
	15	15
	16	16
	144	143
	145	144
	147	146
	157	155
	158	156
	159	157
	160	158
	34	29
	35	30
	163	161
	36	31
	164	162
	37	32
	38	33
	166	164
	39	34
	41	36
	170	169
	44	39
	45	40
	175	174
	48	43
	176	180
	178	175
	179	176
	52	47
	180	177
	53	48
	54	49
	182	180
	55	50
	56	51
	60	55
	61	56
	62	57
	64	60
	65	61
	66	62
	68	64
	71	67
	72	68
	74	69
	75	70
	76	71
	77	72
	79	75
	80	76
	83	79
	84	80
	85	81
	86	82
	87	83
	88	86
	90	87
	92	90
	93	91
	94	92
	98	96
	99	97
	101	100
	102	101
	105	104
	106	105
	107	106
	108	107
	110	109
	113	112
	117	116
	118	117
	120	119
	123	122
	125	123
	126	124
net/minecraft/client/gui/screens/dialog/SimpleDialogScreen	25	26
	18	18
	20	19
	21	21
	22	22
	24	25
	25	26
	13	12
	14	13
net/minecraft/client/gui/components/ScrollableLayout	213	206
	128	124
	131	127
	132	128
	133	129
	137	133
	142	138
	144	140
	145	141
	148	144
	150	145
	151	146
	156	150
	32	30
	160	154
	33	31
	161	155
	36	34
	37	35
	38	36
	166	162
	39	37
	167	163
	40	38
	168	175
	43	41
	171	164
	44	42
	172	165
	173	166
	174	167
	47	45
	175	168
	48	46
	49	47
	177	169
	178	170
	179	171
	52	50
	180	172
	53	51
	54	52
	182	175
	57	55
	58	56
	186	179
	59	57
	187	180
	60	58
	188	181
	64	62
	192	185
	65	63
	193	186
	194	187
	69	65
	197	190
	70	66
	71	67
	73	69
	74	70
	202	195
	75	71
	203	196
	76	72
	204	197
	77	73
	208	201
	81	77
	82	78
	213	206
	86	82
	87	83
	88	84
	92	88
	93	89
	97	93
	98	94
	102	98
	107	103
	112	108
	117	113
	125	121
	126	122
	127	123
net/minecraft/client/renderer/fog/environment/LavaFogEnvironment	39	40
	33	34
	34	35
	35	36
	39	40
	18	18
	23	23
	24	24
	25	25
	26	26
	27	27
	28	28
	30	30
	31	31
net/minecraft/client/renderer/ShaderManager	272	259
	258	242
	265	259
	271	248
	272	249
	43	44
	49	48
	59	56
	60	57
	63	58
	64	59
	68	62
	70	63
	71	65
	72	66
	73	67
	74	68
	75	69
	80	73
	81	75
	82	76
	85	79
	89	89
	90	90
	91	92
	92	93
	93	94
	94	95
	95	96
	97	98
	100	101
	101	102
	108	109
	109	110
	111	112
	113	114
	114	115
	115	116
	118	119
	119	120
	122	123
	123	124
	124	125
	125	126
	126	127
	133	134
	134	136
	135	137
	136	138
	137	139
	138	140
	140	142
	143	145
	148	149
	149	150
	150	151
	152	152
	153	153
	156	155
	157	156
	158	157
	159	158
	163	162
	165	163
	167	164
	168	165
	169	165
	170	165
	174	168
	175	169
	176	170
	180	173
	186	177
	187	181
	189	178
	190	179
	191	181
	195	185
	196	186
	197	187
	199	188
	200	189
	201	190
	207	196
	208	197
	209	198
	212	201
	219	253
	230	210
	231	211
	234	214
	235	215
	236	216
	238	219
	239	220
	240	221
	244	225
	245	226
	246	227
	248	230
	253	237
	254	238
	255	239
net/minecraft/client/gui/screens/PauseScreen	277	272
	256	253
	259	256
	260	257
	261	257
	266	261
	270	265
	274	269
	275	270
	277	272
	50	49
	58	55
	59	56
	60	57
	61	58
	62	59
	63	60
	64	61
	65	62
	66	63
	67	64
	69	65
	70	66
	80	73
	81	74
	82	75
	85	78
	90	83
	91	84
	94	87
	95	88
	96	89
	99	92
	100	93
	102	94
	104	95
	105	95
	106	96
	107	97
	108	98
	109	98
	112	99
	113	100
	115	101
	116	102
	117	103
	118	104
	119	105
	120	106
	121	107
	122	108
	124	110
	125	114
	126	115
	127	116
	128	117
	129	118
	131	119
	132	120
	133	121
	136	124
	137	126
	138	126
	139	127
	140	129
	142	131
	143	133
	144	134
	145	135
	146	136
	147	137
	148	138
	149	139
	150	139
	151	146
	152	148
	153	149
	154	150
	158	154
	160	155
	161	156
	163	157
	164	158
	165	159
	167	161
	170	164
	171	166
	173	168
	174	171
	175	172
	179	178
	180	179
	182	180
	183	181
	186	184
	187	185
	189	186
	190	187
	191	188
	192	189
	194	190
	197	193
	203	197
	204	198
	205	198
	208	198
	212	202
	213	203
	214	204
	215	205
	216	206
	219	209
	223	213
	224	214
	226	216
	230	220
	232	221
	233	222
	236	225
	237	226
	239	235
	243	239
	244	240
	245	241
	247	244
	248	245
	250	247
	254	251
	255	252
net/minecraft/client/renderer/block/dispatch/ModelState	73	20
	68	16
	73	20
	63	12
net/minecraft/client/renderer/entity/EndermiteRenderer	28	27
	18	18
	23	23
	10	10
	28	27
	13	13
	14	14
com/mojang/realmsclient/gui/RealmsNewsManager	43	41
	34	33
	35	34
	36	41
	39	35
	40	36
	41	37
	42	38
	43	39
	13	12
	14	13
	15	14
	16	15
	17	16
	20	19
	24	23
	28	27
	29	28
	30	29
	31	30
net/minecraft/client/model/effects/SpearAnimations	177	175
	129	92
	130	93
	133	94
	134	95
	136	96
	137	97
	138	99
	141	102
	145	108
	146	109
	147	134
	20	20
	149	110
	150	111
	152	112
	153	114
	154	115
	156	119
	28	158
	157	120
	29	159
	30	160
	31	161
	160	127
	32	162
	161	127
	33	163
	35	164
	164	132
	36	165
	165	134
	37	166
	38	167
	168	137
	40	168
	169	138
	41	169
	170	139
	42	170
	172	140
	44	171
	46	172
	175	141
	47	173
	176	142
	177	143
	49	175
	55	26
	57	27
	58	28
	60	29
	61	30
	64	33
	65	34
	68	35
	69	54
	72	37
	73	38
	74	54
	76	39
	78	40
	79	41
	80	42
	81	45
	82	50
	84	54
	87	59
	88	60
	89	74
	93	61
	94	62
	96	63
	97	64
	99	65
	100	66
	101	67
	102	68
	104	69
	106	72
	107	74
	110	77
	111	78
	112	79
	113	80
	114	81
	116	82
	117	83
	118	84
	119	85
	120	86
	123	89
	124	99
	126	90
	127	91
net/minecraft/client/profiling/package-info	0	0
net/minecraft/client/renderer/item/properties/select/ContextDimension	31	33
	17	17
	21	23
	26	28
	15	15
	31	33
net/minecraft/client/player/package-info	0	0
net/minecraft/client/renderer/entity/LeashKnotRenderer	38	34
	33	29
	34	30
	19	19
	20	20
	21	21
	38	34
	25	25
	27	26
	29	27
	14	15
	31	28
net/minecraft/client/model/monster/creeper/CreeperModel	72	54
	64	47
	66	48
	67	49
	68	50
	69	51
	70	52
	71	53
	72	54
	24	23
	25	24
	26	25
	27	26
	28	27
	29	28
	30	29
	33	32
	34	33
	36	34
	37	34
	38	34
	39	34
	43	35
	44	35
	45	35
	46	35
	49	36
	50	36
	51	37
	52	38
	53	39
	54	40
	56	41
	61	45
	63	46
net/minecraft/client/renderer/block/model/properties/conditional/package-info	0	0
net/minecraft/client/renderer/blockentity/state/ChestRenderState	10	10
	7	7
	9	9
	10	10
com/mojang/blaze3d/opengl/GlFence	29	27
	19	17
	20	18
	24	22
	25	23
	28	26
	13	11
	29	27
	14	12
	15	13
net/minecraft/client/renderer/RunningTrimmedMean	38	34
	32	32
	35	34
	36	34
	38	34
	9	9
	10	10
	13	13
	14	14
	16	17
	17	18
	19	19
	20	20
	22	21
	23	23
	24	24
	25	25
	26	26
	27	27
	30	30
	31	31
net/minecraft/client/renderer/entity/state/AllayRenderState	0	0
net/minecraft/client/GameLoadCookie	0	0
net/minecraft/client/gui/screens/inventory/AbstractFurnaceScreen	55	64
	32	39
	33	40
	37	44
	42	49
	43	50
	44	51
	45	52
	46	53
	47	54
	48	55
	49	56
	52	61
	53	62
	22	30
	54	63
	55	64
	24	31
	25	32
	26	33
	27	34
	31	38
net/minecraft/client/resources/model/geometry/UnbakedGeometry	10	10
	10	10
net/minecraft/client/renderer/special/BookSpecialRenderer	65	65
	64	44
	65	45
	34	48
	35	50
	36	51
	37	52
	38	54
	42	59
	47	63
	48	64
	49	65
	24	21
	25	22
	57	35
	26	23
	58	38
	27	24
	62	42
	63	43
com/mojang/blaze3d/audio/Listener	23	23
	16	16
	19	19
	20	20
	7	7
	23	23
	10	10
	11	11
	12	12
	13	13
	14	14
	15	15
net/minecraft/client/CameraType	28	26
	16	14
	17	15
	4	4
	20	18
	5	5
	6	6
	24	22
	9	8
	28	26
	15	13
net/minecraft/client/gui/layouts/CommonLayouts	23	22
	16	15
	20	19
	21	20
	22	21
	23	22
	13	12
net/minecraft/client/AttackIndicatorStatus	27	25
	16	15
	22	20
	23	21
	24	22
	10	10
	11	11
	27	25
	12	12
	15	14
net/minecraft/client/renderer/blockentity/ChestRenderer	137	124
	129	115
	68	60
	133	120
	73	70
	137	124
	75	71
	76	72
	77	73
	78	74
	79	75
	82	77
	83	78
	85	80
	88	83
	90	84
	91	85
	93	87
	97	90
	99	91
	101	92
	103	93
	40	42
	104	94
	106	95
	108	96
	109	97
	46	44
	111	98
	112	99
	115	102
	116	103
	117	104
	118	105
	55	50
	119	106
	120	107
	57	51
	122	110
	59	52
	123	111
	60	53
	124	112
	125	113
	126	115
	63	56
	127	115
net/minecraft/client/model/object/armorstand/package-info	0	0
net/minecraft/client/renderer/feature/submit/BatchableSubmit	0	0
net/minecraft/client/model/animal/bee/BeeModel	78	65
	66	54
	67	55
	68	56
	70	58
	73	61
	74	62
	76	63
	77	64
	78	65
	26	23
	27	24
	29	25
	30	26
	32	27
	33	28
	35	29
	36	30
	37	31
	38	32
	42	35
	45	36
	47	37
	48	38
	49	39
	50	40
	52	41
	53	42
	54	43
	56	44
	57	45
	58	46
	61	49
	62	50
	63	51
net/minecraft/client/multiplayer/CacheSlot	35	30
	17	12
	33	28
	18	13
	34	29
	35	30
	21	16
	22	17
	25	20
	26	21
	27	22
	28	23
	29	24
net/minecraft/client/renderer/feature/FeatureRenderDispatcher	323	345
	256	130
	257	131
	258	132
	259	133
	263	137
	264	138
	265	139
	266	140
	270	146
	271	147
	272	148
	273	149
	276	153
	277	154
	278	155
	279	156
	281	158
	284	163
	285	164
	286	174
	288	166
	289	168
	290	170
	291	171
	292	172
	37	37
	293	174
	38	38
	39	39
	40	40
	41	41
	43	42
	44	43
	45	44
	46	45
	47	46
	48	47
	304	327
	49	48
	305	328
	50	49
	306	329
	51	50
	307	330
	52	51
	308	331
	53	52
	309	332
	54	53
	55	54
	56	55
	312	335
	313	336
	314	337
	59	58
	60	59
	317	340
	318	341
	63	63
	319	342
	64	64
	65	65
	67	67
	323	345
	73	75
	75	76
	76	77
	77	78
	78	78
	81	79
	82	81
	83	82
	86	85
	88	87
	89	88
	90	90
	91	91
	93	94
	96	97
	97	99
	98	100
	101	103
	102	104
	103	105
	105	106
	109	110
	110	111
	111	112
	112	113
	113	114
	115	116
	119	120
	120	121
	130	185
	131	186
	133	189
	134	190
	135	191
	139	195
	140	196
	141	198
	142	199
	144	201
	147	204
	148	205
	149	207
	150	208
	151	209
	152	210
	153	211
	154	212
	155	213
	157	216
	158	217
	159	218
	161	221
	162	222
	163	223
	164	224
	166	226
	169	229
	170	230
	171	232
	172	233
	174	235
	177	238
	178	239
	179	241
	180	242
	182	244
	185	247
	186	248
	187	250
	188	251
	190	253
	193	256
	194	258
	195	259
	196	260
	197	261
	199	263
	202	266
	203	268
	204	269
	205	270
	208	274
	212	278
	213	280
	214	281
	215	282
	218	286
	223	291
	224	292
	225	293
	227	295
	228	296
	230	299
	232	300
	233	301
	234	302
	235	303
	238	306
	239	307
	240	308
	242	311
	243	312
	245	314
net/minecraft/client/renderer/blockentity/TheEndGatewayRenderer	51	57
	32	36
	33	37
	34	38
	35	39
	37	41
	39	43
	43	46
	44	48
	46	52
	47	53
	18	18
	51	57
	22	21
	27	31
	28	32
	29	33
	30	34
	31	35
net/minecraft/client/gui/screens/DatapackLoadFailureScreen	41	45
	34	38
	35	39
	36	40
	37	41
	41	45
	18	17
	19	18
	20	19
	21	20
	25	24
	27	25
	28	27
	29	32
	30	34
net/minecraft/client/gui/font/FontManager	424	427
	258	196
	259	197
	262	200
	264	201
	265	202
	268	205
	269	206
	272	209
	276	213
	278	214
	279	215
	281	216
	282	217
	284	218
	285	219
	287	220
	289	221
	290	222
	291	223
	294	224
	296	225
	298	226
	300	227
	303	230
	304	231
	305	232
	308	235
	309	237
	310	238
	55	63
	312	240
	57	65
	58	66
	315	245
	60	67
	317	247
	318	248
	319	249
	320	250
	321	251
	323	253
	324	254
	325	255
	327	257
	328	258
	74	79
	75	80
	331	262
	76	81
	77	82
	78	83
	335	266
	81	86
	82	87
	83	88
	339	270
	84	89
	343	274
	88	93
	347	278
	348	279
	349	279
	94	294
	351	279
	356	284
	100	300
	357	285
	101	302
	358	286
	359	287
	103	304
	360	288
	104	305
	361	289
	105	306
	106	308
	108	310
	364	374
	365	377
	366	381
	115	317
	125	391
	383	327
	384	328
	130	392
	387	331
	388	332
	389	333
	133	395
	134	396
	135	397
	393	337
	394	338
	138	400
	139	401
	397	341
	398	342
	142	404
	399	343
	400	344
	401	345
	146	408
	147	410
	148	411
	149	412
	150	416
	407	351
	408	352
	152	413
	409	353
	411	356
	155	419
	413	357
	414	358
	160	423
	161	424
	419	363
	420	364
	421	365
	422	366
	166	427
	424	369
	173	99
	174	100
	175	101
	179	105
	181	107
	182	108
	183	109
	184	113
	186	115
	187	117
	188	118
	189	119
	190	120
	191	120
	192	121
	193	122
	194	123
	195	123
	197	126
	201	133
	202	136
	203	139
	204	140
	206	141
	207	144
	209	147
	210	149
	211	150
	212	151
	219	169
	221	164
	222	165
	223	166
	225	167
	230	173
	232	174
	233	175
	235	176
	236	177
	241	181
	243	182
	244	184
	245	185
	249	188
	250	189
	251	196
	253	190
	254	191
net/minecraft/client/multiplayer/chat/ChatAbilities	88	86
	65	66
	69	70
	73	74
	14	13
	80	81
	81	82
	21	19
	85	86
	86	86
	23	20
	24	22
	88	86
	25	23
	27	26
	28	27
	29	28
	32	31
	33	32
	34	33
	35	34
	37	37
	38	38
	40	41
	41	42
	45	46
	49	50
	53	54
	57	58
	61	62
net/minecraft/client/renderer/item/properties/conditional/IsUsingItem	23	22
	16	17
	18	17
	23	22
	11	11
	15	17
net/minecraft/client/model/animal/fish/PufferfishMidModel	93	81
	19	18
	20	19
	21	20
	22	21
	25	24
	26	25
	28	26
	29	27
	30	27
	31	27
	32	27
	34	28
	35	29
	36	29
	37	29
	39	31
	40	32
	41	32
	42	32
	44	34
	45	36
	46	36
	47	37
	49	39
	50	41
	51	41
	52	42
	54	44
	55	46
	56	46
	57	47
	59	49
	60	51
	61	51
	62	52
	64	54
	65	56
	66	56
	67	57
	69	59
	70	61
	71	61
	72	62
	74	64
	75	66
	76	66
	77	67
	79	69
	80	71
	81	71
	82	72
	85	74
	90	78
	91	79
	92	80
	93	81
com/mojang/realmsclient/dto/RealmsDescriptionDto	0	0
net/minecraft/client/gui/components/toasts/Toast	68	66
	64	62
	33	32
	67	65
	68	66
	37	36
	41	40
	45	44
	49	48
	53	52
	23	22
	56	55
	57	56
	29	28
	63	61
net/minecraft/client/renderer/entity/layers/PlayerItemInHandLayer	59	61
	33	37
	34	38
	35	39
	37	41
	39	44
	42	49
	44	50
	45	51
	46	52
	47	53
	48	54
	49	55
	51	56
	53	57
	54	58
	24	24
	56	59
	25	25
	58	60
	59	61
	29	36
	30	44
net/minecraft/client/model/animal/equine/BabyHorseModel	94	79
	15	13
	16	14
	19	17
	20	18
	22	19
	23	20
	24	20
	25	20
	27	22
	28	24
	29	24
	30	25
	32	27
	33	28
	34	28
	35	28
	37	30
	38	31
	39	31
	40	31
	42	33
	43	34
	44	34
	45	34
	47	36
	48	37
	49	37
	50	37
	52	39
	53	41
	54	41
	55	42
	57	44
	58	45
	59	45
	60	45
	62	47
	63	49
	64	49
	65	50
	67	52
	68	54
	69	54
	70	55
	72	57
	77	62
	82	67
	87	72
	92	77
	93	78
	94	79
net/minecraft/client/renderer/ViewArea	79	89
	32	41
	64	73
	65	74
	35	44
	67	77
	39	48
	71	81
	43	52
	75	85
	47	56
	79	89
	18	25
	19	26
	51	60
	20	27
	22	28
	23	29
	55	64
	25	33
	26	35
	59	68
	29	38
	30	39
	63	72
net/minecraft/client/renderer/block/model/properties/package-info	0	0
net/minecraft/client/renderer/blockentity/state/TestInstanceRenderState	0	0
net/minecraft/client/renderer/debug/CollisionBoxRenderer	42	43
	32	32
	33	33
	36	36
	37	37
	38	39
	39	40
	24	22
	25	23
	42	43
	29	29
	30	30
	31	31
net/minecraft/client/gui/screens/ManageServerScreen	97	103
	15	15
	16	16
	17	17
	27	26
	28	27
	29	28
	30	29
	31	30
	35	34
	36	35
	37	36
	38	37
	39	38
	41	39
	42	40
	43	41
	44	42
	45	43
	47	44
	48	46
	49	53
	51	57
	52	60
	54	62
	55	63
	59	67
	60	68
	64	72
	65	73
	66	74
	67	75
	68	76
	69	77
	72	80
	73	81
	74	82
	75	83
	76	84
	80	88
	81	89
	84	92
	85	93
	89	97
	91	98
	92	99
	93	100
	95	101
	96	102
	97	103
com/mojang/blaze3d/systems/HintsAndWorkarounds	0	0
net/minecraft/client/renderer/entity/layers/BreezeWindLayer	32	37
	32	37
	17	16
	21	20
	22	21
	23	22
	27	32
	28	33
	29	34
net/minecraft/client/renderer/entity/PiglinRenderer	54	57
	35	41
	40	45
	45	49
	46	50
	47	51
	16	17
	48	52
	17	18
	49	53
	18	19
	50	54
	21	20
	54	57
	24	29
	26	30
	27	33
	28	34
	29	35
	31	38
net/minecraft/client/gui/spectator/SpectatorMenuCategory	0	0
net/minecraft/client/gui/components/debug/DebugEntryLookingAtEntityTags	24	27
	16	20
	17	21
	18	22
	19	23
	23	26
	24	27
	15	19
com/mojang/blaze3d/font/package-info	0	0
net/minecraft/client/renderer/entity/state/CowRenderState	0	0
net/minecraft/client/renderer/entity/NoopRenderer	13	14
	8	9
	9	10
	13	14
net/minecraft/client/renderer/entity/state/ShulkerBulletRenderState	0	0
net/minecraft/client/renderer/feature/CustomFeatureRenderer	34	29
	16	15
	17	16
	18	17
	34	29
	20	19
	12	11
	29	24
com/mojang/realmsclient/gui/screens/package-info	0	0
net/minecraft/client/renderer/entity/state/NautilusRenderState	9	9
	8	8
	9	9
net/minecraft/client/renderer/entity/VexRenderer	45	37
	32	26
	37	30
	42	34
	43	35
	44	36
	45	37
	14	13
	15	14
	18	17
	19	18
	20	19
	24	22
	29	26
	30	26
net/minecraft/client/model/animal/fish/PufferfishSmallModel	68	40
	65	37
	66	38
	67	39
	68	40
	19	18
	20	19
	21	20
	22	21
	25	24
	26	25
	28	26
	29	27
	30	27
	31	27
	32	27
	34	28
	35	28
	36	28
	37	28
	39	29
	40	29
	41	29
	42	29
	44	30
	45	30
	46	30
	47	30
	49	31
	50	31
	51	31
	52	31
	54	32
	55	32
	56	32
	57	32
	60	33
net/minecraft/client/resources/metadata/animation/package-info	0	0
net/minecraft/client/renderer/entity/state/IllusionerRenderState	6	6
	6	6
com/mojang/realmsclient/client/worldupload/RealmsUploadFailedException	18	18
	18	18
	9	9
	10	10
	13	13
	14	14
net/minecraft/client/renderer/OrderedSubmitNodeCollector	69	153
	64	138
	67	151
	68	152
	69	153
	47	83
	48	84
	51	96
	52	97
	55	111
	56	114
	59	124
	60	125
	63	137
net/minecraft/client/gui/components/AbstractContainerWidget	81	84
	32	33
	64	67
	36	37
	69	72
	70	73
	41	42
	42	43
	75	78
	44	46
	45	47
	47	50
	48	51
	80	83
	17	16
	81	84
	18	17
	52	55
	21	22
	22	23
	57	60
	26	27
	58	61
	31	32
	63	66
net/minecraft/client/resources/model/cuboid/package-info	0	0
com/mojang/realmsclient/util/TextRenderingUtils	172	171
	130	20
	134	24
	135	25
	139	29
	140	30
	141	32
	14	12
	142	33
	143	35
	144	35
	145	36
	146	37
	148	39
	20	78
	21	79
	151	43
	24	82
	153	46
	25	83
	157	50
	29	87
	158	51
	160	54
	161	55
	162	58
	163	59
	164	60
	36	92
	37	93
	166	63
	167	64
	39	94
	40	98
	169	67
	170	68
	42	95
	43	96
	172	71
	48	104
	58	114
	59	115
	60	116
	61	117
	64	120
	65	121
	66	122
	67	123
	71	127
	72	128
	74	129
	75	135
	77	130
	78	131
	79	132
	80	133
	85	141
	90	146
	98	150
	102	154
	106	158
	107	159
	109	161
	113	166
	118	171
	124	16
net/minecraft/client/renderer/block/SelectBlockModel	63	65
	32	31
	41	45
	42	46
	43	47
	52	53
	21	20
	53	55
	22	21
	54	56
	23	22
	56	57
	57	59
	58	60
	27	26
	28	27
	29	28
	30	29
	62	64
	63	65
net/minecraft/client/renderer/entity/layers/SheepWoolLayer	48	58
	32	36
	33	58
	36	37
	37	38
	39	39
	40	40
	41	41
	44	58
	47	55
	48	58
	18	17
	19	18
	25	23
	26	24
	27	25
	28	26
net/minecraft/client/resources/model/sprite/SpriteGetter	0	0
net/minecraft/client/renderer/entity/state/EvokerRenderState	0	0
net/minecraft/realms/RealmsScreen	38	33
	34	29
	38	33
	23	18
	30	25
	31	26
net/minecraft/client/renderer/entity/state/PufferfishRenderState	0	0
com/mojang/blaze3d/platform/TextInputManager	92	73
	65	49
	67	50
	70	53
	72	54
	73	55
	75	57
	78	60
	79	61
	82	64
	83	65
	21	13
	85	67
	22	14
	87	69
	25	17
	27	18
	91	72
	28	19
	92	73
	34	22
	35	23
	38	26
	39	27
	41	29
	43	31
	46	34
	47	35
	48	36
	50	39
	58	43
	59	44
	61	46
com/mojang/blaze3d/vertex/StagingBuffer	192	177
	128	145
	129	146
	130	147
	134	151
	135	152
	136	153
	143	160
	144	161
	147	164
	148	165
	149	166
	25	17
	153	170
	26	18
	154	171
	28	19
	157	174
	158	175
	160	177
	33	23
	34	24
	35	25
	36	26
	37	27
	39	30
	40	31
	169	67
	42	34
	170	68
	43	35
	171	69
	44	36
	45	37
	174	72
	175	73
	176	76
	177	77
	179	79
	182	82
	55	45
	59	48
	187	87
	188	91
	190	88
	191	89
	64	52
	192	91
	65	53
	66	54
	68	56
	77	98
	78	99
	82	103
	87	108
	88	109
	92	113
	93	114
	103	124
	104	124
	108	125
	109	126
	110	127
	111	128
	115	132
	120	137
	121	138
	125	142
	126	143
	127	144
net/minecraft/client/renderer/entity/BeeRenderer	52	50
	13	12
	14	13
	15	14
	16	15
	17	16
	18	17
	19	18
	20	19
	23	22
	24	23
	28	26
	29	27
	30	28
	32	30
	33	32
	34	33
	36	35
	41	40
	46	44
	47	45
	48	46
	49	47
	50	48
	51	49
	52	50
net/minecraft/client/particle/HeartParticle	59	75
	38	61
	39	62
	11	11
	43	75
	12	12
	44	75
	13	13
	14	14
	15	15
	16	16
	17	17
	19	18
	20	19
	52	37
	21	20
	53	38
	22	21
	57	51
	26	25
	58	52
	59	53
	31	30
com/mojang/blaze3d/font/GlyphInfo	19	19
	19	19
	7	7
	11	11
	15	15
net/minecraft/client/gui/Gui	469	482
	66	66
	68	67
	69	68
	85	81
	86	82
	87	83
	88	84
	89	85
	90	86
	91	87
	92	88
	95	91
	96	92
	97	93
	100	96
	101	97
	103	98
	105	99
	107	100
	108	101
	109	105
	110	106
	111	107
	112	108
	114	102
	115	103
	118	111
	120	113
	121	114
	122	115
	123	116
	124	117
	127	121
	129	122
	130	123
	133	126
	134	127
	136	129
	139	132
	141	135
	142	136
	144	138
	145	139
	146	140
	147	141
	149	142
	151	144
	154	147
	156	148
	157	149
	159	150
	160	151
	161	152
	162	153
	163	154
	164	155
	165	156
	167	159
	168	160
	170	163
	171	164
	172	165
	173	166
	175	167
	177	168
	179	171
	180	172
	181	173
	183	176
	184	177
	185	178
	186	179
	188	180
	189	181
	191	182
	193	185
	194	186
	197	189
	200	192
	201	193
	204	196
	205	201
	206	200
	207	213
	209	218
	210	219
	213	222
	215	223
	216	224
	219	227
	221	228
	222	229
	226	233
	230	237
	231	238
	234	241
	235	242
	237	244
	240	247
	241	248
	242	249
	244	252
	245	253
	246	254
	247	255
	248	256
	250	258
	253	261
	257	265
	258	266
	259	267
	262	270
	263	271
	264	272
	269	273
	271	275
	272	276
	273	277
	275	280
	276	281
	279	284
	280	285
	284	289
	288	293
	289	294
	292	297
	296	301
	300	305
	304	309
	308	313
	309	314
	310	315
	312	316
	313	317
	316	320
	317	327
	319	321
	320	322
	322	324
	324	327
	327	330
	328	332
	329	333
	332	336
	333	337
	336	340
	337	341
	338	342
	339	343
	341	345
	342	346
	343	347
	345	350
	349	354
	350	355
	352	358
	353	359
	355	361
	358	364
	359	365
	361	367
	364	370
	365	371
	366	372
	368	374
	371	377
	372	378
	374	379
	375	380
	376	381
	378	383
	380	385
	382	387
	383	388
	384	389
	387	392
	391	396
	392	397
	393	398
	394	399
	397	402
	398	403
	399	410
	400	405
	401	406
	403	409
	404	410
	407	413
	408	414
	409	415
	410	416
	411	417
	412	418
	414	421
	415	422
	418	426
	422	430
	426	434
	427	435
	430	438
	431	439
	432	441
	437	448
	438	449
	442	453
	443	454
	446	457
	448	458
	449	459
	450	460
	451	461
	452	462
	454	464
	456	467
	458	469
	459	470
	460	471
	461	472
	466	478
	468	481
	469	482
net/minecraft/client/model/monster/ravager/package-info	0	0
net/minecraft/client/gui/components/AbstractSelectionList	555	563
	514	526
	519	531
	523	535
	532	543
	537	548
	542	552
	543	553
	544	554
	35	33
	36	34
	549	558
	550	559
	551	560
	555	563
	47	44
	48	45
	49	46
	50	47
	53	50
	57	54
	58	55
	59	56
	60	57
	61	58
	62	59
	65	62
	70	65
	75	70
	79	74
	80	75
	81	76
	84	79
	85	80
	86	81
	87	82
	90	85
	92	86
	93	87
	96	90
	97	91
	98	92
	100	94
	103	97
	104	99
	105	100
	107	102
	110	105
	114	109
	115	111
	116	112
	118	115
	122	119
	126	123
	127	124
	128	125
	129	126
	130	127
	131	128
	135	132
	136	133
	139	136
	140	137
	141	138
	142	139
	143	140
	144	141
	147	144
	148	146
	149	147
	150	148
	151	149
	152	150
	154	152
	157	155
	158	156
	159	157
	160	158
	163	161
	167	165
	171	169
	172	170
	173	171
	176	175
	181	179
	182	180
	185	183
	186	184
	189	187
	190	188
	191	189
	192	190
	193	191
	195	194
	196	195
	200	199
	201	201
	202	202
	204	205
	209	210
	211	211
	213	212
	214	213
	215	214
	217	215
	219	216
	220	217
	223	220
	224	221
	225	222
	226	223
	227	224
	230	227
	231	228
	232	240
	235	243
	236	249
	239	252
	240	253
	241	254
	243	257
	244	258
	245	259
	247	261
	250	264
	251	266
	252	267
	253	268
	254	269
	256	272
	258	275
	259	276
	262	279
	263	280
	267	284
	268	285
	269	286
	273	290
	278	295
	283	300
	285	301
	286	302
	289	305
	291	306
	292	307
	293	308
	294	309
	296	311
	299	314
	303	318
	307	322
	308	323
	309	324
	310	325
	312	327
	314	329
	315	330
	317	332
	320	335
	321	336
	322	337
	323	338
	327	343
	331	347
	332	348
	333	349
	336	352
	339	355
	340	356
	341	357
	344	360
	345	361
	348	364
	349	365
	350	366
	351	367
	352	368
	353	369
	354	370
	357	373
	361	377
	365	381
	369	385
	370	386
	374	390
	379	395
	380	396
	382	398
	383	398
	385	398
	389	403
	390	404
	393	407
	394	408
	395	409
	396	410
	397	411
	400	414
	403	417
	407	421
	408	422
	411	425
	412	426
	413	427
	414	428
	415	429
	418	432
	422	436
	423	437
	424	438
	433	445
	437	449
	444	456
	449	461
	450	462
	454	466
	455	467
	458	470
	459	471
	462	474
	463	475
	466	478
	470	482
	474	486
	478	490
	482	494
	486	498
	490	502
	494	506
	499	511
	504	516
	509	521
net/minecraft/client/gui/components/debug/DebugEntrySystemSpecs	48	60
	33	45
	37	49
	38	50
	39	51
	40	52
	41	53
	42	54
	48	60
	17	16
	21	25
	23	28
	24	29
	25	30
	26	34
	27	38
	28	39
	30	42
net/minecraft/client/renderer/blockentity/package-info	0	0
net/minecraft/client/renderer/entity/ThrownTridentRenderer	62	57
	32	32
	34	33
	35	35
	36	36
	39	40
	41	41
	42	42
	48	45
	18	19
	53	49
	23	23
	24	24
	25	25
	58	53
	59	54
	60	55
	29	30
	61	56
	62	57
	31	31
com/mojang/blaze3d/audio/package-info	0	0
net/minecraft/client/renderer/chunk/SectionCompiler	161	158
	128	124
	132	128
	134	129
	136	130
	140	136
	141	137
	142	138
	143	139
	144	140
	146	143
	150	147
	151	148
	155	152
	160	157
	161	158
	40	46
	41	47
	42	48
	43	49
	44	50
	45	51
	48	56
	50	57
	51	58
	53	59
	55	60
	57	61
	58	62
	60	63
	62	64
	63	65
	64	66
	65	67
	68	68
	69	69
	70	70
	71	71
	73	72
	75	74
	76	75
	77	76
	82	78
	83	79
	86	82
	87	83
	88	84
	89	85
	93	89
	94	90
	95	91
	98	94
	99	95
	100	96
	101	97
	102	98
	103	99
	107	103
	108	104
	111	107
	112	108
	113	109
	115	110
	117	111
	121	116
	122	117
	123	118
	124	119
	125	120
	126	121
net/minecraft/client/renderer/state/gui/pip/package-info	0	0
net/minecraft/client/gui/render/pip/PictureInPictureRenderer	132	132
	128	127
	129	128
	131	131
	132	132
	33	31
	38	35
	39	36
	41	37
	42	38
	43	39
	44	57
	46	41
	48	42
	49	43
	51	44
	52	45
	54	46
	56	47
	58	48
	59	49
	61	50
	62	51
	64	52
	65	53
	66	54
	68	55
	69	57
	72	60
	74	63
	75	64
	76	65
	80	74
	83	78
	86	81
	87	82
	88	83
	89	84
	90	85
	91	86
	92	87
	93	88
	94	89
	96	92
	97	93
	98	94
	99	95
	100	96
	101	97
	103	100
	105	101
	106	102
	107	103
	110	106
	114	110
	119	115
	120	116
	122	119
	123	120
	125	123
	126	124
net/minecraft/client/data/models/blockstates/MultiVariantGenerator	120	107
	64	52
	69	57
	70	59
	71	60
	73	63
	74	63
	75	63
	81	68
	85	72
	24	23
	25	24
	89	76
	26	25
	27	26
	30	29
	32	30
	96	83
	33	31
	97	84
	34	32
	100	87
	37	35
	101	91
	38	36
	102	93
	40	38
	42	39
	43	40
	44	41
	48	45
	112	99
	113	100
	50	46
	114	101
	51	46
	115	102
	52	46
	53	46
	55	47
	120	107
	59	51
	60	51
	61	51
	62	51
net/minecraft/client/gui/screens/worldselection/WorldCreationContext	77	100
	66	82
	35	39
	37	41
	70	93
	40	51
	42	53
	74	97
	75	98
	44	55
	77	100
	49	60
	52	64
	59	70
	29	33
	30	34
	31	35
net/minecraft/client/resources/FoliageColorReloadListener	26	23
	17	15
	18	16
	19	17
	25	22
	26	23
	12	11
com/mojang/blaze3d/opengl/GlSampler	94	104
	67	77
	72	82
	77	87
	82	92
	22	27
	23	28
	87	97
	24	29
	88	98
	25	30
	89	99
	26	31
	27	32
	91	101
	29	33
	30	34
	94	104
	31	35
	32	36
	34	37
	36	40
	38	42
	40	45
	42	48
	43	50
	44	53
	46	56
	47	57
	49	59
	52	62
	57	67
	62	72
net/minecraft/client/gui/screens/social/RemoteFriendListUpdateHandler	257	245
	256	244
	257	245
	29	28
	30	29
	50	47
	51	48
	52	49
	53	50
	54	51
	55	52
	57	54
	60	57
	61	63
	64	58
	65	59
	66	60
	68	63
	71	66
	75	70
	79	74
	80	75
	83	78
	84	79
	87	82
	88	82
	89	82
	91	83
	92	84
	93	84
	95	84
	100	88
	101	89
	102	122
	105	91
	106	92
	107	93
	109	96
	110	97
	111	98
	112	99
	113	100
	114	101
	115	109
	116	110
	117	122
	120	102
	121	103
	122	104
	123	105
	125	112
	127	115
	128	116
	129	117
	130	118
	133	106
	136	125
	137	126
	138	127
	139	128
	140	129
	141	130
	142	131
	143	132
	148	137
	149	149
	152	138
	153	139
	154	140
	156	142
	157	143
	158	144
	161	147
	162	149
	165	152
	166	153
	167	154
	169	155
	170	156
	171	157
	172	158
	173	159
	176	162
	177	163
	178	164
	179	165
	180	168
	182	166
	186	173
	187	174
	188	175
	191	179
	192	180
	193	181
	198	186
	199	187
	200	188
	201	189
	202	190
	206	194
	210	198
	211	199
	214	202
	215	220
	217	203
	219	206
	221	208
	223	210
	224	212
	226	213
	227	214
	228	215
	230	218
	234	225
	235	226
	236	232
	238	227
	239	232
	241	228
	242	229
	244	232
	247	235
	248	236
	249	237
	250	238
	252	240
	255	243
com/mojang/blaze3d/vertex/VertexFormatElement	10	9
	10	9
net/minecraft/client/gui/components/PlayerSkinWidget	72	65
	64	57
	68	61
	72	65
	41	34
	42	35
	43	36
	44	37
	45	38
	49	42
	50	43
	51	44
	52	45
	53	46
	54	47
	58	51
	59	52
	60	53
net/minecraft/client/renderer/entity/HoglinRenderer	29	26
	18	17
	23	21
	24	22
	9	9
	25	23
	10	10
	13	13
	29	26
	14	14
net/minecraft/client/model/animal/wolf/WolfModel	88	76
	66	58
	68	59
	69	60
	70	61
	72	62
	73	63
	75	64
	76	65
	77	66
	78	67
	79	68
	80	69
	82	70
	83	71
	84	72
	21	18
	85	73
	22	19
	86	74
	23	20
	87	75
	24	21
	88	76
	25	22
	26	23
	27	24
	28	25
	29	26
	33	29
	35	30
	36	31
	38	32
	39	33
	41	35
	44	38
	45	39
	47	41
	48	42
	49	43
	50	44
	53	47
	55	48
	56	49
	58	50
	59	51
	62	54
	63	55
net/minecraft/client/telemetry/events/package-info	0	0
net/minecraft/client/renderer/entity/state/VillagerDataHolderRenderState	0	0
net/minecraft/client/resources/server/PackDownloader	0	0
net/minecraft/client/multiplayer/resolver/AddressCheck	33	31
	32	30
	17	16
	33	31
	18	17
	19	18
	20	19
	22	20
	25	23
	26	24
	27	25
net/minecraft/client/gui/font/SingleSpriteSource	18	15
	18	15
	13	10
net/minecraft/client/gui/screens/worldselection/CreateWorldScreen	788	792
	92	100
	94	102
	95	103
	96	104
	97	105
	98	106
	102	109
	107	112
	118	629
	119	630
	123	634
	125	635
	126	635
	127	635
	128	636
	130	637
	131	638
	132	639
	133	642
	134	649
	135	650
	137	653
	138	654
	139	655
	140	656
	144	659
	145	660
	146	661
	147	662
	148	663
	150	664
	151	665
	152	666
	153	667
	156	670
	157	671
	158	672
	159	673
	160	674
	162	675
	163	677
	164	678
	166	680
	167	681
	168	682
	169	683
	171	684
	172	688
	174	694
	178	735
	179	736
	180	737
	181	738
	182	739
	183	740
	184	741
	190	747
	192	748
	193	748
	194	748
	195	748
	197	749
	198	751
	199	752
	202	754
	203	755
	204	756
	205	757
	207	758
	208	759
	210	761
	212	764
	213	765
	215	766
	216	767
	218	768
	224	769
	225	770
	226	771
	227	772
	229	773
	230	774
	231	775
	232	776
	233	777
	234	778
	235	779
	236	780
	237	781
	238	782
	241	785
	242	786
	243	787
	245	789
	248	792
	263	698
	264	699
	265	700
	268	703
	270	704
	271	704
	272	704
	274	705
	275	705
	276	705
	279	708
	280	710
	281	711
	283	714
	284	715
	285	716
	286	718
	289	721
	290	726
	291	727
	292	728
	293	731
	297	123
	302	125
	303	129
	306	132
	307	132
	309	135
	310	135
	311	136
	312	136
	315	138
	316	139
	319	142
	320	142
	321	143
	322	144
	325	147
	329	150
	330	150
	331	150
	332	150
	337	154
	338	154
	339	155
	340	155
	343	158
	348	163
	349	167
	352	177
	354	178
	355	179
	356	180
	357	181
	358	182
	359	183
	361	184
	363	186
	365	186
	366	186
	368	186
	371	188
	372	189
	374	191
	377	194
	378	195
	379	196
	382	197
	383	198
	386	208
	389	211
	390	212
	395	213
	396	217
	398	218
	399	219
	400	220
	401	221
	403	222
	404	223
	405	224
	406	225
	407	226
	408	227
	410	230
	411	231
	415	242
	416	243
	417	244
	418	245
	420	246
	421	247
	424	250
	429	255
	430	256
	431	257
	432	258
	434	259
	435	260
	436	261
	438	262
	439	263
	440	264
	441	265
	443	266
	446	267
	448	268
	449	269
	454	273
	458	277
	459	285
	461	278
	463	279
	464	280
	465	281
	466	282
	467	283
	468	285
	471	288
	472	289
	475	292
	476	293
	477	294
	479	295
	480	297
	481	298
	482	299
	483	300
	486	301
	487	302
	488	303
	490	305
	491	306
	492	307
	494	309
	496	312
	497	313
	498	314
	499	315
	500	317
	501	319
	504	324
	505	325
	506	326
	507	327
	509	329
	512	334
	513	335
	514	336
	516	337
	517	338
	518	339
	519	340
	522	342
	524	345
	528	350
	529	351
	530	352
	532	354
	537	364
	538	365
	541	366
	542	367
	545	368
	546	369
	547	370
	550	372
	555	378
	556	379
	559	382
	560	383
	561	384
	565	388
	566	389
	567	390
	571	394
	572	395
	573	396
	578	399
	580	401
	581	402
	582	403
	583	404
	584	405
	588	409
	592	413
	594	414
	595	418
	597	421
	600	424
	602	425
	603	431
	605	437
	608	440
	609	441
	610	443
	612	445
	614	446
	615	461
	618	448
	619	449
	620	450
	621	450
	623	451
	624	452
	626	454
	628	456
	631	458
	633	461
	637	464
	639	465
	641	466
	644	469
	645	470
	648	473
	649	474
	652	477
	653	478
	654	479
	656	482
	657	484
	659	485
	660	485
	661	485
	665	488
	666	489
	668	491
	671	494
	672	495
	673	496
	675	498
	676	499
	677	501
	678	502
	679	505
	680	508
	681	509
	683	511
	685	513
	686	514
	688	516
	689	517
	692	521
	694	524
	696	528
	699	531
	700	532
	704	536
	705	537
	706	538
	708	540
	709	541
	710	542
	712	544
	713	545
	714	546
	717	550
	718	551
	722	555
	723	556
	724	557
	725	558
	727	560
	732	564
	733	565
	734	566
	736	569
	737	570
	738	571
	739	572
	740	573
	741	574
	742	575
	743	576
	745	578
	746	579
	748	582
	752	586
	753	588
	754	589
	756	590
	757	591
	759	593
	760	594
	761	595
	762	596
	764	599
	766	602
	767	603
	768	604
	769	605
	770	606
	771	607
	773	610
	777	614
	778	615
	779	616
	780	617
	781	618
	784	621
	785	622
	788	624
com/mojang/realmsclient/util/RealmsUtil	107	95
	64	57
	65	58
	67	61
	68	62
	69	63
	70	64
	71	65
	74	68
	76	71
	78	73
	82	77
	86	81
	23	22
	87	82
	24	23
	91	86
	92	86
	31	29
	32	30
	35	32
	37	33
	38	34
	41	35
	42	36
	106	94
	43	37
	107	95
	46	38
	47	39
	48	40
	51	42
	52	43
	56	49
	60	53
	61	54
net/minecraft/client/renderer/state/gui/pip/GuiSkinRenderState	12	38
	11	36
	12	38
com/mojang/blaze3d/vulkan/glsl/GlslCompiler	140	140
	130	127
	131	128
	133	131
	134	132
	136	135
	137	136
	140	140
	28	20
	29	21
	30	25
	31	26
	32	27
	33	28
	34	29
	36	30
	37	30
	38	30
	39	30
	40	31
	43	34
	44	35
	45	36
	46	37
	47	38
	48	39
	50	42
	51	43
	52	44
	54	47
	55	48
	56	49
	57	50
	59	52
	60	53
	61	54
	62	55
	67	62
	68	63
	70	64
	71	65
	73	66
	74	68
	75	69
	78	72
	79	74
	80	75
	84	76
	85	77
	93	82
	94	83
	95	84
	96	85
	97	86
	98	87
	103	92
	104	93
	105	94
	108	97
	109	98
	110	101
	111	103
	112	104
	114	107
	115	108
	118	112
	119	113
	120	116
	121	118
	122	119
	123	120
	125	123
	126	124
net/minecraft/client/renderer/debug/BrainDebugRenderer	179	160
	129	114
	130	115
	131	116
	135	119
	136	119
	137	120
	138	121
	142	124
	143	125
	144	126
	145	127
	147	129
	149	132
	153	136
	154	137
	155	138
	156	139
	159	142
	162	145
	168	149
	169	150
	170	151
	171	152
	173	154
	174	155
	178	159
	179	160
	68	52
	69	53
	73	59
	75	60
	76	61
	78	63
	81	66
	82	67
	83	68
	85	70
	86	71
	89	74
	90	75
	93	76
	94	77
	97	78
	98	79
	99	80
	102	83
	103	84
	104	86
	105	92
	108	95
	109	95
	110	96
	111	97
	115	100
	116	101
	117	102
	118	103
	121	107
	122	108
	123	109
	124	110
net/minecraft/client/gui/components/FocusableTextWidget	202	215
	128	136
	130	138
	132	141
	133	142
	134	143
	138	147
	142	151
	143	152
	144	153
	147	154
	148	155
	151	159
	29	33
	30	34
	31	35
	32	36
	33	37
	34	38
	35	39
	163	185
	36	40
	164	186
	37	41
	38	42
	167	189
	168	190
	169	191
	42	46
	170	192
	43	47
	45	50
	173	195
	46	51
	174	196
	47	52
	48	53
	178	200
	51	56
	179	201
	54	59
	55	60
	183	205
	184	206
	58	63
	59	64
	60	65
	188	210
	189	211
	64	69
	65	70
	193	215
	66	72
	68	75
	69	76
	198	163
	74	81
	202	167
	75	82
	77	85
	78	86
	82	90
	87	95
	92	100
	97	105
	102	110
	106	114
	110	118
	111	119
	112	120
	114	122
	116	124
	119	127
	120	128
	121	129
	125	133
	127	135
net/minecraft/client/particle/CampfireSmokeParticle	77	102
	70	86
	71	87
	10	20
	11	21
	75	100
	12	22
	76	101
	13	23
	77	102
	14	24
	16	26
	18	29
	19	30
	20	31
	21	32
	22	33
	26	37
	27	38
	28	39
	30	40
	31	49
	32	51
	35	41
	36	42
	37	43
	39	44
	41	45
	42	46
	44	51
	48	55
	55	62
	56	63
	60	76
	61	77
	62	78
net/minecraft/client/model/animal/squid/BabySquidModel	43	35
	32	26
	33	27
	34	28
	35	29
	37	30
	38	31
	40	32
	43	35
	14	13
	15	14
	18	17
	19	18
	21	19
	22	20
	23	20
	24	20
	27	22
	28	23
	29	23
	31	25
com/mojang/realmsclient/gui/screens/configuration/RealmsPlayersTab	300	313
	256	304
	257	305
	258	306
	259	307
	260	308
	261	309
	262	310
	263	311
	264	312
	265	313
	273	87
	274	88
	275	92
	279	96
	280	97
	281	98
	282	99
	283	101
	285	104
	286	109
	287	110
	34	32
	290	113
	36	33
	37	34
	295	118
	300	123
	48	43
	49	44
	50	45
	51	46
	52	47
	53	48
	54	49
	55	53
	56	55
	57	57
	59	60
	60	61
	63	64
	68	69
	69	70
	70	71
	74	75
	75	76
	76	77
	82	131
	83	132
	86	135
	87	136
	88	137
	91	140
	92	141
	93	143
	94	144
	96	146
	100	150
	104	154
	108	158
	117	164
	118	165
	119	166
	121	167
	122	168
	123	169
	134	178
	135	179
	137	180
	138	181
	139	182
	140	183
	141	184
	142	187
	143	188
	144	192
	146	193
	147	194
	148	195
	149	196
	150	197
	151	200
	152	201
	153	205
	155	206
	156	207
	157	208
	158	209
	159	210
	160	211
	161	214
	163	215
	164	216
	167	219
	168	220
	169	221
	170	221
	171	223
	172	224
	173	225
	174	226
	175	227
	176	228
	179	231
	180	232
	181	233
	182	233
	183	235
	184	236
	185	237
	186	238
	187	239
	188	240
	191	243
	192	244
	193	257
	194	247
	195	248
	196	249
	197	249
	199	251
	200	252
	202	255
	203	256
	204	260
	206	262
	209	265
	210	266
	212	268
	215	271
	216	272
	217	273
	220	276
	221	276
	223	276
	229	281
	234	286
	241	292
	242	293
	244	294
	245	295
	247	297
	250	300
	251	301
	253	302
	254	303
net/minecraft/client/resources/server/package-info	0	0
com/mojang/realmsclient/util/RealmsPersistence	57	55
	33	32
	34	33
	36	34
	37	35
	39	37
	40	38
	41	39
	44	42
	48	46
	19	18
	51	49
	52	50
	22	21
	54	52
	57	55
	26	25
	27	26
	30	29
net/minecraft/client/renderer/entity/AbstractHoglinRenderer	24	24
	17	18
	22	22
	23	23
	24	24
	12	14
	13	15
net/minecraft/client/sounds/ChannelAccess	94	88
	64	32
	66	34
	68	36
	69	37
	73	41
	74	42
	77	45
	78	46
	79	48
	80	49
	81	50
	82	51
	83	52
	84	53
	22	69
	87	56
	88	57
	26	73
	27	74
	92	60
	93	61
	94	62
	30	77
	32	78
	33	79
	35	81
	37	82
	40	85
	41	86
	42	87
	43	88
	53	21
	54	22
	55	23
	58	26
	59	27
	60	28
	61	29
	62	30
	63	31
net/minecraft/client/model/animal/equine/HorseModel	9	9
	8	8
	9	9
net/minecraft/client/gui/screens/dialog/body/DialogBodyHandlers	87	96
	66	90
	67	95
	68	96
	75	62
	76	63
	77	64
	78	65
	79	66
	80	68
	81	70
	83	71
	84	77
	85	79
	87	82
	26	25
	31	29
	32	30
	36	33
	40	37
	41	38
	42	39
	43	40
	46	42
	50	47
	51	48
	52	49
	55	52
	56	53
	57	54
	58	55
	61	58
net/minecraft/client/renderer/feature/ModelFeatureRenderer	68	66
	32	30
	33	31
	34	32
	68	66
	37	35
	38	36
	39	37
	40	38
	16	16
	22	21
	23	22
	25	24
	57	56
	28	27
	30	28
	62	61
	31	29
net/minecraft/client/gui/components/ResettableOptionWidget	0	0
net/minecraft/client/gui/components/debugchart/package-info	0	0
net/minecraft/client/model/effects/EvokerFangsModel	66	57
	64	55
	65	56
	66	57
	23	22
	24	23
	25	24
	26	25
	27	26
	30	29
	31	30
	33	31
	34	32
	35	32
	36	32
	38	34
	39	34
	40	35
	41	36
	43	37
	48	41
	50	42
	51	43
	52	44
	53	45
	54	46
	56	47
	58	48
	59	49
	60	50
	62	53
	63	54
com/mojang/realmsclient/dto/RealmsText	60	55
	32	29
	34	31
	35	31
	38	31
	43	36
	44	37
	46	39
	47	47
	49	40
	50	41
	51	43
	52	44
	21	19
	22	20
	23	21
	55	50
	26	24
	60	55
	31	28
com/mojang/blaze3d/vulkan/Destroyable	0	0
net/minecraft/client/data/models/model/ModelTemplates	259	257
	9	9
	10	12
	11	14
	12	15
	13	16
	14	17
	15	18
	16	19
	17	20
	18	21
	19	22
	20	23
	21	24
	22	25
	23	26
	24	27
	25	29
	26	31
	28	32
	29	33
	30	34
	32	35
	33	36
	34	37
	35	38
	36	39
	37	40
	38	41
	39	42
	40	43
	41	44
	42	45
	43	46
	44	47
	45	48
	47	49
	48	50
	49	51
	50	52
	51	53
	52	54
	53	55
	54	56
	56	57
	57	58
	58	59
	59	60
	60	61
	61	62
	64	63
	65	64
	66	65
	68	66
	69	67
	70	68
	71	69
	73	70
	74	71
	75	72
	76	74
	79	76
	80	77
	81	78
	82	79
	84	80
	85	81
	87	82
	89	83
	90	84
	92	85
	94	86
	95	87
	96	88
	98	89
	99	90
	100	91
	102	92
	103	93
	105	94
	106	95
	107	96
	109	97
	110	98
	111	99
	112	100
	114	101
	115	102
	116	103
	118	104
	119	105
	120	106
	121	107
	123	108
	124	109
	126	110
	127	111
	128	112
	129	113
	131	114
	132	115
	133	116
	134	117
	136	118
	137	119
	138	120
	139	121
	140	122
	142	123
	143	124
	144	125
	145	126
	146	127
	148	128
	150	129
	151	130
	152	132
	153	135
	154	138
	155	141
	157	143
	158	144
	159	145
	160	146
	161	147
	162	148
	163	149
	165	150
	166	152
	167	154
	168	155
	169	156
	171	157
	172	158
	173	159
	174	160
	175	161
	177	162
	179	163
	180	164
	181	165
	183	166
	184	167
	185	168
	186	169
	187	170
	188	171
	190	172
	191	173
	192	174
	193	175
	194	176
	195	177
	197	178
	198	179
	199	180
	200	181
	201	182
	202	184
	203	194
	204	195
	205	196
	206	197
	207	199
	208	202
	209	205
	210	207
	211	208
	212	209
	213	211
	215	213
	216	214
	217	215
	218	216
	219	217
	220	218
	221	219
	222	220
	223	221
	224	222
	225	223
	226	224
	227	225
	229	226
	230	227
	231	228
	232	229
	234	231
	235	234
	236	236
	238	237
	240	238
	243	241
	247	245
	251	249
	255	253
	259	257
net/minecraft/client/profiling/ClientMetricsSamplersProvider	52	49
	33	32
	35	33
	36	34
	37	35
	39	36
	40	37
	41	38
	42	40
	46	44
	47	45
	51	48
	52	49
	26	25
	27	26
	28	27
	29	28
	30	29
net/minecraft/client/renderer/item/properties/numeric/NeedleDirectionHelper	95	82
	68	56
	69	57
	71	58
	72	59
	73	60
	74	61
	13	13
	14	14
	79	66
	17	17
	18	18
	84	71
	21	21
	22	22
	25	25
	89	76
	26	25
	29	25
	94	81
	95	82
	35	31
	39	35
	51	39
	58	46
	63	51
net/minecraft/client/renderer/texture/atlas/sources/SourceFilter	27	21
	22	16
	23	17
	27	21
	12	10
	13	11
	14	11
net/minecraft/client/model/monster/dragon/package-info	0	0
net/minecraft/client/gui/render/TextureSetup	37	46
	16	23
	32	41
	20	28
	36	45
	37	46
	24	33
	12	19
	28	37
com/mojang/blaze3d/vulkan/glsl/IntermediaryShaderModule	253	269
	25	27
	28	31
	29	32
	30	33
	31	34
	33	36
	34	37
	35	38
	36	39
	37	40
	40	43
	41	44
	43	45
	44	46
	46	47
	47	48
	49	49
	50	50
	51	51
	52	52
	53	53
	54	55
	55	56
	56	57
	57	58
	58	59
	61	62
	62	63
	63	64
	64	65
	65	67
	66	68
	67	69
	68	70
	69	71
	70	72
	71	73
	74	76
	75	77
	76	78
	77	79
	78	81
	79	82
	80	83
	81	84
	82	85
	85	88
	86	89
	87	90
	88	91
	89	93
	90	94
	91	95
	92	96
	93	97
	96	100
	100	104
	101	106
	102	107
	105	110
	110	115
	111	116
	114	119
	115	120
	117	123
	118	124
	119	125
	120	126
	122	128
	123	129
	125	132
	126	133
	128	136
	129	137
	132	140
	133	141
	134	143
	135	144
	136	145
	138	146
	140	147
	141	148
	142	149
	144	152
	145	153
	149	157
	150	158
	151	159
	153	161
	154	162
	155	163
	156	164
	160	168
	161	169
	162	170
	163	172
	165	176
	166	177
	170	181
	171	182
	172	183
	173	185
	175	189
	176	190
	182	195
	183	196
	185	199
	186	200
	188	203
	189	204
	191	206
	194	209
	195	210
	197	213
	198	214
	199	214
	200	214
	201	214
	202	215
	203	216
	204	217
	205	218
	210	223
	211	224
	212	225
	215	229
	219	233
	220	234
	221	235
	224	239
	228	243
	229	244
	230	245
	233	249
	237	253
	238	254
	239	258
	240	257
	241	256
	242	255
	243	259
	244	254
	245	261
	247	263
	250	266
	251	267
	253	269
net/minecraft/client/gui/screens/options/controls/package-info	0	0
net/minecraft/client/gui/screens/achievement/package-info	0	0
net/minecraft/client/gui/screens/friends/OutgoingEntry	56	45
	15	13
	16	13
	18	14
	22	20
	23	21
	24	21
	27	22
	28	23
	29	24
	30	25
	31	25
	32	25
	33	25
	34	25
	35	25
	36	25
	37	26
	38	27
	43	31
	44	32
	48	36
	53	41
	54	42
	55	44
	56	45
net/minecraft/client/model/object/book/BookModel	103	72
	66	49
	67	49
	68	50
	69	51
	71	52
	76	56
	77	57
	79	58
	80	59
	81	60
	82	61
	84	62
	85	63
	87	64
	88	65
	89	66
	90	67
	91	68
	28	26
	29	27
	30	28
	31	29
	32	30
	33	31
	34	32
	35	33
	38	36
	102	72
	39	37
	103	72
	41	38
	42	39
	43	39
	44	39
	46	41
	47	42
	48	42
	49	42
	51	44
	52	45
	53	45
	54	45
	56	47
	57	47
	58	47
	61	48
	62	48
	63	48
net/minecraft/client/resources/sounds/SoundEventRegistrationSerializer	83	71
	65	56
	66	57
	68	58
	70	59
	72	60
	74	61
	78	65
	79	66
	80	67
	81	68
	83	71
	21	20
	25	23
	27	24
	28	25
	29	26
	31	27
	35	31
	37	32
	38	33
	39	35
	40	36
	42	37
	43	38
	44	39
	46	41
	51	46
	55	50
	57	51
	59	52
	60	53
	62	54
	63	55
com/mojang/blaze3d/vertex/VertexConsumer	117	123
	65	75
	68	78
	70	79
	71	80
	73	81
	75	83
	76	84
	77	85
	79	86
	80	87
	82	88
	83	89
	84	90
	85	91
	87	93
	90	96
	30	42
	94	100
	31	43
	32	44
	33	45
	34	46
	98	104
	35	47
	36	48
	102	108
	39	51
	103	109
	43	55
	107	113
	108	114
	47	59
	112	118
	113	119
	51	63
	52	64
	117	123
	54	66
	55	67
	56	68
	58	69
	59	70
	61	71
	62	72
	63	73
net/minecraft/client/model/animal/equine/BabyDonkeyModel	100	135
	67	102
	68	103
	69	104
	73	108
	78	113
	17	15
	18	16
	19	17
	83	118
	20	18
	21	19
	22	20
	23	21
	24	22
	88	123
	25	23
	28	26
	29	27
	93	128
	31	28
	32	33
	33	34
	34	39
	98	133
	35	44
	99	134
	36	49
	100	135
	37	54
	39	59
	40	60
	41	65
	42	66
	43	71
	44	76
	45	81
	46	82
	47	83
	52	88
	54	89
	57	90
	58	91
	59	92
	60	93
	61	94
	62	95
	63	98
net/minecraft/client/renderer/MappableRingBuffer	65	64
	65	64
	22	18
	23	19
	24	20
	27	23
	28	24
	29	25
	30	26
	32	29
	33	30
	36	33
	40	37
	41	38
	42	39
	43	40
	44	41
	46	44
	50	48
	51	49
	53	52
	54	53
	55	54
	59	58
	60	59
	61	60
	62	61
com/mojang/realmsclient/dto/RegionSelectionPreference	43	41
	32	29
	36	32
	37	34
	38	35
	39	36
	42	40
	43	41
	12	11
	13	12
	14	13
	16	15
	22	20
	23	21
	24	22
	27	25
	31	28
com/mojang/realmsclient/util/task/CloseServerTask	57	59
	12	13
	14	14
	20	19
	21	20
	22	21
	26	25
	27	27
	28	28
	29	29
	33	33
	34	34
	35	35
	36	36
	37	37
	40	40
	41	41
	42	42
	44	45
	45	46
	46	47
	47	48
	49	51
	50	52
	53	55
	57	59
net/minecraft/client/renderer/entity/layers/IronGolemCrackinessLayer	37	42
	32	37
	33	42
	35	38
	36	39
	37	42
	16	14
	17	16
	18	18
	19	20
	23	24
	24	25
	28	35
	29	42
	31	36
com/mojang/realmsclient/gui/screens/UploadResult	35	29
	17	8
	35	29
	21	15
	25	19
	26	20
	11	7
	12	10
	13	10
	30	24
	15	10
	31	25
com/mojang/realmsclient/client/worldupload/RealmsUploadWorldNotClosedException	8	8
	8	8
net/minecraft/client/model/HumanoidModel	563	508
	512	429
	514	432
	515	433
	516	434
	517	435
	518	436
	519	437
	520	438
	521	439
	523	440
	525	442
	527	443
	528	444
	530	445
	532	446
	533	447
	534	448
	539	453
	541	456
	32	30
	544	459
	549	463
	550	464
	551	465
	554	468
	555	468
	557	468
	48	44
	49	46
	50	48
	51	50
	563	473
	52	52
	55	56
	56	58
	57	60
	58	62
	59	64
	63	477
	64	478
	65	479
	66	480
	67	481
	68	482
	69	483
	70	484
	71	485
	72	486
	73	487
	85	493
	86	494
	87	495
	90	498
	94	502
	98	508
	110	76
	111	77
	114	80
	115	81
	116	82
	117	83
	118	84
	119	85
	120	86
	121	87
	122	88
	125	91
	126	92
	127	93
	128	94
	129	94
	130	94
	132	96
	133	96
	134	96
	137	97
	138	98
	139	98
	140	98
	142	100
	143	101
	144	101
	145	101
	147	103
	148	104
	149	104
	150	104
	152	106
	153	107
	154	107
	155	107
	157	109
	158	110
	159	110
	160	110
	162	112
	166	116
	170	122
	179	131
	180	132
	182	133
	183	134
	185	135
	186	136
	188	137
	189	138
	191	139
	195	143
	196	144
	197	145
	198	146
	199	146
	200	146
	202	148
	203	150
	204	150
	205	151
	207	153
	211	157
	212	158
	214	159
	215	160
	216	160
	217	160
	220	162
	221	162
	222	162
	223	162
	226	163
	227	164
	228	164
	229	164
	232	166
	233	168
	234	168
	235	169
	238	171
	239	173
	240	173
	241	174
	244	176
	245	177
	246	177
	247	177
	250	179
	251	180
	252	180
	253	180
	256	182
	257	183
	258	183
	259	183
	262	185
	263	186
	264	186
	265	186
	268	188
	269	190
	270	190
	271	191
	274	193
	275	193
	279	194
	284	198
	286	199
	287	200
	288	201
	290	202
	292	203
	293	204
	295	205
	296	206
	297	207
	298	208
	301	211
	302	212
	303	213
	304	214
	306	215
	307	216
	308	217
	309	218
	310	219
	311	220
	313	221
	314	222
	315	223
	317	224
	318	225
	319	226
	321	227
	322	228
	323	229
	327	232
	328	233
	329	234
	330	235
	331	236
	332	237
	333	238
	336	241
	337	242
	338	243
	342	247
	343	248
	344	249
	345	250
	346	251
	349	254
	350	255
	351	256
	356	261
	358	262
	359	263
	360	264
	361	265
	362	266
	363	267
	364	268
	365	269
	366	270
	367	271
	370	274
	371	275
	373	278
	374	279
	377	282
	378	283
	381	284
	382	285
	383	288
	385	291
	386	292
	387	293
	388	294
	390	295
	391	296
	393	297
	394	300
	395	303
	396	304
	398	305
	399	306
	401	307
	402	308
	404	309
	405	310
	406	311
	407	312
	409	313
	410	314
	412	315
	413	316
	415	317
	416	318
	420	322
	421	323
	422	324
	423	325
	425	327
	428	330
	429	332
	430	339
	432	335
	433	336
	434	337
	436	348
	437	349
	438	350
	439	370
	441	342
	442	343
	443	344
	444	345
	445	346
	446	352
	447	355
	449	366
	450	367
	451	368
	453	358
	454	359
	455	360
	457	362
	458	363
	461	372
	464	375
	465	377
	466	384
	468	380
	469	381
	470	382
	472	393
	473	394
	474	395
	475	415
	477	387
	478	388
	479	389
	480	390
	481	391
	482	397
	483	400
	485	411
	486	412
	487	413
	489	403
	490	404
	491	405
	493	407
	494	408
	497	417
	500	420
	501	421
	502	422
	505	425
	506	426
	507	456
	510	427
	511	428
net/minecraft/client/renderer/entity/EnderDragonRenderer	239	219
	31	30
	32	31
	33	32
	34	33
	36	34
	37	35
	38	36
	40	37
	45	41
	46	42
	48	43
	49	44
	53	49
	55	50
	56	51
	57	52
	58	53
	59	54
	62	55
	65	56
	67	57
	68	58
	70	59
	71	60
	73	64
	76	67
	78	68
	79	69
	80	70
	81	71
	82	72
	83	73
	86	76
	88	77
	89	79
	92	83
	93	84
	96	87
	97	91
	98	92
	99	93
	100	94
	101	95
	102	96
	103	97
	104	98
	105	99
	107	100
	108	102
	109	103
	110	103
	111	103
	112	103
	113	103
	115	104
	116	105
	117	106
	118	107
	120	109
	122	110
	123	111
	125	112
	126	113
	127	114
	129	115
	130	116
	131	117
	133	118
	134	119
	135	120
	137	121
	138	122
	139	123
	141	125
	142	127
	145	138
	146	139
	148	140
	149	141
	150	142
	151	143
	153	144
	154	145
	156	146
	157	150
	158	151
	159	152
	160	153
	161	155
	162	156
	163	157
	164	158
	165	159
	166	159
	167	160
	168	161
	169	162
	170	163
	171	164
	173	165
	174	165
	175	166
	176	167
	177	168
	178	169
	179	170
	181	171
	182	171
	183	172
	184	173
	185	174
	186	175
	187	176
	189	177
	190	177
	191	178
	192	179
	193	180
	194	181
	195	182
	197	183
	198	184
	199	185
	201	187
	202	189
	203	190
	207	193
	212	197
	213	198
	214	199
	215	200
	217	201
	218	202
	219	203
	220	203
	221	204
	223	206
	226	209
	227	210
	228	211
	230	212
	231	213
	233	214
	234	215
	235	216
	239	219
com/mojang/realmsclient/dto/PendingInvite	37	26
	32	22
	34	24
	35	25
	37	26
	23	13
	27	17
	28	18
	29	19
	30	20
	31	21
com/mojang/blaze3d/systems/ScissorState	59	59
	11	11
	14	14
	15	15
	16	16
	17	17
	18	18
	19	19
	22	22
	23	23
	24	24
	25	25
	26	26
	27	27
	30	30
	31	31
	34	34
	38	38
	42	42
	46	46
	50	50
	54	54
	55	55
	56	56
	57	57
	58	58
	59	59
net/minecraft/client/renderer/block/dispatch/multipart/MultiPartModel	151	148
	128	125
	70	72
	134	129
	71	73
	135	131
	136	132
	73	75
	137	133
	140	137
	77	80
	78	82
	79	83
	81	86
	145	142
	146	143
	85	90
	86	91
	150	147
	87	92
	151	148
	88	93
	89	94
	27	31
	28	32
	92	97
	29	33
	93	99
	94	100
	95	101
	33	37
	99	105
	100	106
	101	108
	38	42
	102	109
	103	110
	106	114
	43	47
	44	48
	47	51
	49	53
	50	54
	51	55
	53	57
	57	61
	127	124
net/minecraft/client/model/animal/polarbear/package-info	0	0
net/minecraft/client/renderer/texture/ReloadableTexture	44	42
	33	31
	34	32
	36	34
	39	37
	40	38
	41	39
	42	40
	43	41
	44	42
	19	17
	20	18
	23	21
	27	25
	28	26
	29	27
	30	28
	31	29
net/minecraft/client/data/models/model/TextureSlot	79	86
	6	9
	7	10
	8	11
	9	12
	10	13
	11	14
	12	15
	13	16
	14	17
	15	18
	16	19
	17	20
	18	21
	19	22
	20	23
	21	24
	22	25
	23	26
	24	27
	25	28
	26	29
	27	30
	28	31
	29	32
	30	33
	31	34
	32	35
	33	36
	34	37
	35	38
	36	39
	37	40
	38	41
	39	42
	40	43
	41	44
	42	45
	43	46
	44	47
	45	48
	46	49
	47	50
	48	51
	49	52
	50	53
	57	61
	61	68
	65	72
	66	73
	67	74
	70	77
	74	81
	79	86
net/minecraft/client/renderer/SubmitNodeCollector	0	0
net/minecraft/client/input/CharacterEvent	15	11
	11	7
	15	11
net/minecraft/client/gui/screens/options/controls/ControlsScreen	37	38
	32	33
	33	34
	34	35
	36	37
	37	38
	12	12
	15	15
	16	16
	17	17
	18	18
	19	19
	20	20
	21	21
	22	22
	27	27
	28	28
com/mojang/blaze3d/font/GlyphProvider	32	24
	32	24
	17	12
	20	15
	31	23
net/minecraft/client/renderer/entity/state/MinecartRenderState	0	0
net/minecraft/client/model/animal/feline/AbstractFelineModel	31	29
	22	20
	23	21
	24	22
	25	23
	26	24
	27	25
	28	26
	29	27
	30	28
	31	29
net/minecraft/client/tutorial/Tutorial	114	110
	65	63
	66	64
	67	66
	70	69
	71	70
	73	73
	74	74
	77	77
	78	78
	79	79
	81	81
	83	83
	84	84
	22	22
	86	86
	23	23
	89	89
	26	26
	90	90
	27	27
	91	91
	92	92
	29	29
	93	93
	95	95
	32	32
	33	33
	98	98
	35	35
	38	38
	102	102
	39	39
	103	102
	41	41
	105	102
	44	44
	45	45
	110	106
	47	47
	50	50
	114	110
	51	51
	53	53
	56	56
	57	57
	59	59
	62	62
	63	66
com/mojang/blaze3d/systems/TimerQuery	65	67
	65	67
	13	11
	14	12
	17	15
	18	16
	21	19
	22	20
	24	23
	25	24
	27	25
	28	26
	29	27
	30	28
	33	31
	34	36
	36	32
	37	33
	38	34
	39	38
	42	41
	43	43
	44	44
	46	47
	51	52
	52	53
	55	56
	56	57
	57	58
	58	59
	59	60
	60	61
	61	62
	62	63
net/minecraft/client/SectionUpdateTracker	94	98
	65	69
	66	70
	67	71
	68	72
	71	75
	72	76
	73	77
	77	81
	78	82
	15	15
	79	83
	16	19
	80	84
	17	21
	82	86
	20	24
	21	25
	22	26
	86	90
	24	28
	90	94
	27	31
	28	32
	94	98
	31	35
	35	39
	39	43
	40	44
	41	45
	42	46
	43	47
	44	48
	45	49
	46	50
	50	54
	51	55
	60	64
	61	65
	62	66
com/mojang/blaze3d/vulkan/init/package-info	0	0
net/minecraft/client/renderer/entity/state/VexRenderState	0	0
net/minecraft/client/gui/font/glyphs/SpecialGlyphs	80	71
	33	26
	65	56
	34	28
	35	29
	36	30
	70	61
	39	34
	40	35
	75	66
	76	67
	46	39
	15	13
	47	40
	80	71
	17	15
	18	16
	51	44
	20	17
	21	18
	22	19
	55	48
	60	51
net/minecraft/client/renderer/rendertype/RenderTypes	673	641
	512	285
	516	573
	519	288
	520	289
	521	291
	522	291
	523	291
	524	291
	528	577
	531	294
	532	295
	533	296
	534	296
	535	296
	539	581
	542	300
	543	299
	544	300
	32	17
	545	300
	33	18
	546	300
	34	21
	35	22
	36	23
	37	24
	549	585
	552	302
	553	303
	41	370
	554	305
	42	371
	555	305
	43	375
	556	305
	44	377
	557	305
	45	378
	46	379
	47	380
	48	381
	561	589
	50	384
	564	308
	53	27
	565	309
	566	309
	567	309
	56	388
	570	593
	59	28
	573	311
	574	311
	62	392
	65	30
	577	597
	580	312
	68	396
	581	315
	582	316
	583	317
	71	32
	72	34
	73	35
	74	36
	586	601
	75	37
	76	38
	589	319
	77	39
	590	322
	78	40
	591	323
	79	41
	592	324
	81	42
	595	605
	85	400
	598	326
	599	329
	600	330
	601	331
	89	404
	90	405
	91	406
	92	407
	604	609
	93	408
	94	409
	607	333
	95	410
	608	336
	96	411
	609	337
	610	338
	98	412
	101	45
	613	613
	102	47
	103	48
	616	340
	104	49
	617	343
	105	50
	618	344
	106	51
	619	345
	107	52
	108	53
	109	54
	110	55
	622	617
	112	56
	625	347
	626	349
	627	349
	628	349
	116	416
	119	59
	631	621
	120	61
	121	62
	634	351
	122	63
	635	351
	123	64
	124	65
	125	66
	126	67
	638	625
	128	68
	641	352
	642	353
	643	353
	132	420
	646	629
	135	71
	136	73
	649	355
	137	74
	650	356
	138	75
	139	76
	140	77
	141	78
	653	633
	142	79
	143	80
	656	358
	145	81
	657	359
	658	360
	659	360
	149	424
	663	637
	152	84
	153	86
	666	363
	154	87
	155	88
	667	364
	156	89
	668	365
	157	90
	669	365
	158	91
	159	92
	161	93
	673	641
	165	428
	168	96
	169	98
	170	99
	171	100
	172	101
	173	102
	174	103
	175	104
	177	105
	181	432
	185	436
	188	108
	189	110
	190	111
	191	112
	192	113
	193	114
	194	115
	195	116
	196	117
	198	118
	202	440
	206	444
	209	121
	210	123
	211	124
	212	125
	213	126
	214	127
	215	128
	216	129
	217	130
	219	131
	223	448
	226	134
	227	136
	228	137
	229	138
	230	139
	231	140
	232	141
	233	142
	234	143
	235	144
	237	145
	241	452
	244	148
	245	150
	246	151
	247	152
	248	153
	249	154
	250	155
	251	156
	252	157
	256	456
	259	160
	260	162
	261	163
	262	164
	263	165
	264	166
	265	167
	266	168
	267	169
	268	170
	269	171
	273	460
	276	174
	277	176
	278	177
	279	178
	280	179
	281	180
	282	181
	283	182
	284	183
	286	184
	290	464
	294	468
	297	187
	298	189
	299	190
	300	191
	301	192
	302	193
	303	194
	304	195
	306	196
	310	472
	314	476
	317	199
	318	201
	319	202
	320	203
	321	204
	322	205
	324	206
	328	480
	331	209
	332	211
	333	212
	334	213
	335	214
	337	215
	341	484
	344	218
	345	219
	346	219
	347	219
	348	219
	349	219
	351	220
	355	488
	358	222
	359	224
	360	225
	361	226
	362	227
	363	228
	364	229
	366	230
	370	492
	373	233
	374	234
	375	234
	376	234
	377	234
	381	496
	385	500
	389	504
	390	507
	391	508
	392	509
	393	510
	394	511
	399	516
	400	519
	401	520
	402	521
	403	522
	404	523
	405	524
	408	236
	409	236
	410	236
	413	529
	416	237
	419	533
	423	537
	426	238
	427	241
	428	242
	429	243
	430	244
	433	541
	436	246
	437	249
	438	250
	439	251
	440	252
	443	545
	446	254
	447	257
	448	258
	449	259
	452	549
	455	261
	456	264
	457	265
	458	266
	461	553
	464	268
	465	269
	466	269
	467	269
	468	269
	472	557
	475	271
	476	272
	477	272
	478	272
	479	272
	483	561
	486	275
	487	274
	488	275
	489	275
	490	275
	493	565
	496	277
	497	278
	498	279
	499	279
	500	279
	504	569
	507	282
	508	283
	509	285
	510	285
	511	285
net/minecraft/client/model/animal/feline/AdultFelineModel	167	148
	24	22
	25	23
	28	26
	29	27
	30	28
	32	29
	33	31
	34	32
	35	33
	36	34
	37	35
	38	36
	40	38
	41	40
	42	40
	43	41
	45	43
	46	45
	47	45
	48	46
	50	48
	51	49
	52	49
	53	49
	55	51
	56	51
	57	52
	58	53
	60	54
	61	54
	62	55
	63	56
	65	57
	70	61
	72	62
	74	63
	75	64
	76	65
	77	66
	78	67
	79	68
	80	69
	81	70
	82	71
	83	72
	84	73
	85	74
	86	75
	89	78
	90	79
	92	80
	93	81
	94	82
	95	83
	96	84
	97	85
	98	86
	99	87
	100	88
	101	89
	103	91
	104	92
	105	93
	106	94
	108	95
	109	96
	111	98
	116	103
	117	104
	118	105
	119	106
	120	107
	121	108
	123	109
	124	110
	125	111
	126	112
	127	113
	128	114
	130	115
	131	116
	132	117
	134	118
	135	119
	136	120
	138	121
	139	122
	140	123
	142	124
	143	125
	144	126
	147	129
	148	130
	149	131
	150	132
	151	133
	152	134
	153	135
	154	136
	155	137
	156	138
	157	139
	158	140
	160	141
	161	142
	164	145
	165	146
	167	148
net/minecraft/client/particle/BubbleColumnUpParticle	49	56
	32	31
	36	35
	43	42
	12	14
	44	43
	13	15
	14	16
	15	17
	48	56
	17	18
	49	56
	19	19
	20	20
	21	21
	23	22
	24	23
	28	27
	29	28
	30	29
net/minecraft/client/resources/sounds/GuardianAttackSoundInstance	44	39
	32	29
	33	37
	34	39
	37	30
	38	31
	39	32
	41	33
	42	34
	43	35
	44	39
	16	15
	18	16
	20	17
	21	18
	22	19
	23	20
	27	24
com/mojang/blaze3d/shaders/ShaderType	36	35
	32	31
	18	16
	19	17
	20	18
	36	35
	23	21
	24	22
	9	8
	25	23
	10	9
	12	11
	28	27
net/minecraft/client/renderer/entity/ParchedRenderer	22	20
	17	16
	22	20
	9	9
	12	12
	13	13
net/minecraft/client/renderer/item/properties/select/SelectItemModelProperty	64	58
	32	29
	64	58
	33	31
	34	31
	35	33
	37	35
	41	39
	45	43
	46	44
	49	47
	50	49
	51	50
	54	53
	55	54
	56	56
	57	56
	58	56
	59	56
	60	56
net/minecraft/client/color/block/BlockTintSources	190	181
	130	124
	67	63
	136	130
	73	69
	76	72
	140	133
	81	77
	145	138
	22	18
	87	82
	152	144
	26	22
	156	147
	29	25
	93	88
	97	91
	161	152
	34	30
	102	96
	167	158
	40	36
	170	161
	43	39
	108	102
	111	105
	175	166
	48	44
	116	110
	53	49
	181	172
	184	175
	185	176
	122	116
	59	55
	125	119
	62	58
	190	181
net/minecraft/client/renderer/blockentity/state/SpawnerRenderState	0	0
net/minecraft/client/data/models/model/DelegatedModel	18	17
	16	15
	17	16
	18	17
	11	11
	12	12
net/minecraft/client/renderer/item/properties/select/ItemBlockState	40	35
	17	16
	18	17
	19	17
	35	30
	20	17
	40	35
	26	24
	27	25
	28	25
	30	25
	15	15
net/minecraft/client/gui/ItemSlotMouseAction	0	0
net/minecraft/client/resources/metadata/language/LanguageMetadataSection	16	12
	16	12
	11	9
	13	10
	14	11
net/minecraft/client/gui/screens/inventory/PageButton	48	49
	32	32
	34	34
	36	37
	37	38
	41	42
	42	43
	44	45
	13	13
	14	14
	15	15
	16	16
	48	49
	17	17
	18	18
	23	23
	24	24
	25	25
	26	26
	31	31
net/minecraft/client/particle/WakeParticle	65	70
	65	70
	11	13
	12	14
	13	15
	14	16
	15	17
	17	18
	19	19
	20	20
	21	21
	22	22
	23	23
	24	24
	25	25
	29	29
	34	34
	35	35
	36	36
	38	37
	39	38
	40	39
	41	50
	44	41
	45	42
	46	43
	47	44
	48	45
	50	46
	51	47
	53	48
	54	50
	60	56
	61	57
net/minecraft/client/renderer/DynamicUniformStorage	113	113
	17	15
	28	25
	30	26
	31	27
	32	28
	33	29
	34	30
	35	31
	38	34
	39	35
	40	36
	42	37
	43	38
	44	39
	46	42
	48	44
	51	47
	52	48
	53	49
	54	50
	55	51
	56	52
	59	55
	60	56
	63	59
	64	60
	65	61
	66	62
	69	65
	70	67
	71	68
	73	71
	74	72
	75	73
	81	77
	82	78
	85	81
	86	82
	87	83
	88	84
	91	87
	92	88
	93	90
	94	91
	95	93
	96	94
	97	95
	98	96
	99	97
	102	101
	103	102
	104	103
	109	108
	110	109
	112	112
	113	113
net/minecraft/client/renderer/entity/layers/LlamaDecorLayer	45	65
	33	41
	34	42
	35	43
	36	44
	37	45
	38	46
	40	50
	43	60
	44	61
	45	65
	25	27
	26	28
	27	29
	28	30
	29	31
net/minecraft/client/model/animal/squid/SquidModel	67	56
	64	53
	65	54
	67	56
	18	16
	22	20
	23	21
	24	22
	27	25
	31	29
	32	30
	33	31
	35	32
	36	33
	37	33
	38	33
	39	33
	42	34
	43	35
	44	35
	46	37
	47	38
	48	39
	49	40
	50	41
	52	42
	53	43
	55	44
	58	47
	63	51
net/minecraft/client/multiplayer/chat/report/ReportReason	51	47
	32	28
	33	29
	36	32
	40	36
	10	8
	11	9
	12	10
	44	40
	13	11
	14	12
	15	13
	16	14
	48	44
	17	15
	49	45
	18	16
	50	46
	19	17
	51	47
	20	18
	29	25
	30	26
	31	27
com/mojang/realmsclient/gui/screens/configuration/RealmsSlotOptionsScreen	219	221
	128	111
	129	112
	130	113
	131	114
	134	117
	135	118
	136	119
	138	120
	139	121
	140	122
	144	126
	145	127
	149	131
	150	132
	153	135
	154	135
	156	135
	30	27
	160	139
	161	140
	38	29
	166	145
	167	146
	169	147
	44	30
	45	31
	173	151
	46	32
	174	152
	47	33
	48	34
	176	154
	49	35
	178	156
	185	197
	187	198
	188	199
	190	200
	192	201
	193	202
	69	51
	197	206
	70	52
	198	209
	71	53
	72	54
	201	207
	74	55
	202	209
	75	56
	77	57
	78	58
	206	213
	207	221
	80	59
	81	60
	82	61
	211	159
	84	63
	212	160
	85	64
	214	161
	87	66
	215	173
	217	162
	91	70
	219	190
	92	71
	93	72
	94	74
	95	75
	96	76
	97	77
	98	78
	100	80
	101	81
	102	82
	105	85
	106	86
	107	87
	108	88
	109	89
	110	90
	111	91
	112	92
	113	95
	115	97
	116	100
	118	102
	119	103
	121	105
	123	106
	124	107
	125	108
net/minecraft/client/resources/model/ModelBaker	0	0
net/minecraft/client/model/geom/ModelLayers	330	324
	12	11
	14	12
	15	13
	16	14
	17	15
	18	16
	19	17
	20	18
	21	19
	22	20
	23	21
	24	22
	25	23
	26	24
	27	25
	28	26
	29	27
	30	28
	31	29
	32	30
	33	31
	34	32
	35	33
	36	34
	37	35
	38	36
	39	37
	40	38
	41	39
	42	40
	43	41
	44	42
	45	43
	46	44
	47	45
	48	46
	49	47
	50	48
	51	49
	52	50
	53	51
	54	52
	55	53
	56	54
	57	55
	58	56
	59	57
	60	58
	61	59
	62	60
	63	61
	64	62
	65	63
	66	64
	67	65
	68	66
	69	67
	70	68
	71	69
	72	70
	73	71
	74	72
	75	73
	76	74
	77	75
	78	76
	79	77
	80	78
	81	79
	82	80
	83	81
	84	82
	85	83
	86	84
	87	85
	88	86
	89	87
	90	88
	91	89
	92	90
	93	91
	94	92
	95	93
	96	94
	97	95
	98	96
	99	97
	100	98
	101	99
	102	100
	103	101
	104	102
	105	103
	106	104
	107	105
	108	106
	109	107
	110	108
	111	109
	112	110
	113	111
	114	112
	115	113
	116	114
	117	115
	118	116
	119	117
	120	118
	121	119
	122	120
	123	121
	124	122
	125	123
	126	124
	127	125
	128	126
	129	127
	130	128
	131	129
	132	130
	133	131
	134	132
	135	133
	136	134
	137	135
	138	136
	139	137
	140	138
	141	139
	142	140
	143	141
	144	142
	145	143
	146	144
	147	145
	148	146
	149	147
	150	148
	151	149
	152	150
	153	151
	154	152
	155	153
	156	154
	157	155
	158	156
	159	157
	160	158
	161	159
	162	160
	163	161
	164	162
	165	163
	166	164
	167	165
	168	166
	169	167
	170	168
	171	169
	172	170
	173	171
	174	172
	175	173
	176	174
	177	175
	178	176
	179	177
	180	178
	181	179
	182	180
	183	181
	184	182
	185	183
	186	184
	187	185
	188	186
	189	187
	190	188
	191	189
	192	190
	193	191
	194	192
	195	193
	196	194
	197	195
	198	196
	199	197
	200	198
	201	199
	202	200
	203	201
	204	202
	205	203
	206	204
	207	205
	208	206
	209	207
	210	208
	211	209
	212	210
	213	211
	214	212
	215	213
	216	214
	217	215
	218	216
	219	217
	220	218
	221	219
	222	220
	223	221
	224	222
	225	223
	226	224
	227	225
	228	226
	229	227
	230	228
	231	229
	232	230
	233	231
	234	232
	235	233
	236	234
	237	235
	238	236
	239	237
	240	238
	241	239
	242	240
	243	241
	244	242
	245	243
	246	244
	247	245
	248	246
	249	247
	250	248
	251	249
	252	250
	253	251
	254	252
	255	253
	256	254
	257	255
	258	256
	259	257
	260	258
	261	259
	262	260
	263	261
	264	262
	265	263
	266	264
	267	265
	268	266
	269	267
	270	268
	271	269
	272	270
	273	271
	274	272
	275	273
	276	274
	277	275
	278	276
	279	277
	280	278
	281	279
	282	280
	283	281
	284	282
	285	283
	286	284
	287	285
	288	286
	289	287
	290	288
	291	289
	292	290
	293	291
	294	292
	295	293
	296	294
	297	295
	298	296
	299	297
	300	298
	301	299
	302	300
	305	303
	309	307
	310	308
	311	309
	313	311
	317	316
	321	320
	322	320
	323	320
	324	320
	325	320
	330	324
net/minecraft/client/gui/font/providers/TrueTypeGlyphProviderDefinition	94	88
	66	50
	67	51
	68	53
	69	54
	71	55
	72	56
	73	57
	74	58
	75	59
	78	62
	79	63
	80	64
	83	67
	85	68
	87	70
	88	71
	89	72
	90	73
	93	77
	94	78
	32	83
	34	84
	35	87
	36	88
	40	25
	41	25
	43	25
	44	25
	47	26
	48	28
	49	29
	50	30
	51	32
	52	34
	53	36
	57	41
	62	46
net/minecraft/client/renderer/debug/BeeDebugRenderer	274	229
	256	214
	262	218
	263	219
	264	220
	266	221
	268	223
	269	224
	273	228
	274	229
	66	55
	67	56
	71	62
	73	63
	74	64
	76	66
	79	69
	81	70
	82	71
	83	72
	84	73
	86	75
	89	76
	93	77
	95	78
	96	79
	97	80
	99	81
	100	82
	102	84
	104	85
	105	86
	106	87
	108	89
	110	90
	114	93
	115	94
	116	95
	117	96
	119	98
	120	99
	124	103
	126	104
	127	105
	128	106
	130	108
	132	109
	133	110
	135	111
	136	112
	137	113
	139	114
	140	115
	141	116
	144	119
	145	120
	146	122
	147	122
	149	122
	154	127
	155	128
	156	129
	159	132
	160	133
	161	134
	162	135
	163	136
	168	141
	170	142
	171	143
	174	146
	176	147
	177	148
	178	149
	179	150
	181	152
	184	155
	186	156
	187	157
	190	160
	193	161
	196	162
	200	163
	201	164
	203	166
	208	169
	209	170
	211	172
	215	175
	216	176
	217	177
	218	178
	224	183
	225	184
	226	185
	229	187
	232	190
	233	191
	236	194
	240	198
	241	199
	242	200
	246	204
	250	208
	251	209
	252	210
	253	211
	255	213
com/mojang/realmsclient/gui/screens/configuration/package-info	0	0
net/minecraft/client/gui/components/debug/DebugEntryTps	56	69
	18	22
	19	23
	20	24
	21	25
	22	65
	25	26
	26	27
	27	28
	29	29
	30	31
	31	32
	32	33
	33	34
	35	36
	39	40
	40	41
	41	42
	42	43
	43	44
	45	47
	46	49
	48	59
	51	63
	52	65
	56	69
net/minecraft/client/gui/screens/inventory/HorseInventoryScreen	43	43
	33	33
	18	18
	19	19
	38	38
	23	23
	43	43
	28	28
	13	13
	14	14
	15	15
net/minecraft/client/renderer/blockentity/ShulkerBoxRenderer	126	144
	64	63
	65	64
	66	65
	70	68
	72	70
	73	71
	75	73
	77	76
	78	77
	81	90
	82	91
	83	92
	84	93
	85	94
	88	106
	89	107
	90	108
	93	111
	94	112
	95	114
	96	115
	97	116
	98	117
	99	118
	37	33
	104	123
	43	38
	44	39
	108	127
	109	128
	110	129
	47	42
	111	130
	48	43
	51	46
	52	47
	53	48
	117	136
	118	137
	119	138
	57	51
	123	141
	124	142
	125	143
	62	61
	126	144
	63	62
net/minecraft/client/resources/metadata/language/package-info	0	0
net/minecraft/client/multiplayer/chat/LoggedChatMessage	105	110
	64	66
	68	70
	69	71
	74	76
	78	80
	83	85
	22	21
	88	90
	89	92
	26	25
	90	93
	91	95
	95	100
	32	31
	100	105
	38	37
	39	39
	40	40
	41	41
	105	110
	42	43
	44	45
	48	49
	49	50
	50	51
	52	53
	57	59
	58	60
	59	61
	63	65
net/minecraft/client/renderer/feature/ItemFeatureRenderer	164	146
	131	116
	132	116
	134	116
	149	130
	150	131
	151	132
	24	21
	26	22
	154	136
	27	23
	159	141
	164	146
	44	32
	45	33
	47	36
	48	37
	50	39
	53	42
	54	43
	55	44
	56	45
	58	47
	60	49
	63	52
	64	53
	66	55
	67	56
	68	57
	69	58
	71	59
	73	61
	76	64
	77	65
	78	66
	79	67
	82	68
	83	69
	85	72
	88	75
	89	76
	90	84
	92	77
	93	79
	94	80
	95	81
	97	84
	100	87
	101	88
	102	89
	103	90
	105	93
	109	97
	111	98
	112	99
	113	100
	114	101
	116	104
	120	108
	124	112
	125	112
	127	112
net/minecraft/client/resources/model/package-info	0	0
net/minecraft/client/animation/Keyframe	13	8
	12	7
	13	8
com/mojang/blaze3d/pipeline/DepthStencilState	15	10
	11	6
	14	9
	15	10
net/minecraft/client/renderer/block/BlockModelRenderState	136	151
	131	145
	132	146
	134	148
	136	151
	23	24
	35	35
	36	36
	37	37
	38	38
	39	39
	40	40
	41	41
	42	42
	44	44
	47	47
	48	48
	50	51
	54	55
	55	56
	56	57
	59	60
	61	61
	62	62
	63	63
	65	65
	67	68
	71	74
	73	75
	74	76
	75	77
	76	78
	77	79
	78	80
	79	81
	81	83
	84	86
	87	89
	88	89
	90	89
	94	100
	95	101
	96	102
	97	103
	99	104
	100	105
	101	106
	102	107
	103	108
	105	110
	108	113
	111	123
	112	124
	116	129
	118	130
	122	135
	124	138
	127	141
net/minecraft/client/renderer/entity/state/GhastRenderState	0	0
net/minecraft/client/renderer/state/OptionsRenderState	32	33
	16	17
	32	33
	24	25
	25	26
net/minecraft/client/renderer/item/CompositeModel	63	71
	37	42
	38	44
	39	45
	40	47
	44	52
	49	57
	50	58
	20	20
	52	60
	21	21
	56	64
	25	33
	57	65
	27	34
	59	68
	28	36
	60	69
	29	37
	61	70
	31	39
	63	71
net/minecraft/client/renderer/entity/state/package-info	0	0
com/mojang/blaze3d/platform/InputConstants	497	473
	182	166
	185	300
	186	301
	187	302
	189	305
	190	306
	192	308
	193	309
	194	310
	196	313
	199	322
	200	323
	201	324
	206	344
	208	345
	209	346
	210	347
	211	348
	212	349
	213	350
	214	351
	215	352
	217	353
	218	354
	219	355
	220	356
	221	357
	222	358
	223	359
	224	360
	225	361
	226	362
	228	363
	229	364
	230	365
	231	366
	232	367
	233	368
	234	369
	235	370
	236	371
	237	372
	238	373
	239	374
	240	375
	241	376
	242	377
	243	378
	244	379
	245	380
	246	381
	247	382
	248	383
	249	384
	250	385
	251	386
	252	387
	253	388
	255	389
	256	390
	257	391
	258	392
	259	393
	260	394
	261	395
	262	396
	263	397
	264	398
	265	399
	266	400
	267	401
	268	402
	269	403
	270	404
	271	405
	272	406
	273	407
	274	408
	275	409
	276	410
	277	411
	278	412
	279	413
	281	414
	282	415
	283	416
	284	417
	285	418
	286	419
	287	420
	288	421
	289	422
	290	423
	291	424
	292	425
	293	426
	294	427
	295	428
	296	429
	297	430
	298	431
	300	432
	301	433
	302	434
	303	435
	305	436
	306	437
	307	438
	308	439
	309	440
	310	441
	311	442
	312	443
	313	444
	314	445
	315	446
	316	447
	317	448
	319	449
	320	450
	321	451
	322	452
	323	453
	324	454
	325	455
	326	456
	328	457
	329	458
	331	459
	332	460
	333	461
	334	462
	335	463
	336	464
	337	465
	339	466
	340	467
	341	468
	343	469
	344	470
	345	471
	346	472
	347	473
	356	327
	357	328
	358	329
	361	332
	362	333
	363	334
	364	335
	367	338
	368	339
	379	242
	382	245
	383	246
	384	247
	386	248
	387	249
	388	250
	391	253
	395	257
	399	261
	403	265
	407	269
	408	270
	410	272
	411	272
	413	272
	418	278
	419	279
	421	280
	422	284
	424	281
	425	282
	430	290
	435	295
	440	169
	441	169
	443	169
	447	173
	448	174
	451	177
	452	178
	453	179
	454	180
	455	181
	456	182
	458	185
	461	189
	465	193
	469	203
	472	204
	473	205
	474	206
	475	207
	478	216
	479	217
	480	218
	481	219
	482	220
	485	223
	486	224
	487	225
	490	228
	494	232
	495	233
	497	235
net/minecraft/client/renderer/WeatherEffectRenderer	253	228
	43	41
	44	42
	49	46
	50	47
	55	51
	56	52
	57	53
	58	54
	59	55
	60	56
	61	57
	64	60
	67	63
	68	64
	69	94
	72	65
	73	66
	74	67
	75	68
	77	69
	78	70
	80	72
	81	73
	82	74
	83	75
	84	76
	85	77
	89	78
	90	79
	94	80
	95	81
	98	82
	99	83
	101	84
	102	85
	103	86
	104	87
	108	94
	111	97
	112	98
	113	99
	116	102
	117	103
	118	104
	119	105
	121	108
	123	111
	124	112
	128	116
	129	117
	130	159
	133	118
	134	119
	135	120
	137	121
	138	122
	139	123
	141	124
	147	131
	148	132
	150	133
	151	134
	153	136
	154	137
	155	138
	156	139
	157	140
	161	144
	163	148
	164	149
	166	150
	167	151
	169	152
	171	153
	172	154
	174	155
	175	156
	177	159
	181	164
	182	165
	183	166
	184	167
	185	168
	187	169
	192	175
	193	176
	195	177
	196	178
	197	179
	199	180
	200	180
	201	180
	204	181
	211	192
	212	220
	215	193
	216	195
	217	196
	218	197
	219	198
	221	199
	222	200
	224	201
	225	202
	226	203
	228	204
	229	205
	230	206
	231	207
	232	208
	233	209
	235	210
	236	211
	237	212
	238	213
	240	214
	241	215
	242	216
	243	217
	245	220
	249	224
	250	225
	251	226
	253	228
net/minecraft/client/model/geom/LayerDefinitions	555	560
	512	515
	513	516
	514	517
	515	518
	516	519
	517	520
	518	521
	519	522
	520	526
	521	529
	522	530
	523	531
	524	532
	526	533
	527	534
	529	535
	530	536
	531	537
	532	538
	533	539
	534	540
	535	541
	536	542
	537	543
	538	544
	539	545
	540	546
	541	547
	542	548
	543	549
	544	550
	545	551
	546	552
	547	553
	548	554
	550	555
	551	556
	552	557
	553	558
	555	560
	164	161
	165	162
	166	163
	168	164
	169	165
	170	166
	171	167
	172	168
	175	171
	177	172
	178	174
	179	178
	180	180
	181	182
	182	186
	183	187
	184	188
	185	189
	186	190
	187	191
	188	192
	189	193
	190	194
	191	195
	192	196
	193	197
	194	198
	195	199
	196	200
	197	201
	198	202
	199	203
	200	204
	201	205
	202	206
	203	207
	204	208
	205	209
	206	210
	207	211
	208	212
	209	213
	210	214
	211	215
	212	216
	213	217
	214	218
	215	219
	216	220
	217	221
	218	222
	219	223
	220	224
	221	225
	222	226
	223	227
	224	228
	225	229
	226	230
	227	231
	228	232
	229	233
	230	234
	231	235
	232	236
	233	237
	234	238
	235	239
	236	240
	237	241
	238	242
	239	243
	240	244
	241	245
	242	246
	243	247
	244	248
	245	249
	246	250
	247	251
	248	252
	249	253
	251	254
	252	255
	253	256
	254	257
	255	258
	256	259
	257	260
	258	261
	259	262
	260	263
	261	264
	262	265
	263	266
	264	267
	265	268
	266	269
	267	270
	268	271
	269	272
	270	273
	271	274
	272	275
	273	276
	274	277
	275	278
	276	279
	277	280
	278	281
	279	282
	280	283
	281	284
	282	285
	283	286
	284	287
	285	288
	286	289
	287	290
	288	291
	289	292
	290	293
	291	294
	292	295
	293	296
	294	297
	295	298
	296	299
	297	300
	298	301
	299	302
	300	303
	301	304
	302	305
	303	306
	304	307
	305	308
	306	309
	307	310
	308	311
	309	312
	310	313
	311	314
	312	315
	313	316
	314	317
	315	318
	316	319
	317	320
	318	321
	319	322
	320	323
	321	324
	322	325
	323	326
	324	327
	325	328
	326	329
	327	330
	328	331
	329	332
	330	333
	331	334
	332	335
	333	336
	334	337
	335	338
	336	339
	337	340
	338	341
	339	342
	340	343
	341	344
	342	345
	343	346
	344	347
	345	348
	346	349
	347	350
	348	351
	349	352
	350	353
	351	354
	352	355
	353	356
	354	357
	355	358
	356	359
	357	360
	358	361
	359	362
	360	363
	361	364
	362	365
	363	366
	364	367
	365	368
	366	369
	367	370
	368	371
	369	372
	370	373
	371	374
	372	375
	373	376
	374	377
	375	378
	376	379
	377	380
	378	381
	379	382
	380	383
	381	384
	382	385
	383	386
	384	387
	385	388
	386	389
	387	390
	388	391
	389	392
	390	393
	391	394
	392	395
	393	396
	394	397
	395	398
	396	399
	397	400
	398	401
	399	402
	400	403
	401	404
	402	405
	403	406
	404	407
	405	408
	406	409
	407	410
	408	411
	409	412
	410	413
	411	414
	412	415
	413	416
	414	417
	415	418
	416	419
	417	420
	418	421
	419	422
	420	423
	421	424
	422	425
	423	426
	424	427
	425	428
	426	429
	427	430
	428	431
	429	432
	430	433
	431	434
	432	435
	433	436
	434	437
	435	438
	436	439
	437	440
	438	441
	439	442
	440	443
	441	444
	442	445
	443	446
	444	447
	445	448
	446	449
	447	450
	448	451
	449	452
	450	453
	451	454
	452	455
	453	456
	454	457
	455	458
	456	459
	457	460
	458	461
	459	462
	460	463
	461	464
	462	465
	463	466
	464	467
	465	468
	466	469
	467	470
	468	471
	469	472
	470	473
	471	474
	472	475
	473	476
	474	477
	475	478
	476	479
	477	480
	478	481
	479	482
	480	483
	481	484
	482	485
	483	486
	484	487
	485	488
	486	489
	487	490
	488	491
	489	492
	490	493
	491	494
	492	495
	493	496
	494	497
	495	498
	496	499
	497	500
	498	501
	499	502
	500	503
	501	504
	502	505
	503	506
	504	507
	505	508
	506	509
	507	510
	508	511
	509	512
	510	513
	511	514
net/minecraft/client/renderer/block/BlockAndTintGetter	55	48
	50	44
	35	32
	20	19
	55	48
	40	36
	25	23
	45	40
	30	28
com/mojang/realmsclient/exception/RealmsHttpException	6	6
	5	5
	6	6
net/minecraft/client/gui/screens/inventory/MinecartCommandBlockEditScreen	33	35
	16	16
	32	32
	33	35
	21	21
	26	26
	11	11
	27	27
	12	12
	28	28
net/minecraft/client/renderer/special/CopperGolemStatueSpecialRenderer	69	74
	32	52
	66	41
	67	42
	35	56
	68	43
	36	57
	69	44
	40	61
	45	65
	46	66
	50	70
	51	71
	52	72
	53	73
	54	74
	24	23
	25	24
	26	25
	61	36
	29	47
	62	37
	30	49
	31	50
net/minecraft/client/renderer/blockentity/state/LecternRenderState	0	0
net/minecraft/client/model/monster/strider/StriderModel	66	58
	64	56
	65	57
	66	58
	24	16
	25	17
	26	18
	27	19
	28	20
	32	23
	34	24
	35	25
	37	26
	38	27
	39	28
	41	30
	42	31
	45	34
	47	35
	48	36
	50	37
	51	38
	53	39
	54	40
	59	52
	60	53
	61	54
	63	55
net/minecraft/client/multiplayer/RegistryDataCollector	184	187
	128	124
	130	126
	131	128
	132	129
	133	130
	134	130
	135	130
	136	131
	138	133
	141	136
	142	137
	143	138
	145	140
	146	141
	149	144
	150	145
	151	146
	153	148
	154	149
	159	155
	32	35
	161	156
	164	158
	165	159
	38	40
	39	41
	167	162
	42	44
	170	165
	43	45
	171	166
	172	167
	46	48
	47	49
	50	52
	51	53
	179	182
	180	183
	183	186
	184	187
	58	174
	59	175
	63	58
	64	59
	69	65
	70	66
	72	67
	73	70
	75	72
	76	73
	77	74
	78	75
	79	85
	82	76
	83	77
	84	78
	85	79
	88	81
	89	82
	93	85
	96	88
	99	92
	100	94
	101	97
	102	98
	103	99
	104	100
	105	101
	106	102
	109	105
	110	105
	111	105
	114	106
	115	107
	119	113
	120	114
	121	116
	122	117
	123	118
	124	120
	125	121
	126	121
	127	121
net/minecraft/client/renderer/fog/environment/MobEffectFogEnvironment	25	25
	20	20
	25	25
	15	15
net/minecraft/client/renderer/entity/state/HappyGhastRenderState	6	6
	6	6
com/mojang/realmsclient/util/task/RealmCreationTask	41	39
	32	30
	33	31
	34	32
	35	33
	37	35
	41	39
	10	10
	12	11
	19	17
	20	18
	21	19
	22	20
	26	24
	29	27
	30	28
	31	29
net/minecraft/client/gui/screens/friends/FriendsOverlayScreen	325	361
	256	267
	257	268
	258	276
	259	277
	260	280
	261	281
	262	282
	263	283
	265	288
	266	289
	269	292
	270	293
	271	294
	274	297
	275	298
	276	299
	277	348
	279	301
	280	302
	281	303
	282	313
	283	312
	284	319
	285	317
	286	318
	289	324
	34	32
	290	325
	35	33
	291	326
	36	34
	292	327
	37	35
	293	332
	38	36
	294	335
	39	37
	295	336
	40	38
	296	337
	41	39
	42	40
	43	41
	299	342
	44	42
	45	43
	301	343
	302	344
	303	345
	305	348
	310	351
	311	352
	312	353
	315	356
	316	357
	317	358
	318	358
	64	60
	65	61
	66	62
	67	63
	323	359
	324	360
	325	361
	71	67
	72	68
	73	69
	75	72
	76	73
	80	77
	81	78
	82	79
	85	82
	86	85
	88	83
	89	85
	93	89
	94	90
	97	93
	99	94
	100	95
	101	96
	102	97
	103	98
	104	99
	105	100
	106	101
	107	102
	109	103
	110	104
	111	105
	112	106
	113	107
	114	108
	117	111
	122	116
	123	117
	125	120
	126	121
	127	122
	128	123
	129	124
	130	125
	131	126
	135	130
	136	131
	137	132
	141	136
	142	137
	143	138
	144	139
	145	140
	146	141
	148	143
	151	146
	153	149
	154	150
	155	151
	156	152
	157	154
	160	157
	161	158
	162	159
	164	161
	167	164
	168	165
	170	167
	174	171
	175	172
	176	173
	177	174
	178	175
	179	179
	180	180
	182	176
	187	185
	188	190
	189	191
	191	187
	192	187
	194	187
	199	196
	200	197
	203	200
	204	201
	206	202
	208	204
	209	205
	210	206
	211	208
	212	211
	213	214
	214	217
	215	220
	216	223
	217	226
	220	229
	221	230
	222	231
	224	233
	227	236
	228	237
	230	239
	233	242
	234	243
	235	244
	238	247
	239	248
	240	249
	241	250
	243	251
	244	252
	246	254
	247	256
	248	257
	249	259
	250	260
	251	261
	252	262
	255	266
net/minecraft/client/animation/KeyframeAnimations	24	15
	24	15
	9	7
	13	11
com/mojang/blaze3d/vulkan/glsl/SpvcUtil	20	16
	16	12
	17	13
	18	14
	19	15
	20	16
	9	5
	12	8
	13	9
	14	10
	15	11
net/minecraft/client/model/animal/dolphin/package-info	0	0
net/minecraft/client/model/monster/warden/WardenModel	240	189
	43	39
	45	40
	46	41
	47	42
	48	43
	49	44
	50	45
	51	46
	52	47
	53	48
	54	49
	55	50
	57	51
	58	52
	59	53
	60	54
	61	55
	62	56
	63	57
	66	60
	67	61
	69	62
	70	62
	71	62
	73	63
	74	64
	75	64
	76	64
	78	66
	79	67
	80	67
	83	69
	84	71
	85	71
	86	72
	89	74
	90	75
	91	75
	92	75
	95	77
	96	78
	97	78
	98	78
	101	80
	102	81
	103	81
	104	81
	107	83
	108	84
	109	84
	110	84
	113	86
	114	87
	115	87
	116	87
	119	89
	120	90
	121	90
	122	90
	125	92
	126	93
	127	93
	128	93
	131	95
	135	99
	136	100
	137	101
	142	106
	143	107
	144	108
	149	113
	150	114
	151	115
	156	120
	157	121
	158	122
	164	127
	167	128
	168	129
	169	130
	170	131
	173	132
	174	133
	175	134
	176	135
	177	136
	178	137
	179	138
	182	141
	183	142
	184	143
	187	146
	188	147
	189	148
	192	149
	193	150
	195	151
	196	152
	197	153
	200	156
	201	157
	202	158
	203	159
	204	160
	206	161
	207	162
	209	163
	210	164
	212	165
	213	166
	215	167
	216	168
	218	169
	219	170
	221	171
	222	172
	225	175
	226	176
	227	177
	228	178
	230	179
	231	180
	232	181
	233	182
	234	183
	237	186
	238	187
	239	188
	240	189
net/minecraft/client/renderer/entity/ChickenRenderer	62	67
	32	35
	33	39
	39	46
	40	50
	42	47
	43	48
	44	50
	48	53
	53	59
	26	26
	58	63
	27	27
	59	64
	28	28
	60	65
	61	66
	62	67
	31	32
net/minecraft/client/renderer/entity/state/EnderDragonRenderState	38	35
	32	29
	33	30
	35	32
	22	20
	38	35
	27	25
	28	26
	29	27
	30	28
com/mojang/realmsclient/dto/RealmsNotification	192	194
	138	106
	139	107
	140	108
	141	109
	142	110
	143	111
	146	114
	147	115
	148	116
	149	117
	150	118
	154	122
	27	25
	155	123
	156	124
	157	125
	159	128
	160	129
	161	130
	162	131
	163	132
	36	32
	164	133
	165	134
	166	135
	167	136
	168	137
	170	139
	44	39
	172	141
	45	40
	173	142
	46	41
	174	143
	47	42
	48	43
	176	146
	177	147
	178	148
	51	46
	179	149
	180	150
	181	151
	55	50
	59	54
	190	160
	63	58
	191	161
	192	162
	65	61
	66	61
	67	62
	69	64
	70	65
	72	68
	76	72
	77	73
	78	74
	80	77
	81	78
	82	79
	84	80
	85	82
	86	83
	87	84
	88	85
	102	175
	103	176
	104	177
	105	178
	106	179
	109	182
	110	183
	111	184
	112	185
	116	189
	120	193
	121	194
net/minecraft/client/model/object/skull/SkullModelBase	10	10
	9	9
	10	10
net/minecraft/client/particle/SpellParticle	129	164
	128	91
	129	92
	13	13
	19	20
	20	21
	21	22
	22	23
	23	24
	24	25
	25	26
	26	27
	27	28
	30	31
	32	32
	34	33
	35	34
	37	35
	38	36
	40	38
	44	42
	49	47
	50	48
	52	49
	53	50
	55	52
	57	54
	61	58
	62	59
	63	60
	66	63
	67	64
	68	65
	75	125
	76	126
	80	139
	88	100
	89	101
	93	114
	95	115
	96	116
	97	117
	105	147
	106	148
	110	161
	111	162
	112	163
	113	164
	121	75
	122	76
	126	89
	127	90
net/minecraft/client/renderer/entity/layers/WitherArmorLayer	38	35
	17	16
	33	31
	18	17
	19	18
	38	35
	23	21
	12	12
	28	26
net/minecraft/client/model/BabyModelTransform	46	36
	32	24
	33	25
	34	26
	35	27
	37	28
	40	30
	41	31
	42	32
	43	33
	46	36
	23	15
	24	16
	27	19
	28	20
net/minecraft/client/model/geom/EntityModelSet	26	25
	18	16
	19	17
	20	18
	22	20
	9	8
	26	25
	14	12
	15	13
net/minecraft/client/multiplayer/PlayerInfo	120	116
	64	59
	65	60
	66	61
	69	64
	73	68
	77	72
	78	73
	81	76
	85	80
	86	81
	89	84
	90	85
	92	88
	30	27
	31	28
	32	29
	96	92
	35	32
	100	96
	101	97
	38	33
	39	34
	104	100
	43	38
	108	104
	109	105
	47	42
	112	108
	51	46
	116	112
	117	113
	55	50
	120	116
	59	54
	60	55
	61	56
com/mojang/blaze3d/vertex/package-info	0	0
net/minecraft/client/resources/sounds/SnifferSoundInstance	42	36
	32	34
	33	36
	36	28
	37	29
	38	30
	40	31
	41	32
	42	36
	15	13
	17	14
	19	15
	20	16
	21	17
	22	18
	26	22
	31	27
net/minecraft/client/gui/components/events/AbstractContainerEventHandler	41	37
	16	11
	32	37
	34	27
	35	28
	21	16
	37	31
	22	17
	38	32
	40	35
	41	37
	26	21
	31	26
net/minecraft/client/model/animal/pig/PigModel	38	35
	33	30
	34	32
	19	17
	35	32
	36	33
	22	20
	38	35
	23	21
	26	24
	30	28
	31	29
net/minecraft/client/gui/components/toasts/RecipeToast	87	83
	65	64
	66	65
	69	68
	70	69
	71	70
	74	73
	76	74
	77	75
	78	76
	81	79
	18	16
	83	80
	20	18
	84	81
	21	19
	86	82
	87	83
	26	23
	30	27
	34	31
	39	36
	40	37
	41	38
	43	41
	44	42
	46	44
	48	49
	49	52
	53	56
	55	57
	56	58
	58	59
	60	60
	61	61
	62	62
	63	63
net/minecraft/client/gui/screens/inventory/tooltip/ClientActivePlayersTooltip	51	50
	33	30
	34	32
	35	33
	36	34
	37	35
	40	39
	45	44
	46	45
	47	46
	48	47
	49	48
	19	16
	51	50
	20	17
	24	21
	28	25
net/minecraft/client/GraphicsPreset	117	116
	13	14
	14	15
	15	16
	16	17
	22	21
	25	24
	26	25
	27	26
	31	29
	35	33
	39	37
	40	38
	41	39
	43	41
	44	42
	45	43
	46	44
	47	45
	48	46
	49	47
	50	48
	51	49
	52	50
	53	51
	54	52
	55	53
	56	54
	57	55
	58	56
	59	57
	60	58
	61	59
	63	62
	64	63
	65	64
	66	65
	67	66
	68	67
	69	68
	70	69
	71	70
	72	71
	73	72
	74	73
	75	74
	76	75
	77	76
	78	77
	79	78
	80	79
	81	80
	83	83
	84	84
	85	85
	86	86
	87	87
	88	88
	89	89
	90	90
	91	91
	92	92
	93	93
	94	94
	95	95
	96	96
	97	97
	98	98
	99	99
	101	100
	102	101
	104	103
	108	107
	111	110
	112	111
	113	112
	114	113
	117	116
net/minecraft/client/renderer/blockentity/state/ShulkerBoxRenderState	8	8
	8	8
com/mojang/realmsclient/dto/RegionDataDto	0	0
net/minecraft/client/particle/LargeSmokeParticle	21	32
	16	18
	17	19
	21	32
	9	11
	10	12
net/minecraft/client/gui/font/GlyphRenderTypes	38	25
	17	12
	18	13
	19	13
	35	22
	20	13
	36	23
	37	24
	38	25
	26	18
	27	18
	28	18
	29	18
net/minecraft/client/multiplayer/ServerStatusPinger	246	225
	46	46
	47	47
	49	48
	50	49
	51	50
	52	51
	53	52
	55	53
	58	58
	59	59
	60	59
	61	59
	62	60
	63	61
	64	161
	67	63
	69	64
	71	65
	73	66
	74	67
	76	68
	83	74
	84	75
	85	123
	87	77
	88	78
	89	79
	91	80
	92	81
	93	82
	94	83
	95	84
	96	85
	97	86
	99	87
	100	88
	101	89
	103	90
	104	91
	105	93
	107	95
	108	96
	110	98
	112	101
	114	104
	115	105
	117	108
	119	110
	121	112
	122	112
	123	112
	125	113
	126	114
	127	115
	128	116
	130	118
	132	119
	133	120
	134	121
	135	123
	139	127
	140	128
	141	129
	142	130
	148	135
	149	136
	150	137
	152	138
	154	139
	155	140
	159	143
	160	144
	161	145
	163	147
	167	150
	172	155
	173	156
	174	157
	175	158
	177	161
	180	164
	181	165
	182	166
	183	167
	186	172
	187	172
	188	172
	193	176
	194	177
	197	180
	199	181
	200	182
	201	183
	202	184
	203	185
	204	186
	206	187
	208	188
	209	188
	210	189
	213	192
	214	193
	215	194
	219	198
	220	199
	221	201
	222	202
	224	203
	225	204
	227	206
	228	207
	232	211
	235	214
	236	215
	237	217
	238	218
	240	219
	241	220
	242	221
	246	225
net/minecraft/client/renderer/feature/RenderTypeFeatureRenderer	89	88
	66	64
	67	65
	68	66
	71	69
	72	70
	73	71
	75	74
	80	78
	81	79
	82	80
	83	81
	85	84
	86	85
	23	22
	87	86
	88	87
	89	88
	27	26
	32	31
	33	32
	34	33
	35	34
	36	35
	40	39
	41	41
	42	42
	43	43
	44	44
	45	45
	48	48
	52	52
	53	53
net/minecraft/client/gui/screens/reporting/ChatReportScreen	88	86
	65	67
	66	68
	67	69
	69	71
	72	74
	73	75
	74	76
	76	78
	78	81
	79	82
	19	18
	20	19
	85	86
	86	86
	88	86
	27	25
	28	26
	31	29
	32	30
	35	33
	36	34
	40	39
	41	41
	42	42
	43	43
	44	44
	45	46
	47	49
	48	50
	50	51
	51	52
	52	53
	53	55
	54	57
	56	58
	57	59
	58	60
	59	61
	60	62
	61	63
com/mojang/realmsclient/dto/RealmsWorldOptions	121	122
	13	13
	16	15
	19	17
	22	19
	25	21
	28	23
	31	25
	34	27
	37	29
	44	34
	47	45
	48	46
	49	47
	50	48
	51	49
	52	50
	53	51
	54	52
	57	55
	61	61
	62	62
	63	63
	64	64
	65	65
	66	66
	70	71
	74	76
	75	77
	76	78
	80	82
	81	83
	84	86
	85	87
	86	88
	88	91
	89	92
	93	96
	94	97
	96	100
	97	101
	99	104
	100	105
	102	107
	105	110
	106	111
	107	111
	110	111
	112	113
	117	118
	121	122
net/minecraft/client/gui/screens/dialog/ButtonListDialogScreen	41	35
	33	33
	18	17
	19	18
	35	34
	36	34
	37	34
	23	23
	25	24
	41	35
	26	25
	27	26
net/minecraft/client/model/effects/package-info	0	0
net/minecraft/client/model/monster/phantom/package-info	0	0
net/minecraft/client/gui/screens/inventory/BlastFurnaceScreen	29	26
	16	15
	17	16
	19	17
	21	21
	28	25
	29	26
	15	14
net/minecraft/client/particle/BubbleParticle	61	65
	12	14
	13	15
	15	16
	17	17
	18	18
	19	19
	21	20
	22	21
	26	25
	27	26
	28	27
	30	28
	31	29
	32	40
	35	31
	36	32
	37	33
	38	34
	39	35
	41	36
	42	37
	44	40
	48	44
	55	51
	56	52
	60	65
	61	65
com/mojang/blaze3d/preprocessor/package-info	0	0
com/mojang/realmsclient/client/worldupload/RealmsCreateWorldFlow	106	133
	65	82
	66	83
	68	85
	70	88
	73	91
	74	92
	76	95
	77	96
	79	98
	81	101
	83	104
	85	106
	87	109
	90	117
	91	118
	92	119
	95	122
	97	123
	98	124
	99	125
	100	126
	37	36
	101	127
	102	128
	103	129
	40	48
	104	130
	106	133
	43	52
	44	53
	45	54
	46	55
	47	56
	49	60
	50	62
	51	64
	52	66
	54	69
	55	70
	57	73
	58	74
	59	75
	60	76
	62	79
	63	80
net/minecraft/client/renderer/item/ItemModels	22	27
	16	21
	17	22
	18	23
	19	24
	20	25
	21	26
	22	27
	11	16
	14	19
	15	20
com/mojang/blaze3d/systems/GpuSurfaceBackend	0	0
net/minecraft/client/gui/screens/inventory/CrafterScreen	126	129
	18	19
	19	20
	20	21
	21	22
	22	23
	27	27
	28	28
	29	29
	33	33
	34	34
	35	35
	39	39
	40	40
	42	42
	43	43
	44	44
	45	45
	49	49
	50	50
	51	51
	57	56
	58	57
	61	60
	62	61
	65	64
	66	65
	69	68
	70	69
	71	70
	72	71
	73	72
	77	76
	78	77
	79	78
	81	80
	83	83
	84	84
	85	85
	86	86
	89	89
	91	91
	94	94
	95	95
	99	99
	100	100
	102	101
	103	103
	104	106
	106	108
	109	111
	110	112
	112	114
	113	115
	115	117
	117	120
	118	121
	122	125
	123	126
	124	127
	125	128
	126	129
com/mojang/realmsclient/dto/OutboundPlayer	0	0
net/minecraft/client/renderer/entity/player/package-info	0	0
net/minecraft/client/renderer/item/properties/select/SelectItemModelProperties	22	28
	16	22
	17	23
	18	24
	19	25
	20	26
	21	27
	22	28
	9	15
	12	18
	13	19
	14	20
	15	21
net/minecraft/client/model/monster/warden/package-info	0	0
net/minecraft/client/renderer/blockentity/state/package-info	0	0
net/minecraft/client/renderer/item/properties/select/Charge	41	37
	16	16
	17	17
	36	32
	21	22
	22	23
	23	24
	41	37
	26	26
	27	26
	31	26
net/minecraft/client/gui/components/AbstractTextAreaWidget	128	140
	128	140
	65	74
	67	75
	68	76
	69	77
	71	80
	74	83
	12	13
	77	86
	81	90
	19	23
	20	24
	23	36
	87	95
	24	37
	25	38
	26	39
	92	105
	30	43
	31	44
	97	110
	36	49
	37	50
	101	114
	38	51
	102	115
	39	52
	40	53
	41	54
	105	118
	42	55
	106	119
	107	120
	45	59
	110	123
	50	64
	51	80
	54	65
	118	131
	55	66
	58	69
	122	135
	60	70
	61	71
	62	72
	63	73
net/minecraft/client/renderer/entity/player/AvatarRenderer	315	300
	256	257
	257	258
	258	259
	259	260
	260	261
	261	262
	262	263
	266	266
	267	267
	269	268
	270	269
	272	270
	274	271
	275	272
	278	275
	279	276
	281	278
	282	279
	286	280
	289	281
	290	282
	292	283
	294	284
	297	287
	299	289
	304	292
	305	293
	50	50
	306	293
	52	51
	308	293
	53	54
	54	55
	311	295
	56	58
	57	59
	58	60
	59	61
	315	300
	60	62
	61	63
	62	64
	63	65
	64	66
	65	67
	69	70
	74	74
	75	75
	76	75
	79	75
	83	79
	84	80
	86	81
	87	82
	90	83
	91	84
	94	87
	95	87
	97	87
	103	91
	104	92
	107	95
	108	96
	111	99
	112	100
	113	101
	114	102
	115	105
	116	106
	117	109
	118	110
	119	113
	120	114
	121	117
	122	118
	123	121
	124	122
	125	125
	126	126
	127	129
	128	130
	131	134
	132	135
	133	136
	135	138
	136	138
	138	138
	143	143
	148	147
	149	148
	150	149
	154	154
	155	155
	156	156
	157	157
	158	158
	162	161
	167	165
	168	166
	169	167
	170	168
	171	169
	172	170
	173	171
	174	172
	175	173
	176	174
	177	175
	178	176
	179	177
	180	178
	181	179
	182	180
	183	181
	185	182
	186	183
	187	184
	188	185
	190	186
	191	187
	192	188
	193	189
	194	190
	197	193
	201	196
	205	201
	206	202
	207	203
	208	204
	209	205
	210	206
	211	207
	212	208
	214	210
	215	211
	217	213
	220	216
	221	217
	222	218
	223	219
	225	220
	227	221
	228	222
	230	223
	231	224
	232	225
	233	226
	234	227
	235	228
	236	229
	238	230
	239	231
	240	232
	241	233
	244	238
	245	239
	248	244
	249	245
	254	255
	255	256
com/mojang/realmsclient/gui/screens/RealmsBrokenWorldScreen	235	266
	37	36
	38	37
	59	50
	60	51
	61	52
	62	53
	66	57
	68	58
	70	59
	71	60
	73	62
	75	64
	79	68
	83	72
	84	73
	85	74
	88	76
	89	78
	90	79
	91	83
	92	85
	94	88
	95	91
	96	92
	97	92
	100	94
	103	99
	104	100
	105	101
	108	104
	110	106
	114	110
	115	111
	119	115
	121	116
	123	118
	124	119
	127	122
	128	155
	131	123
	132	124
	133	125
	135	139
	138	155
	141	158
	145	162
	149	166
	150	167
	151	167
	152	169
	153	170
	154	171
	155	172
	156	173
	159	192
	160	178
	162	179
	163	181
	166	184
	167	185
	168	186
	169	187
	170	188
	173	194
	174	195
	177	198
	180	201
	181	202
	182	203
	183	204
	185	205
	186	206
	188	208
	190	210
	191	211
	192	212
	193	213
	194	214
	196	216
	200	220
	201	221
	204	224
	210	241
	211	242
	212	243
	213	244
	214	245
	215	246
	216	247
	217	248
	218	249
	219	250
	221	252
	224	255
	225	256
	226	257
	227	258
	229	260
	230	261
	231	262
	234	265
	235	266
net/minecraft/client/gui/screens/RecoverWorldDataScreen	175	158
	128	108
	129	109
	130	110
	131	113
	132	114
	133	115
	134	116
	135	117
	136	118
	137	119
	139	121
	141	124
	146	129
	147	131
	148	132
	150	130
	155	138
	156	139
	157	140
	32	31
	161	144
	162	145
	163	146
	36	33
	164	147
	37	34
	165	148
	38	35
	39	36
	40	37
	41	38
	169	152
	42	39
	43	40
	44	41
	174	157
	175	158
	54	50
	55	51
	56	52
	57	53
	58	54
	59	55
	60	56
	61	57
	62	58
	63	59
	64	60
	65	61
	66	62
	68	63
	70	64
	71	65
	72	66
	74	67
	75	68
	76	68
	78	68
	80	68
	81	68
	83	69
	84	70
	86	70
	88	71
	89	72
	90	73
	92	76
	93	77
	94	77
	96	77
	98	77
	99	77
	102	78
	103	79
	107	82
	108	83
	109	84
	110	94
	111	99
	112	101
	114	85
	115	86
	116	87
	117	88
	119	90
	121	92
	122	101
	125	104
	126	105
net/minecraft/client/gui/contextualbar/package-info	0	0
net/minecraft/client/particle/GustSeedParticle	49	59
	33	35
	42	43
	43	44
	44	45
	45	46
	14	15
	15	16
	16	17
	17	18
	49	59
	18	19
	22	23
	23	24
	24	25
	25	26
	26	27
	27	28
	30	32
	31	33
com/mojang/blaze3d/GpuDeviceLossException	6	6
	5	5
	6	6
com/mojang/blaze3d/font/UnbakedGlyph	0	0
net/minecraft/client/gui/screens/MultiplayerOptionsScreen	279	288
	256	253
	257	254
	258	257
	259	258
	261	261
	262	262
	264	263
	265	264
	266	265
	273	271
	274	272
	275	273
	276	274
	277	275
	278	276
	279	288
	28	27
	29	28
	30	29
	31	30
	32	31
	33	32
	34	33
	35	35
	36	36
	56	53
	57	54
	58	55
	62	59
	63	60
	64	61
	65	147
	68	63
	70	64
	71	65
	72	66
	73	67
	74	69
	75	70
	77	71
	78	72
	79	73
	80	74
	83	76
	84	77
	85	78
	86	79
	87	80
	90	83
	91	84
	92	85
	93	86
	95	89
	96	90
	98	93
	99	94
	101	96
	102	97
	104	98
	105	99
	106	100
	107	101
	108	102
	109	103
	110	104
	111	105
	113	108
	114	109
	115	110
	116	111
	118	112
	119	113
	120	114
	122	115
	123	116
	124	117
	125	119
	126	120
	127	121
	128	122
	129	123
	131	125
	132	126
	133	127
	134	129
	135	130
	136	131
	137	133
	138	134
	139	135
	140	136
	141	137
	144	140
	145	141
	146	142
	147	143
	148	144
	149	145
	150	147
	153	150
	154	151
	155	152
	156	153
	157	154
	159	157
	160	158
	161	159
	162	160
	163	161
	164	162
	167	166
	168	167
	169	167
	170	167
	172	169
	175	172
	176	182
	178	173
	179	174
	180	175
	181	176
	183	178
	184	179
	186	182
	189	185
	190	186
	192	189
	193	190
	195	193
	196	194
	199	197
	200	198
	202	200
	205	203
	209	207
	215	211
	218	214
	222	218
	223	219
	224	220
	225	227
	227	222
	228	223
	229	224
	230	225
	231	227
	234	230
	235	231
	236	232
	237	233
	241	237
	242	238
	246	242
	247	243
	250	246
	251	247
	252	248
	255	252
net/minecraft/client/model/monster/illager/package-info	0	0
net/minecraft/client/renderer/MapRenderer	102	102
	31	29
	32	30
	33	31
	37	40
	38	41
	39	42
	40	43
	41	44
	42	45
	44	46
	45	48
	46	49
	49	50
	50	51
	51	52
	52	53
	53	54
	55	55
	56	56
	57	57
	58	58
	59	59
	60	60
	61	61
	62	62
	63	63
	65	64
	68	67
	69	68
	70	69
	71	70
	73	71
	74	72
	75	73
	76	74
	77	75
	78	77
	81	80
	83	83
	86	86
	87	87
	89	89
	90	90
	92	92
	95	95
	96	96
	97	97
	98	98
	99	99
	100	100
	101	101
	102	102
net/minecraft/client/renderer/entity/layers/CapeLayer	63	67
	32	34
	33	35
	34	39
	36	36
	37	37
	42	51
	43	67
	46	52
	47	53
	48	67
	51	54
	52	67
	55	55
	56	56
	57	57
	26	28
	27	29
	28	30
	60	60
	29	31
	62	63
	63	67
net/minecraft/client/model/animal/turtle/AdultTurtleModel	77	61
	64	53
	66	55
	67	56
	68	56
	69	56
	71	58
	72	59
	73	59
	74	59
	77	61
	21	17
	22	18
	23	19
	27	23
	28	24
	30	25
	31	26
	33	28
	36	31
	37	32
	39	33
	40	33
	41	33
	42	33
	44	34
	45	36
	46	37
	47	39
	48	41
	50	43
	51	45
	52	45
	53	46
	55	48
	56	49
	57	50
	58	50
	59	50
	61	52
	62	53
	63	53
net/minecraft/client/gui/components/PlainTextButton	26	26
	16	16
	17	17
	18	18
	19	19
	20	20
	24	24
	25	25
	26	26
net/minecraft/client/model/geom/ModelLayerLocation	8	8
	8	8
net/minecraft/client/multiplayer/LegacyServerPinger	78	69
	64	56
	65	57
	66	58
	68	59
	72	63
	73	64
	77	68
	78	69
	15	14
	21	19
	22	20
	23	21
	27	25
	28	26
	30	29
	31	30
	35	31
	36	32
	37	33
	38	34
	39	35
	40	36
	41	37
	42	38
	43	39
	44	40
	46	41
	47	42
	48	43
	49	44
	51	46
	55	49
	57	50
	58	51
	59	52
	61	53
	62	54
	63	55
net/minecraft/client/multiplayer/prediction/package-info	0	0
net/minecraft/client/sounds/SoundEventListener	0	0
net/minecraft/client/particle/WaterDropParticle	73	77
	68	63
	69	64
	73	77
	12	12
	13	13
	14	14
	15	15
	17	16
	18	17
	20	18
	21	19
	25	23
	30	28
	31	29
	32	30
	34	31
	35	32
	36	57
	39	34
	40	35
	41	36
	42	37
	43	38
	45	39
	46	40
	47	41
	49	44
	50	45
	53	48
	54	49
	55	50
	56	51
	59	53
	60	54
	62	57
net/minecraft/client/gui/components/ImageButton	29	31
	17	17
	18	18
	21	23
	22	24
	23	25
	27	29
	28	30
	13	13
	29	31
	14	14
com/mojang/blaze3d/resource/ResourceHandle	10	9
	5	5
	10	9
com/mojang/realmsclient/dto/WorldDownload	29	23
	18	13
	20	16
	21	17
	22	18
	23	19
	25	21
	26	22
	29	23
	15	10
net/minecraft/client/model/animal/rabbit/BabyRabbitModel	104	72
	15	13
	20	14
	23	17
	24	18
	26	19
	27	19
	28	19
	30	20
	31	22
	32	22
	33	23
	35	25
	36	25
	37	25
	39	26
	40	28
	41	28
	42	29
	44	31
	45	32
	46	32
	47	32
	49	34
	50	35
	51	35
	52	35
	54	37
	55	37
	56	37
	57	37
	59	38
	60	38
	61	38
	63	39
	64	40
	65	40
	67	42
	68	44
	69	44
	70	45
	72	47
	73	48
	74	48
	76	50
	77	52
	78	52
	79	53
	81	55
	82	55
	83	55
	85	56
	86	57
	87	57
	89	59
	90	61
	91	61
	92	62
	94	64
	95	65
	96	65
	98	67
	99	69
	100	69
	101	70
	104	72
net/minecraft/client/resources/WaypointStyle	70	63
	66	58
	67	59
	69	62
	70	63
	26	17
	28	18
	29	20
	30	21
	31	22
	32	24
	36	34
	37	35
	39	36
	40	37
	42	39
	43	40
	45	41
	49	29
	51	29
	53	30
	56	46
	57	47
	59	50
	60	51
	62	54
	63	55
net/minecraft/client/resources/metadata/gui/GuiMetadataSection	14	13
	8	8
	10	9
	11	10
	12	11
	14	13
net/minecraft/client/gui/screens/options/InWorldGameRulesScreen	138	124
	128	114
	132	118
	133	119
	134	120
	135	121
	138	124
	26	26
	36	35
	37	36
	38	37
	39	38
	43	42
	44	43
	45	44
	48	45
	52	49
	53	50
	54	51
	55	52
	57	55
	58	56
	61	59
	62	60
	63	61
	65	61
	68	63
	72	67
	73	68
	75	69
	76	70
	78	72
	80	74
	81	74
	82	74
	85	76
	87	78
	90	81
	94	85
	98	89
	100	107
	103	90
	104	91
	105	92
	106	93
	107	94
	108	95
	110	97
	112	98
	113	99
	116	102
	117	103
	118	104
	120	105
	121	107
	124	110
	125	111
	126	112
	127	113
com/mojang/blaze3d/opengl/GlQueryPool	57	54
	34	29
	35	31
	37	35
	40	37
	41	38
	44	41
	13	12
	14	13
	15	14
	48	45
	49	46
	19	18
	53	50
	54	51
	55	52
	24	23
	25	24
	57	54
	26	24
	29	24
net/minecraft/client/renderer/blockentity/SpawnerRenderer	56	66
	32	36
	33	41
	35	37
	36	38
	37	39
	38	41
	42	44
	43	45
	45	47
	48	58
	49	59
	50	60
	51	61
	52	62
	21	21
	53	63
	22	22
	54	64
	55	65
	56	66
	26	25
	31	35
net/minecraft/client/data/models/blockstates/ConditionBuilder	41	41
	32	32
	36	36
	37	37
	41	41
	12	12
	15	15
	16	16
	19	19
	20	20
	25	25
	26	26
	27	27
	28	28
	29	29
	30	30
	31	31
net/minecraft/client/multiplayer/chat/report/ReportingContext	76	78
	64	66
	68	70
	69	71
	72	74
	76	78
	23	21
	24	22
	25	23
	26	24
	29	27
	30	28
	31	29
	35	33
	36	34
	37	36
	38	39
	39	40
	40	41
	42	43
	44	45
	45	46
	46	47
	47	48
	48	49
	51	53
	53	55
	56	58
	60	62
net/minecraft/client/renderer/feature/package-info	0	0
net/minecraft/client/renderer/entity/ElderGuardianRenderer	16	16
	16	16
	8	8
	11	11
	12	12
net/minecraft/client/gui/layouts/LayoutSettings	162	142
	128	113
	133	117
	73	69
	138	121
	139	122
	76	72
	140	123
	77	73
	78	74
	79	75
	80	76
	81	77
	145	127
	82	78
	146	128
	86	81
	151	132
	152	133
	91	85
	157	137
	96	89
	33	29
	97	89
	98	89
	162	142
	99	89
	37	33
	104	93
	41	37
	105	94
	45	41
	110	98
	111	99
	49	45
	116	103
	53	49
	117	104
	122	108
	123	109
	61	57
com/mojang/blaze3d/buffers/Std140SizeCalculator	71	68
	64	61
	65	62
	69	66
	70	67
	71	68
	12	9
	16	13
	17	14
	21	18
	22	19
	23	20
	27	24
	28	25
	29	26
	33	30
	34	31
	35	32
	39	36
	40	37
	41	38
	45	42
	46	43
	47	44
	51	48
	52	49
	53	50
	57	54
	58	55
	59	56
	63	60
net/minecraft/client/renderer/entity/PillagerRenderer	26	23
	16	15
	17	16
	21	19
	26	23
	11	11
	14	14
net/minecraft/client/renderer/blockentity/state/SkullBlockRenderState	10	11
	9	10
	10	11
com/mojang/blaze3d/GLFWErrorScope	24	25
	19	19
	20	20
	21	23
	23	21
	24	25
	13	13
	14	14
	15	15
net/minecraft/client/searchtree/SearchTree	25	26
	16	16
	19	19
	20	21
	21	22
	23	25
	25	26
	11	11
	15	15
net/minecraft/client/resources/model/geometry/BakedQuad	87	80
	69	62
	71	64
	72	65
	41	34
	42	35
	74	67
	43	36
	44	37
	76	70
	45	38
	46	39
	80	74
	51	44
	52	45
	84	78
	53	46
	85	79
	54	47
	86	80
	55	48
	87	80
	56	49
net/minecraft/client/particle/SpitParticle	22	33
	17	19
	18	20
	22	33
	9	11
	10	12
	11	13
net/minecraft/client/gui/screens/worldselection/EditWorldScreen	232	205
	42	40
	43	41
	44	42
	45	43
	46	44
	47	45
	48	46
	49	47
	50	48
	51	49
	52	50
	65	60
	66	61
	70	65
	71	66
	72	67
	74	68
	75	69
	76	70
	77	71
	78	72
	81	73
	82	74
	83	74
	84	74
	85	74
	86	75
	87	75
	88	75
	89	75
	92	76
	93	77
	94	77
	95	78
	96	79
	97	80
	98	80
	99	80
	100	80
	102	81
	103	81
	104	81
	106	81
	107	81
	109	83
	110	84
	112	84
	113	84
	114	84
	115	84
	116	85
	117	86
	119	88
	120	88
	121	89
	122	90
	124	93
	125	94
	126	95
	128	98
	129	99
	130	99
	131	99
	133	101
	134	102
	135	107
	136	108
	137	110
	138	110
	139	112
	140	119
	141	120
	142	121
	145	123
	146	124
	148	125
	149	126
	153	130
	154	131
	158	135
	159	136
	163	140
	164	141
	165	142
	169	146
	170	147
	171	148
	172	149
	174	151
	179	157
	180	158
	184	162
	185	163
	186	164
	187	165
	189	168
	190	169
	193	172
	194	172
	196	172
	200	176
	201	177
	202	178
	203	179
	204	179
	207	182
	209	184
	210	185
	211	186
	213	188
	214	188
	215	189
	216	190
	217	191
	218	192
	220	193
	221	194
	222	195
	223	196
	224	197
	230	203
	231	204
	232	205
net/minecraft/client/renderer/blockentity/BrushableBlockRenderer	77	91
	66	69
	68	70
	69	71
	70	73
	71	76
	72	79
	73	82
	74	85
	75	88
	77	91
	24	25
	25	26
	29	29
	34	39
	35	40
	36	41
	38	42
	39	43
	42	48
	43	49
	47	54
	48	66
	51	55
	52	56
	53	57
	55	58
	56	59
	57	60
	58	61
	59	62
	61	63
	62	64
	63	66
net/minecraft/client/renderer/texture/Stitcher	263	209
	128	110
	256	201
	129	111
	131	112
	259	204
	263	209
	13	14
	147	135
	148	136
	149	137
	150	138
	151	139
	26	25
	154	142
	27	26
	28	27
	29	28
	30	29
	158	146
	33	32
	163	150
	164	151
	37	36
	167	154
	168	155
	41	41
	43	41
	171	156
	44	41
	172	192
	46	43
	47	44
	176	157
	50	47
	178	158
	51	48
	179	159
	53	50
	54	51
	55	52
	183	162
	184	163
	58	55
	187	164
	189	165
	190	166
	192	167
	65	58
	66	59
	68	61
	71	64
	75	68
	76	69
	77	70
	207	168
	208	169
	81	74
	209	170
	210	171
	211	172
	213	174
	214	175
	216	177
	91	78
	92	79
	93	80
	94	81
	96	82
	97	83
	226	178
	99	84
	227	179
	100	85
	103	88
	104	89
	106	91
	107	92
	110	94
	238	180
	114	98
	242	184
	243	185
	116	99
	244	186
	117	100
	120	103
	248	190
	121	104
	124	106
	252	197
	125	107
	253	198
	254	199
	255	200
net/minecraft/client/renderer/texture/atlas/sources/LazyLoadedImage	52	51
	32	31
	33	32
	34	33
	35	34
	41	40
	45	44
	46	45
	47	46
	48	47
	49	48
	20	19
	52	51
	21	20
	22	21
	23	22
	26	25
	27	26
	28	27
	29	28
	30	29
	31	30
net/minecraft/client/renderer/entity/layers/SpinAttackEffectLayer	31	34
	20	19
	21	20
	22	21
	26	31
	27	34
	30	32
	15	15
	31	34
net/minecraft/client/particle/LavaParticle	63	68
	33	30
	38	35
	39	36
	44	41
	13	12
	45	42
	14	13
	46	43
	15	14
	47	44
	16	15
	48	45
	17	16
	18	17
	19	18
	51	48
	21	19
	23	20
	24	21
	57	54
	58	55
	28	25
	62	68
	63	68
net/minecraft/client/telemetry/TelemetryEventType	235	217
	23	23
	27	25
	28	26
	29	27
	30	27
	32	27
	35	30
	51	42
	56	45
	58	46
	59	47
	60	48
	61	49
	62	50
	63	51
	64	52
	66	53
	67	54
	68	55
	69	56
	70	57
	72	58
	73	59
	74	60
	75	61
	76	62
	77	63
	78	64
	79	65
	80	66
	81	67
	83	68
	84	69
	85	70
	86	71
	87	72
	88	73
	90	74
	91	75
	92	76
	93	77
	94	78
	96	79
	97	80
	98	81
	99	82
	100	83
	101	84
	103	85
	104	86
	105	87
	106	88
	107	89
	108	90
	109	91
	110	92
	120	100
	121	101
	122	102
	123	103
	124	104
	125	104
	128	105
	131	108
	135	112
	139	116
	143	120
	147	124
	151	128
	152	130
	153	131
	155	134
	159	138
	164	143
	168	147
	172	151
	176	155
	180	159
	184	163
	185	164
	186	166
	187	167
	188	168
	189	169
	190	170
	192	173
	195	176
	196	177
	197	178
	198	179
	201	183
	211	193
	212	194
	213	195
	216	198
	217	199
	221	203
	222	204
	226	208
	227	209
	231	213
	232	214
	233	215
	235	217
net/minecraft/client/model/ambient/BatModel	107	78
	30	27
	31	28
	32	29
	33	30
	34	31
	35	32
	36	33
	37	34
	39	35
	40	36
	41	37
	44	40
	45	41
	47	42
	48	43
	49	43
	50	43
	52	45
	53	46
	54	46
	55	46
	57	48
	58	48
	59	48
	60	48
	62	49
	63	49
	64	49
	65	49
	67	50
	68	51
	69	51
	70	51
	72	53
	73	54
	74	54
	75	54
	77	56
	78	57
	79	57
	80	57
	82	59
	83	60
	84	60
	85	60
	87	62
	88	62
	89	62
	90	62
	92	63
	97	67
	98	68
	99	69
	101	72
	102	73
	103	74
	106	77
	107	78
net/minecraft/client/model/animal/armadillo/package-info	0	0
net/minecraft/client/player/ClientInput	25	31
	16	14
	20	18
	8	7
	24	22
	9	8
	25	31
	12	11
net/minecraft/client/renderer/state/gui/pip/PictureInPictureRenderState	30	30
	23	23
	29	29
	30	30
net/minecraft/client/resources/metadata/package-info	0	0
net/minecraft/client/renderer/entity/ArmorModelSet	45	37
	34	28
	35	29
	36	30
	37	31
	38	32
	45	37
	20	14
	21	15
	22	16
	23	17
	24	18
	25	19
	30	24
net/minecraft/client/gui/narration/NarrationThunk	54	47
	34	32
	35	33
	39	37
	40	38
	43	40
	44	40
	14	12
	47	40
	17	15
	18	16
	19	17
	52	46
	53	47
	22	20
	54	47
	26	24
	30	28
net/minecraft/client/gui/screens/options/LanguageSelectScreen	143	141
	129	126
	130	128
	131	129
	132	130
	133	131
	134	133
	135	134
	137	135
	138	136
	139	137
	143	141
	27	22
	30	24
	39	31
	40	32
	41	33
	42	34
	46	38
	47	39
	48	40
	49	41
	50	42
	51	43
	52	44
	53	45
	55	47
	56	48
	57	49
	61	53
	62	54
	64	56
	66	58
	70	62
	71	63
	76	67
	80	71
	81	72
	82	73
	83	74
	84	76
	85	78
	86	79
	90	83
	91	84
	92	85
	94	87
	97	90
	98	91
	99	92
	100	93
	101	94
	102	95
	105	99
	106	100
	110	104
	112	105
	113	106
	114	111
	115	113
	116	114
	117	115
	119	117
	121	119
	122	120
	124	122
	127	125
net/minecraft/client/model/animal/armadillo/AdultArmadilloModel	94	77
	16	14
	23	15
	27	18
	28	19
	30	20
	31	22
	32	23
	33	25
	34	27
	36	29
	37	31
	38	31
	39	32
	41	34
	42	34
	43	34
	45	35
	46	37
	47	37
	48	38
	50	40
	51	40
	52	40
	54	41
	55	43
	56	43
	57	44
	59	46
	60	46
	61	46
	63	47
	64	49
	65	49
	66	50
	68	52
	69	54
	70	54
	71	55
	73	57
	74	59
	75	59
	76	60
	78	62
	79	64
	80	64
	81	65
	83	67
	84	69
	85	69
	86	70
	88	72
	89	74
	90	74
	91	75
	94	77
com/mojang/realmsclient/Unit	48	43
	34	28
	38	32
	39	33
	40	34
	42	37
	43	38
	44	39
	15	14
	16	15
	48	43
	20	19
	21	20
	23	21
	24	22
	25	23
	30	28
	31	28
net/minecraft/client/package-info	0	0
net/minecraft/client/particle/AshParticle	21	40
	16	26
	17	27
	21	40
	9	19
	10	20
net/minecraft/client/resources/sounds/UnderwaterAmbientSoundHandler	39	37
	32	30
	33	31
	34	32
	35	33
	36	34
	39	37
	18	17
	19	18
	20	19
	24	23
	26	24
	27	25
	28	26
	29	27
	30	28
	31	29
net/minecraft/client/model/object/crystal/package-info	0	0
com/mojang/blaze3d/audio/PollingDeviceTracker	22	21
	16	15
	21	20
	22	21
	11	10
	12	11
net/minecraft/client/renderer/state/gui/pip/GuiEntityRenderState	13	47
	12	35
	13	47
net/minecraft/client/multiplayer/prediction/BlockStatePredictionHandler	91	93
	66	68
	67	69
	70	72
	79	81
	16	16
	80	82
	81	83
	82	84
	19	19
	20	22
	21	23
	85	87
	86	88
	23	24
	25	26
	90	92
	91	93
	28	29
	29	30
	30	31
	32	34
	33	35
	37	39
	38	41
	39	42
	40	43
	41	44
	42	45
	43	46
	45	47
	48	50
	51	53
	52	54
	53	55
	58	60
	59	61
	62	64
net/minecraft/client/multiplayer/chat/ChatTrustLevel	80	63
	67	51
	71	55
	72	56
	73	57
	74	58
	15	14
	16	15
	80	63
	17	16
	20	18
	25	22
	26	23
	29	26
	30	27
	33	29
	34	29
	37	29
	41	34
	42	35
	45	38
	46	39
	47	39
	50	39
	54	43
	55	43
	56	43
	58	43
	59	43
	63	47
net/minecraft/client/renderer/entity/state/PiglinRenderState	9	9
	9	9
net/minecraft/client/particle/SimpleAnimatedParticle	58	55
	15	13
	16	14
	17	15
	18	16
	19	17
	22	20
	23	21
	24	22
	25	23
	26	24
	27	25
	30	28
	31	29
	32	30
	33	31
	34	32
	38	36
	43	41
	44	42
	45	43
	46	44
	48	45
	49	46
	50	47
	51	48
	54	51
	58	55
net/minecraft/client/multiplayer/chat/report/BanReason	50	46
	8	7
	9	8
	10	9
	11	10
	12	11
	13	12
	14	13
	15	14
	16	15
	17	16
	18	17
	19	18
	20	19
	26	24
	27	25
	30	28
	34	32
	37	37
	38	33
	39	35
	40	36
	41	38
	42	39
	43	40
	44	41
	45	42
	46	43
	47	44
	48	45
	49	46
	50	34
net/minecraft/client/renderer/blockentity/state/HangingSignRenderState	6	6
	6	6
net/minecraft/client/renderer/entity/state/AxolotlRenderState	10	10
	7	7
	10	10
net/minecraft/client/particle/WhiteAshParticle	30	49
	16	26
	22	32
	23	33
	27	46
	12	22
	28	47
	13	23
	29	48
	14	24
	30	49
	15	25
net/minecraft/client/renderer/entity/layers/CrossedArmsItemLayer	41	36
	32	26
	33	28
	36	31
	37	32
	38	33
	39	34
	40	35
	41	36
	17	15
	18	16
	22	21
	23	22
	24	28
	27	23
	28	24
	30	25
net/minecraft/client/renderer/feature/FeatureRendererMap	48	45
	32	28
	34	30
	38	35
	43	40
	12	11
	44	41
	45	42
	15	14
	16	15
	48	45
	18	18
	19	19
	23	22
	24	22
	26	22
	30	26
	31	27
net/minecraft/client/renderer/item/properties/select/ContextEntityType	31	33
	17	17
	21	23
	26	28
	15	15
	31	33
net/minecraft/client/model/animal/nautilus/NautilusArmorModel	32	36
	32	36
	17	16
	18	17
	19	18
	20	19
	23	22
	24	23
	26	24
	28	25
	29	30
	30	32
net/minecraft/client/gui/narration/NarratedElementType	0	0
net/minecraft/client/player/LocalPlayerResolver	47	41
	34	29
	39	33
	40	34
	41	35
	42	36
	43	37
	47	41
	19	16
	20	17
	21	18
	25	21
	26	22
	28	23
	29	24
	30	25
com/mojang/blaze3d/opengl/GlCommandEncoder	736	853
	49	46
	70	61
	71	62
	72	65
	73	66
	74	67
	78	71
	79	72
	82	75
	86	79
	91	84
	92	85
	93	86
	94	87
	96	90
	97	91
	100	94
	101	95
	103	98
	104	99
	106	100
	108	102
	110	105
	111	106
	112	107
	114	108
	116	111
	117	112
	119	113
	121	116
	123	117
	128	120
	129	121
	131	122
	136	128
	141	133
	142	134
	143	135
	144	137
	145	138
	147	141
	148	142
	149	145
	150	146
	151	147
	152	148
	153	150
	154	151
	155	152
	158	153
	159	154
	160	155
	161	156
	164	161
	165	162
	166	163
	167	164
	168	165
	172	169
	173	170
	174	171
	175	172
	176	173
	179	174
	180	175
	181	176
	183	179
	184	180
	185	181
	187	184
	188	185
	189	186
	190	187
	191	188
	196	193
	197	194
	198	195
	199	196
	200	197
	201	198
	202	199
	203	200
	207	204
	208	205
	209	206
	210	207
	211	208
	212	209
	213	210
	214	211
	215	212
	216	213
	220	226
	221	227
	222	228
	223	229
	224	230
	225	231
	226	232
	227	233
	228	234
	229	235
	230	236
	234	240
	235	241
	236	242
	237	243
	238	244
	239	245
	240	246
	241	247
	242	248
	243	249
	247	253
	248	254
	249	255
	250	256
	254	260
	255	261
	256	262
	257	263
	259	264
	260	265
	265	279
	266	280
	267	281
	269	283
	270	284
	272	287
	273	288
	274	289
	275	290
	276	291
	277	292
	283	310
	284	311
	285	312
	287	314
	288	315
	291	318
	292	319
	293	320
	295	321
	296	322
	298	323
	299	324
	300	325
	301	326
	302	327
	303	329
	304	339
	305	340
	309	344
	310	345
	314	359
	316	360
	317	361
	318	362
	319	363
	320	364
	321	365
	322	366
	323	367
	324	368
	326	369
	327	370
	328	371
	330	373
	335	387
	336	388
	337	389
	338	390
	339	391
	340	392
	341	393
	342	394
	344	397
	345	398
	346	399
	348	401
	351	404
	352	405
	353	406
	354	407
	355	408
	356	409
	357	410
	358	411
	359	412
	360	413
	364	417
	368	428
	369	484
	372	429
	373	430
	376	433
	377	434
	378	435
	379	436
	380	437
	381	438
	382	439
	384	442
	385	443
	386	444
	388	447
	389	448
	391	451
	392	452
	394	455
	395	456
	397	459
	398	460
	401	464
	402	465
	403	466
	404	467
	405	468
	406	469
	408	471
	411	474
	412	475
	413	478
	415	481
	417	484
	420	487
	421	488
	422	489
	423	490
	425	493
	426	494
	427	495
	429	498
	430	499
	433	503
	434	505
	435	506
	436	507
	438	510
	439	511
	443	515
	446	526
	447	534
	450	527
	452	528
	453	531
	454	532
	455	534
	458	544
	459	567
	462	545
	464	546
	465	549
	466	550
	467	552
	469	555
	470	556
	471	558
	473	567
	476	572
	477	596
	480	573
	482	574
	483	577
	484	578
	485	579
	486	580
	487	581
	489	583
	492	586
	493	587
	494	589
	496	592
	499	596
	502	608
	503	609
	504	610
	505	612
	507	622
	510	625
	511	626
	513	628
	516	630
	519	633
	521	634
	522	635
	525	638
	526	639
	529	642
	530	643
	531	644
	535	645
	536	646
	538	649
	540	650
	541	651
	542	652
	544	655
	545	656
	548	660
	549	661
	550	662
	552	665
	553	666
	555	669
	556	670
	561	676
	562	677
	563	678
	564	679
	565	680
	566	681
	568	684
	569	685
	570	686
	571	689
	572	690
	574	693
	575	694
	581	699
	582	700
	584	702
	585	703
	591	706
	592	707
	594	708
	596	709
	597	710
	598	711
	599	712
	602	715
	603	716
	604	717
	606	718
	607	719
	608	720
	611	721
	612	722
	615	725
	617	726
	618	727
	620	730
	621	731
	622	732
	623	733
	624	734
	627	737
	628	738
	629	739
	633	743
	634	744
	635	745
	637	748
	638	749
	640	751
	641	752
	642	753
	644	755
	645	756
	647	759
	648	760
	649	761
	650	762
	653	768
	655	769
	656	771
	657	772
	659	775
	661	776
	662	777
	663	778
	665	780
	667	783
	672	787
	673	842
	675	788
	677	789
	678	790
	679	791
	680	792
	681	793
	682	794
	683	797
	684	798
	686	795
	689	801
	690	802
	691	803
	694	806
	695	807
	697	809
	700	812
	702	814
	703	815
	704	816
	707	817
	708	818
	709	819
	710	821
	711	826
	713	828
	717	833
	719	835
	720	836
	721	837
	722	838
	725	842
	729	846
	730	847
	731	848
	735	852
	736	853
net/minecraft/client/renderer/item/properties/numeric/RangeSelectItemModelProperties	23	29
	16	22
	17	23
	18	24
	19	25
	20	26
	21	27
	22	28
	23	29
	10	16
	13	19
	14	20
	15	21
net/minecraft/client/gui/components/ImageWidget	85	87
	32	32
	36	36
	71	71
	72	72
	73	73
	74	74
	43	43
	75	75
	15	15
	79	79
	16	16
	80	82
	50	50
	19	19
	51	51
	52	52
	84	86
	85	87
	23	23
	56	56
	57	57
	28	28
	61	61
	62	62
net/minecraft/client/gui/render/pip/GuiProfilerChartRenderer	70	64
	65	59
	70	64
	16	14
	21	18
	22	19
	23	21
	24	22
	25	23
	26	24
	28	25
	30	26
	31	27
	33	28
	34	29
	35	31
	36	32
	37	33
	38	34
	39	35
	41	37
	43	38
	44	39
	45	40
	46	41
	47	42
	48	43
	49	44
	50	45
	51	46
	54	47
	55	48
	56	49
	57	50
	59	53
	61	55
net/minecraft/client/renderer/entity/ShulkerBulletRenderer	69	59
	32	30
	66	56
	67	57
	68	58
	37	36
	69	59
	39	37
	41	38
	42	39
	43	40
	44	41
	46	42
	48	43
	50	44
	20	20
	52	45
	21	21
	54	47
	56	48
	57	49
	26	25
	27	26
	28	27
	61	52
net/minecraft/client/particle/ElderGuardianParticleGroup	55	59
	34	54
	35	55
	37	59
	42	37
	43	38
	44	39
	45	40
	47	41
	48	42
	49	43
	51	44
	52	45
	53	46
	23	20
	55	47
	24	21
	28	28
net/minecraft/client/color/package-info	0	0
net/minecraft/client/multiplayer/SessionSearchTrees	116	124
	36	36
	37	37
	38	38
	43	42
	44	43
	45	44
	48	47
	49	48
	51	50
	54	53
	55	53
	56	54
	57	55
	61	59
	62	62
	63	63
	64	64
	65	65
	66	66
	67	67
	69	68
	71	73
	72	71
	73	72
	75	75
	76	77
	77	78
	78	80
	81	83
	85	87
	86	90
	87	91
	88	92
	89	92
	91	92
	92	94
	93	95
	94	97
	97	100
	101	104
	102	107
	103	108
	105	109
	106	114
	107	112
	108	113
	110	116
	111	118
	112	119
	113	121
	116	124
net/minecraft/client/model/object/chest/ChestModel	108	69
	26	23
	27	24
	28	25
	29	26
	32	29
	33	30
	35	31
	36	31
	37	31
	40	32
	41	32
	42	32
	43	32
	45	33
	46	33
	47	33
	48	33
	51	34
	55	38
	56	39
	58	40
	60	41
	61	41
	62	41
	65	42
	66	43
	67	43
	68	43
	70	45
	71	46
	72	46
	73	46
	75	48
	79	52
	80	53
	82	54
	84	55
	85	55
	86	55
	89	56
	90	57
	91	57
	92	57
	94	59
	95	60
	96	60
	97	60
	100	62
	105	66
	106	67
	107	68
	108	69
net/minecraft/client/telemetry/TelemetryEventInstance	19	19
	16	16
	19	19
	8	8
	11	11
	12	12
	13	13
	15	15
net/minecraft/client/renderer/entity/CamelRenderer	58	62
	36	42
	41	46
	42	47
	43	48
	46	51
	47	52
	48	53
	17	18
	49	54
	18	19
	50	55
	51	56
	52	57
	21	22
	53	58
	22	23
	54	59
	23	24
	26	33
	58	62
	31	38
com/mojang/blaze3d/opengl/GlBuffer	153	138
	130	126
	15	13
	148	133
	149	134
	150	135
	23	19
	151	136
	24	20
	25	21
	153	138
	26	22
	29	25
	33	29
	34	34
	36	30
	37	31
	39	34
	48	43
	50	44
	51	45
	53	46
	54	47
	55	48
	57	51
	58	52
	60	55
	61	56
	63	59
	65	60
	67	61
	68	62
	70	64
	74	68
	79	73
	80	86
	82	74
	83	75
	84	76
	86	79
	87	80
	89	83
	90	84
	91	86
	97	90
	98	91
	100	94
	101	95
	103	98
	104	99
	106	102
	107	103
	109	106
	110	108
	113	112
	114	113
	116	116
	117	128
	120	117
	121	118
	123	119
	124	120
	125	121
	126	122
net/minecraft/client/gui/screens/inventory/AbstractContainerScreen	603	583
	512	488
	514	491
	516	492
	517	493
	518	494
	519	495
	520	496
	523	500
	527	504
	528	505
	529	506
	530	507
	532	510
	533	511
	534	512
	535	513
	540	518
	31	28
	33	29
	545	523
	34	30
	546	526
	548	524
	549	526
	553	530
	558	535
	563	540
	566	541
	567	544
	569	542
	571	546
	574	549
	577	552
	578	555
	69	58
	70	59
	582	561
	584	563
	73	62
	585	564
	74	63
	75	64
	76	65
	588	567
	77	66
	589	568
	78	67
	79	68
	80	69
	81	70
	593	572
	82	71
	83	72
	84	73
	598	577
	599	578
	88	77
	600	579
	89	78
	90	79
	602	582
	91	80
	603	583
	92	81
	95	84
	96	85
	100	89
	101	90
	102	91
	103	92
	106	95
	107	96
	109	97
	111	98
	112	99
	114	100
	116	101
	117	102
	119	103
	120	104
	121	105
	123	106
	124	107
	127	110
	128	111
	131	114
	132	115
	133	116
	134	117
	135	118
	137	119
	138	120
	140	121
	141	122
	144	126
	145	127
	147	129
	150	132
	151	133
	152	134
	155	137
	159	141
	160	142
	161	143
	162	143
	163	144
	168	149
	172	153
	173	154
	175	156
	178	159
	179	160
	181	162
	184	165
	185	173
	188	166
	189	167
	190	168
	192	173
	195	176
	196	176
	197	176
	198	176
	202	180
	206	184
	207	185
	208	186
	211	189
	212	190
	213	191
	216	194
	217	195
	218	196
	219	197
	220	198
	221	199
	222	200
	224	201
	225	202
	226	203
	228	206
	229	207
	231	208
	232	209
	233	210
	234	211
	235	212
	236	213
	239	216
	241	218
	242	219
	246	223
	247	224
	248	225
	249	226
	250	227
	254	231
	255	232
	256	233
	258	236
	259	237
	260	238
	262	240
	264	243
	266	245
	269	248
	270	249
	271	264
	274	250
	275	251
	276	264
	279	253
	281	255
	282	256
	283	257
	284	258
	285	259
	286	260
	288	264
	291	267
	292	268
	293	269
	296	273
	301	278
	302	279
	304	282
	305	283
	306	284
	307	285
	309	286
	310	289
	311	290
	312	291
	314	292
	315	293
	316	294
	319	297
	320	298
	323	301
	324	301
	325	302
	326	303
	327	304
	329	306
	330	307
	331	308
	332	309
	333	310
	334	311
	335	312
	337	315
	339	318
	341	320
	342	321
	343	322
	345	323
	346	324
	347	325
	348	326
	349	327
	350	328
	356	287
	359	334
	361	335
	365	339
	366	340
	367	341
	368	342
	370	345
	371	346
	372	347
	376	351
	379	354
	384	359
	385	360
	387	361
	388	362
	389	363
	393	365
	394	365
	397	365
	402	371
	403	372
	404	373
	405	374
	407	375
	408	376
	409	377
	412	380
	413	381
	416	384
	417	385
	418	386
	419	387
	420	388
	421	393
	426	398
	428	401
	430	403
	431	404
	432	405
	433	406
	434	407
	435	410
	436	411
	437	412
	440	415
	441	416
	442	417
	443	418
	444	419
	446	421
	447	422
	448	423
	450	426
	455	431
	457	432
	461	436
	465	440
	466	441
	467	442
	468	443
	470	444
	474	448
	475	449
	476	450
	477	451
	481	455
	484	458
	485	459
	487	462
	488	463
	489	464
	492	467
	493	468
	494	469
	495	470
	499	474
	502	477
	503	478
	507	482
	508	483
	510	486
	511	487
net/minecraft/client/renderer/texture/CubeMapTexture	57	71
	19	14
	22	17
	23	18
	27	22
	28	24
	29	25
	30	26
	31	27
	32	28
	33	30
	34	31
	35	32
	36	35
	38	49
	41	53
	47	59
	48	60
	49	61
	50	62
	51	63
	52	64
	53	65
	54	67
	55	68
	57	71
com/mojang/realmsclient/RealmsAvailability	81	81
	68	66
	69	67
	72	70
	73	71
	76	74
	77	75
	78	76
	79	77
	80	79
	81	81
	22	20
	27	24
	28	25
	30	28
	34	32
	35	33
	39	37
	40	38
	42	40
	43	41
	45	42
	46	44
	48	47
	49	48
	51	50
	52	51
	54	52
	56	55
	57	56
	58	56
	60	56
	63	59
net/minecraft/client/renderer/entity/state/SalmonRenderState	6	6
	6	6
net/minecraft/client/gui/components/debug/DebugEntrySoundMood	19	23
	18	19
	19	23
	13	17
	14	18
	15	23
net/minecraft/client/tutorial/CraftPlanksTutorialStep	84	80
	65	60
	66	61
	67	62
	69	64
	73	68
	74	69
	76	71
	79	74
	80	75
	81	76
	20	19
	84	80
	21	20
	28	26
	29	27
	33	31
	35	32
	36	33
	37	56
	40	35
	41	36
	42	37
	43	38
	44	39
	45	40
	46	41
	48	44
	49	45
	50	46
	55	51
	56	51
	57	52
	58	53
	61	56
net/minecraft/client/model/object/banner/package-info	0	0
net/minecraft/client/renderer/texture/atlas/sources/DirectoryLister	32	28
	16	13
	32	28
	17	13
	18	14
	22	19
	24	20
	25	21
	26	22
	27	23
	28	24
	15	12
net/minecraft/client/gui/components/ComponentRenderUtils	49	40
	32	30
	34	31
	35	32
	37	33
	38	34
	40	35
	42	35
	44	35
	48	39
	49	40
	19	18
	22	21
	26	25
	27	26
	28	27
	29	28
com/mojang/blaze3d/framegraph/FrameGraphBuilder	362	351
	256	184
	257	185
	261	189
	265	193
	266	194
	268	197
	269	198
	270	199
	271	200
	276	205
	277	205
	23	22
	279	205
	24	23
	25	24
	29	28
	30	29
	31	30
	288	343
	289	344
	290	345
	35	34
	39	40
	40	41
	296	351
	41	42
	42	43
	46	47
	47	48
	50	51
	52	52
	308	231
	53	53
	309	232
	54	55
	310	233
	55	56
	311	234
	58	59
	315	238
	60	61
	61	62
	62	63
	63	64
	319	242
	320	243
	66	67
	322	246
	67	68
	323	247
	68	69
	70	71
	326	250
	71	72
	327	251
	72	73
	73	74
	329	254
	330	255
	331	256
	76	77
	79	80
	80	81
	338	164
	83	83
	339	165
	84	84
	340	166
	85	85
	86	86
	344	170
	89	90
	90	91
	91	92
	95	96
	353	213
	99	100
	100	102
	356	216
	101	103
	102	104
	359	219
	105	105
	106	107
	362	222
	107	108
	110	112
	114	115
	115	116
	116	116
	117	116
	118	117
	121	120
	122	139
	125	121
	126	122
	129	124
	130	125
	135	128
	136	129
	137	130
	138	131
	143	136
	144	137
	145	139
	148	142
	149	144
	150	145
	151	146
	152	147
	153	148
	154	149
	155	150
	157	152
	159	155
	162	158
	179	271
	180	272
	181	273
	184	276
	185	277
	187	279
	190	282
	191	283
	195	287
	196	288
	197	289
	202	294
	203	295
	206	298
	208	299
	209	300
	211	303
	212	304
	216	308
	221	313
	222	314
	226	318
	227	319
	230	322
	231	323
	232	324
	237	329
	238	330
	242	334
	254	182
	255	183
com/mojang/blaze3d/opengl/GlDebugLabel	141	139
	65	61
	131	129
	132	130
	70	65
	71	66
	136	134
	73	68
	137	135
	77	72
	141	139
	78	73
	16	15
	82	77
	19	18
	83	78
	22	21
	87	82
	88	83
	25	24
	28	27
	92	87
	93	88
	31	30
	97	92
	34	33
	98	93
	37	36
	102	97
	103	98
	40	39
	41	40
	42	41
	43	42
	107	102
	45	45
	46	46
	47	47
	49	50
	114	112
	51	53
	115	113
	117	115
	55	57
	121	119
	122	120
	126	124
	127	125
net/minecraft/client/gui/render/package-info	0	0
net/minecraft/client/renderer/block/dispatch/SingleVariant	44	44
	16	16
	34	34
	20	20
	21	21
	38	38
	25	25
	43	43
	44	44
	30	30
	15	15
net/minecraft/client/renderer/chunk/ChunkSectionsToRender	52	65
	33	35
	34	40
	35	46
	36	47
	37	48
	39	50
	40	51
	41	52
	42	54
	43	55
	44	56
	45	57
	47	60
	52	65
	26	29
	27	30
	28	31
	29	32
	30	33
	31	34
net/minecraft/client/model/monster/shulker/package-info	0	0
net/minecraft/client/gui/components/IMEPreeditOverlay	89	74
	65	57
	67	58
	69	61
	72	64
	73	65
	74	65
	76	65
	15	14
	79	67
	80	68
	81	69
	18	15
	83	70
	85	71
	87	72
	89	74
	36	32
	37	33
	38	34
	39	35
	40	36
	42	37
	43	38
	44	39
	47	42
	48	43
	49	44
	54	48
	55	49
	56	50
	57	51
	58	52
	62	55
	63	56
net/minecraft/client/model/animal/feline/BabyFelineModel	159	142
	15	14
	16	15
	20	18
	21	19
	23	20
	24	23
	25	25
	26	27
	27	29
	30	33
	31	34
	34	36
	35	37
	38	39
	39	40
	42	42
	43	43
	46	45
	47	46
	50	48
	51	50
	54	53
	56	54
	61	58
	63	59
	65	60
	66	61
	67	62
	68	63
	69	64
	70	65
	71	66
	72	67
	73	68
	74	69
	75	70
	76	71
	77	72
	80	75
	81	76
	83	77
	84	78
	85	79
	86	80
	87	81
	88	82
	89	83
	90	84
	91	85
	93	87
	94	88
	95	89
	96	90
	98	91
	99	92
	101	94
	104	97
	105	98
	106	99
	108	100
	110	101
	111	102
	112	103
	114	104
	116	105
	119	108
	120	109
	122	110
	123	111
	124	112
	125	113
	126	114
	128	115
	129	116
	130	117
	131	118
	133	119
	134	120
	135	121
	136	122
	138	123
	139	124
	140	125
	141	126
	142	127
	143	128
	145	129
	146	130
	148	131
	149	132
	150	133
	151	134
	152	135
	153	136
	156	139
	157	140
	159	142
net/minecraft/client/resources/model/sprite/AtlasManager	215	209
	129	134
	130	128
	131	129
	132	130
	134	132
	136	134
	138	135
	139	137
	140	137
	144	141
	145	142
	146	143
	147	146
	148	147
	149	148
	150	149
	151	151
	152	152
	153	153
	29	32
	157	157
	158	159
	31	33
	165	181
	38	40
	166	182
	167	183
	168	184
	177	170
	178	171
	181	174
	182	175
	55	55
	56	56
	57	57
	58	58
	59	59
	60	60
	62	63
	63	64
	193	163
	66	67
	194	164
	67	68
	68	69
	70	71
	74	76
	75	77
	203	197
	204	198
	205	199
	78	80
	206	200
	79	81
	209	203
	210	204
	83	85
	211	205
	84	86
	85	87
	86	88
	87	89
	215	209
	91	93
	92	94
	93	95
	96	97
	97	98
	98	99
	99	100
	101	102
	106	108
	107	109
	108	110
	109	111
	111	112
	113	113
	114	114
	115	115
	116	116
	117	117
	119	118
	121	119
	122	120
	126	125
	127	126
net/minecraft/client/renderer/debug/RedstoneWireOrientationsRenderer	19	21
	16	18
	17	19
	18	20
	19	21
	13	15
	14	16
	15	17
net/minecraft/client/particle/TotemParticle	38	44
	33	30
	34	31
	38	44
	9	11
	11	12
	13	13
	14	14
	15	15
	17	16
	19	17
	20	18
	22	19
	23	20
	25	22
	27	24
com/mojang/realmsclient/util/task/DownloadTask	72	77
	64	69
	65	70
	66	54
	68	73
	72	77
	15	15
	17	16
	25	23
	26	24
	27	25
	28	26
	29	27
	33	31
	35	32
	37	36
	38	37
	40	40
	41	41
	42	42
	43	43
	45	46
	46	47
	47	48
	48	49
	49	50
	51	53
	52	55
	53	56
	54	57
	56	60
	57	61
	58	62
	59	63
	60	64
	61	65
	63	68
net/minecraft/client/resources/sounds/MinecartSoundInstance	61	57
	20	19
	21	20
	22	21
	23	22
	24	23
	25	24
	26	25
	27	26
	28	27
	32	31
	37	36
	42	41
	43	42
	44	57
	47	44
	48	45
	49	46
	51	47
	52	48
	53	49
	54	50
	56	51
	58	53
	59	54
	61	57
net/minecraft/client/gui/screens/inventory/EnchantmentScreen	238	232
	30	31
	31	31
	32	32
	33	33
	35	36
	36	36
	37	37
	38	38
	40	40
	41	42
	42	44
	43	45
	44	46
	59	58
	60	59
	64	63
	65	64
	66	65
	70	69
	71	70
	72	71
	73	72
	77	76
	78	77
	79	79
	80	80
	81	81
	82	82
	83	82
	84	83
	85	84
	89	88
	94	93
	95	94
	96	95
	97	96
	98	97
	100	98
	102	99
	103	101
	104	102
	105	103
	107	104
	108	105
	109	106
	112	108
	113	109
	114	110
	115	111
	117	112
	118	113
	119	114
	120	115
	121	116
	123	118
	124	119
	125	120
	126	121
	127	122
	128	123
	130	125
	132	128
	133	129
	134	130
	136	133
	138	136
	141	139
	142	140
	143	141
	145	142
	146	143
	147	144
	148	145
	149	146
	150	147
	154	151
	155	152
	157	153
	158	154
	160	156
	161	157
	163	158
	164	159
	167	160
	169	161
	170	162
	171	163
	173	164
	175	168
	176	169
	177	170
	178	171
	181	174
	182	175
	184	177
	186	180
	189	182
	190	183
	192	185
	194	188
	198	192
	199	193
	202	197
	205	200
	207	201
	208	202
	210	205
	211	206
	214	209
	215	210
	217	211
	218	213
	219	214
	220	215
	221	216
	225	220
	226	221
	228	223
	230	226
	232	227
	233	228
	234	229
	235	230
	237	231
	238	232
net/minecraft/client/renderer/entity/state/BlockDisplayEntityRenderState	10	10
	10	10
com/mojang/blaze3d/opengl/GlUtil	17	12
	17	12
	10	7
	11	8
	12	9
	13	10
	14	12
	15	12
net/minecraft/client/model/animal/fish/package-info	0	0
com/mojang/blaze3d/vulkan/glsl/package-info	0	0
net/minecraft/client/entity/ClientMannequin	102	90
	66	56
	68	57
	69	58
	70	59
	73	62
	74	63
	78	67
	83	72
	20	19
	22	20
	87	76
	88	77
	92	80
	32	27
	33	27
	97	85
	34	27
	35	28
	38	31
	102	90
	39	32
	40	33
	44	36
	45	37
	46	38
	48	40
	49	41
	50	42
	51	43
	54	46
	58	49
	60	50
	61	51
	63	53
net/minecraft/client/model/monster/piglin/ZombifiedPiglinModel	17	15
	16	14
	17	15
	10	9
	11	10
	15	13
net/minecraft/client/particle/GeyserBaseParticle	47	61
	32	37
	33	38
	39	44
	40	45
	44	58
	45	59
	46	60
	47	61
	21	28
	22	29
	24	30
	25	31
	26	32
	27	33
	28	34
	29	35
	31	36
net/minecraft/client/renderer/item/properties/conditional/IsCarried	22	23
	17	18
	22	23
	12	12
net/minecraft/client/renderer/block/model/CompositeBlockModel	37	28
	16	14
	17	15
	18	16
	34	27
	35	28
	36	28
	37	28
	22	20
	23	21
	24	22
net/minecraft/client/renderer/entity/state/BoggedRenderState	0	0
net/minecraft/client/particle/WaterCurrentDownParticle	69	71
	64	57
	65	58
	69	71
	15	15
	17	16
	19	17
	21	18
	22	19
	23	20
	25	21
	26	22
	27	23
	28	24
	32	28
	37	33
	38	34
	39	35
	41	36
	42	37
	43	51
	46	39
	47	40
	48	41
	49	42
	50	43
	51	44
	53	45
	54	46
	57	49
	58	51
com/mojang/blaze3d/systems/GpuBackend	0	0
net/minecraft/client/renderer/entity/state/RavagerRenderState	0	0
net/minecraft/client/resources/sounds/ElytraOnPlayerSoundInstance	57	50
	17	14
	19	15
	20	16
	21	17
	22	18
	23	19
	27	23
	28	24
	29	48
	30	50
	33	25
	34	26
	35	27
	37	28
	38	29
	39	30
	41	32
	45	35
	46	36
	47	37
	48	38
	51	41
	52	42
	53	43
	55	45
	57	50
net/minecraft/client/multiplayer/AccountProfileKeyPairManager	153	145
	128	119
	129	120
	130	121
	131	122
	132	123
	134	123
	137	126
	141	131
	142	132
	143	145
	147	137
	148	138
	149	139
	151	140
	152	141
	153	142
	34	35
	36	36
	38	37
	47	44
	48	45
	49	46
	53	50
	54	51
	55	52
	60	57
	61	58
	63	59
	67	63
	68	64
	69	65
	71	66
	73	69
	77	72
	78	73
	79	74
	80	75
	81	76
	82	77
	85	78
	86	81
	90	85
	91	86
	94	89
	95	90
	96	91
	97	92
	98	93
	104	99
	105	100
	106	101
	109	104
	110	116
	113	105
	114	116
	117	106
	119	108
	120	109
	121	110
	122	111
	124	113
	125	116
net/minecraft/client/ClientClockManager	52	48
	34	32
	36	33
	37	34
	38	35
	39	36
	40	37
	41	38
	42	39
	46	42
	17	16
	52	48
	21	20
	22	21
	24	23
	25	24
	26	25
	27	26
	28	27
	30	29
net/minecraft/client/input/InputWithModifiers	93	82
	32	25
	65	54
	36	29
	69	58
	40	33
	73	62
	44	37
	77	66
	48	41
	81	70
	52	45
	21	17
	85	74
	22	17
	23	17
	57	49
	89	78
	58	50
	27	21
	59	50
	28	21
	61	50
	93	82
net/minecraft/client/renderer/debug/StructureRenderer	27	31
	16	19
	17	20
	18	22
	19	23
	20	24
	22	26
	26	30
	27	31
	15	18
net/minecraft/client/renderer/entity/state/HoglinRenderState	0	0
net/minecraft/client/renderer/entity/state/ShulkerRenderState	14	14
	9	9
	14	14
com/mojang/blaze3d/vulkan/VulkanRenderPipeline	261	234
	256	229
	257	230
	258	231
	259	232
	260	233
	261	234
	39	47
	44	54
	45	55
	46	55
	47	55
	48	55
	49	56
	50	58
	51	60
	52	61
	55	64
	56	65
	57	66
	58	67
	59	67
	60	67
	61	67
	62	67
	63	67
	65	68
	66	68
	67	69
	68	70
	69	71
	70	72
	71	73
	73	74
	75	76
	76	78
	77	80
	78	82
	79	84
	80	85
	81	86
	85	87
	86	87
	87	88
	88	89
	89	90
	90	91
	92	92
	93	93
	94	93
	95	94
	96	95
	98	96
	101	99
	102	100
	103	100
	104	101
	105	102
	106	103
	107	104
	108	105
	109	106
	112	111
	113	112
	114	113
	116	114
	117	114
	118	115
	119	116
	121	117
	122	117
	123	118
	124	119
	125	120
	127	121
	128	122
	131	125
	132	125
	133	126
	134	127
	136	128
	137	128
	138	129
	139	130
	140	131
	141	132
	142	133
	144	134
	145	134
	146	134
	148	135
	149	136
	150	139
	151	140
	153	141
	154	142
	155	143
	158	146
	159	147
	160	147
	161	149
	162	150
	163	151
	164	152
	166	155
	168	158
	170	159
	171	159
	172	159
	173	159
	175	160
	176	160
	177	160
	178	160
	179	160
	181	161
	182	161
	183	162
	184	163
	185	164
	187	165
	188	165
	189	165
	190	165
	195	166
	196	167
	197	169
	198	170
	199	171
	201	174
	202	175
	204	176
	205	176
	206	177
	207	178
	208	179
	209	180
	210	181
	211	182
	212	183
	213	184
	214	185
	215	186
	216	187
	217	188
	218	189
	220	190
	221	192
	222	194
	223	195
	226	197
	227	198
	228	200
	229	202
	230	203
	232	205
	235	208
	241	214
	242	222
	244	215
	245	216
	246	217
	247	218
	248	219
	249	220
	250	222
	253	227
	254	227
	255	228
com/mojang/realmsclient/util/task/RestoreTask	69	74
	64	70
	69	74
	14	14
	16	15
	23	21
	24	22
	25	23
	26	24
	30	28
	31	29
	33	33
	34	34
	36	37
	37	38
	38	39
	39	40
	41	43
	42	44
	43	45
	44	46
	45	47
	47	50
	48	52
	49	53
	50	54
	52	57
	53	58
	54	59
	55	60
	56	61
	57	62
	59	65
	60	66
	61	67
	62	51
net/minecraft/client/gui/components/debug/DebugEntrySoundCache	26	30
	20	24
	21	25
	22	26
	23	27
	26	30
	15	14
net/minecraft/client/model/animal/sheep/SheepModel	43	34
	32	24
	33	25
	35	27
	40	31
	41	32
	42	33
	43	34
	18	15
	19	16
	22	19
	23	20
	25	21
	26	21
	27	21
	28	21
	30	22
	31	24
com/mojang/blaze3d/preprocessor/GlslPreprocessor	151	130
	129	112
	130	113
	131	114
	134	117
	135	118
	142	124
	143	125
	146	128
	19	18
	147	129
	20	20
	148	130
	21	21
	149	130
	151	130
	24	24
	25	25
	27	26
	28	27
	32	31
	34	32
	36	33
	37	34
	38	35
	39	37
	40	38
	44	39
	45	40
	46	41
	47	42
	50	45
	54	46
	56	47
	57	48
	58	49
	59	50
	60	51
	63	54
	64	55
	65	56
	68	57
	70	58
	71	59
	73	62
	76	64
	77	67
	81	70
	82	71
	84	72
	87	77
	88	78
	89	79
	91	82
	95	86
	96	87
	97	88
	99	89
	101	89
	103	89
	106	91
	110	96
	111	97
	112	98
	113	98
	114	98
	116	99
	120	103
	124	107
	125	108
	126	109
net/minecraft/client/renderer/entity/layers/SheepWoolUndercoatLayer	32	35
	16	16
	32	35
	21	20
	22	21
	23	22
	27	32
	28	35
	31	33
net/minecraft/client/model/object/statue/CopperGolemStatueModel	18	16
	16	14
	17	15
	18	16
	11	10
	12	11
net/minecraft/client/renderer/state/level/ParticleGroupRenderState	9	9
	9	9
net/minecraft/client/model/animal/panda/BabyPandaModel	74	63
	64	53
	65	54
	66	55
	67	56
	68	57
	69	58
	70	59
	71	60
	72	61
	73	62
	74	63
	16	14
	17	15
	20	18
	21	19
	23	20
	24	20
	25	20
	26	20
	28	21
	29	23
	30	24
	31	26
	32	28
	33	30
	34	32
	36	34
	37	35
	38	35
	39	35
	41	37
	42	38
	43	38
	44	38
	46	40
	47	41
	48	41
	49	41
	51	43
	52	44
	53	44
	54	44
	57	46
	62	51
	63	52
net/minecraft/client/renderer/SubmitNodeCollection	274	348
	259	333
	260	334
	261	335
	265	339
	266	340
	267	341
	269	343
	271	345
	274	348
	70	81
	90	89
	91	90
	92	91
	96	103
	97	123
	100	104
	102	105
	103	106
	104	107
	105	108
	107	109
	109	110
	110	111
	112	112
	113	113
	114	115
	116	118
	119	121
	120	123
	124	138
	125	144
	129	148
	130	149
	134	153
	135	154
	139	169
	141	170
	142	172
	144	174
	145	175
	146	176
	147	177
	149	179
	153	183
	154	184
	155	185
	156	186
	160	191
	161	192
	162	193
	164	198
	168	202
	169	203
	170	204
	171	205
	173	207
	176	210
	177	211
	179	213
	183	225
	185	226
	186	228
	187	230
	188	231
	190	233
	194	237
	195	238
	196	239
	197	240
	200	248
	203	251
	204	252
	205	254
	206	254
	208	254
	215	260
	216	261
	217	267
	221	273
	222	274
	223	275
	225	277
	227	279
	231	292
	233	293
	234	294
	235	295
	237	297
	240	300
	241	301
	243	315
	247	321
	248	322
	249	323
	250	324
	251	325
	253	327
	255	329
net/minecraft/client/renderer/debug/GameTestBlockHighlightRenderer	42	37
	32	27
	33	28
	34	29
	35	30
	38	33
	39	34
	40	35
	42	37
	17	15
	23	18
	24	19
	25	20
	28	23
	29	24
net/minecraft/client/gui/components/tabs/TabManager	66	71
	66	71
	22	21
	23	22
	26	27
	27	28
	28	29
	29	30
	30	31
	33	34
	34	35
	35	36
	36	37
	38	39
	41	42
	42	43
	45	46
	46	47
	47	48
	49	51
	50	52
	51	53
	52	54
	54	57
	55	58
	57	61
	58	62
	60	65
	61	66
	63	68
net/minecraft/client/renderer/block/dispatch/multipart/package-info	0	0
net/minecraft/client/renderer/blockentity/PistonHeadRenderer	94	88
	67	64
	68	73
	71	65
	72	66
	73	67
	74	68
	75	69
	76	70
	78	73
	81	76
	82	77
	83	78
	84	79
	85	80
	86	81
	87	82
	88	83
	26	25
	94	88
	31	35
	33	36
	34	37
	35	38
	36	39
	37	40
	39	41
	41	42
	42	43
	43	44
	45	45
	47	46
	48	47
	49	48
	51	49
	52	50
	53	52
	54	53
	56	54
	57	55
	58	56
	60	58
	63	61
net/minecraft/client/renderer/entity/BlazeRenderer	30	27
	16	15
	20	18
	25	23
	12	11
	30	27
	15	14
net/minecraft/realms/package-info	0	0
net/minecraft/client/renderer/item/properties/conditional/package-info	0	0
com/mojang/blaze3d/shaders/UniformType	0	0
net/minecraft/client/renderer/entity/RenderLayerParent	0	0
com/mojang/blaze3d/vertex/PoseStack	181	169
	131	124
	134	125
	135	126
	136	127
	138	133
	141	130
	142	131
	143	133
	146	136
	19	17
	147	137
	148	138
	23	21
	151	141
	24	22
	152	142
	153	143
	27	25
	28	26
	156	146
	157	147
	158	148
	31	29
	159	149
	32	30
	162	152
	35	33
	163	153
	36	34
	165	154
	39	37
	167	155
	40	38
	169	157
	43	41
	44	42
	172	160
	47	45
	175	163
	48	46
	176	164
	51	49
	179	167
	52	50
	180	168
	53	51
	181	169
	54	52
	56	54
	58	56
	61	59
	62	60
	64	63
	65	64
	68	67
	72	71
	76	75
	77	76
	80	79
	81	80
	84	83
	85	84
	91	89
	97	92
	98	93
	99	94
	102	97
	103	98
	104	99
	105	100
	108	103
	114	107
	118	111
	122	115
	123	116
	127	120
net/minecraft/client/gui/GuiGraphicsExtractor	934	1455
	110	119
	111	120
	112	121
	113	122
	114	123
	115	124
	116	125
	117	126
	118	127
	119	128
	122	131
	123	132
	126	135
	127	136
	130	139
	131	140
	134	143
	138	147
	142	151
	146	155
	147	156
	150	159
	151	160
	154	163
	155	163
	156	164
	157	165
	160	168
	161	169
	164	172
	168	176
	169	177
	170	178
	171	179
	173	182
	174	183
	177	186
	178	187
	179	188
	180	189
	182	192
	183	193
	186	196
	187	197
	190	200
	191	201
	192	202
	193	203
	195	206
	196	207
	197	208
	198	209
	200	212
	201	213
	204	216
	205	217
	208	220
	209	221
	212	224
	213	225
	214	226
	215	227
	216	228
	219	241
	225	243
	226	243
	228	246
	231	249
	232	250
	234	253
	235	254
	238	257
	239	258
	242	261
	243	264
	245	262
	246	264
	249	267
	250	268
	253	271
	254	274
	256	272
	257	274
	260	277
	261	278
	264	281
	265	282
	268	285
	269	286
	272	289
	273	290
	274	291
	277	294
	278	295
	281	298
	282	299
	285	302
	286	303
	287	304
	289	306
	292	309
	293	310
	294	311
	295	312
	297	315
	298	316
	301	331
	302	332
	305	346
	306	347
	309	363
	310	364
	313	381
	320	394
	323	399
	324	400
	327	414
	328	415
	331	418
	332	419
	335	424
	336	425
	339	430
	340	431
	341	432
	342	433
	343	434
	344	436
	345	437
	346	439
	347	440
	351	444
	354	458
	355	459
	358	474
	359	475
	360	476
	361	477
	364	479
	365	480
	366	481
	368	483
	371	486
	372	487
	375	492
	376	495
	378	493
	379	493
	382	493
	383	493
	386	495
	389	510
	390	525
	392	511
	393	513
	396	518
	397	519
	398	520
	399	521
	402	525
	405	537
	406	538
	407	539
	408	540
	409	541
	410	542
	411	543
	412	718
	413	544
	414	545
	415	546
	416	562
	417	718
	418	565
	419	566
	420	567
	421	583
	422	718
	426	597
	428	598
	430	614
	432	627
	434	640
	436	656
	438	669
	440	685
	442	701
	443	718
	446	736
	447	755
	449	737
	450	738
	451	740
	454	745
	455	746
	456	747
	457	748
	461	752
	463	755
	466	772
	467	796
	469	773
	470	793
	472	774
	473	775
	474	776
	477	786
	478	787
	479	788
	480	789
	482	796
	485	811
	486	812
	487	813
	490	829
	491	835
	494	853
	495	873
	498	876
	502	880
	503	881
	506	884
	507	885
	510	888
	511	889
	514	892
	515	907
	518	893
	519	894
	521	897
	525	897
	527	898
	528	899
	529	900
	531	901
	532	902
	533	903
	535	904
	537	907
	540	910
	541	911
	544	914
	545	915
	548	918
	549	919
	552	922
	553	929
	555	923
	556	924
	557	925
	558	926
	559	927
	560	929
	563	932
	564	933
	565	934
	566	935
	567	936
	569	938
	572	941
	573	942
	574	943
	576	945
	579	948
	580	949
	581	952
	582	953
	583	954
	584	955
	586	957
	589	960
	590	961
	591	962
	593	963
	595	965
	596	966
	599	967
	600	968
	601	969
	602	970
	603	971
	605	972
	606	973
	607	974
	608	975
	610	991
	612	992
	613	993
	614	994
	615	995
	617	996
	618	997
	619	998
	620	999
	621	1005
	624	1009
	627	1022
	628	1023
	629	1027
	632	1041
	633	1043
	636	1056
	637	1057
	640	1062
	641	1064
	644	1067
	645	1068
	648	1071
	649	1072
	652	1075
	653	1076
	656	1079
	657	1082
	660	1085
	661	1086
	664	1091
	665	1092
	666	1093
	667	1094
	668	1095
	669	1096
	670	1097
	673	1109
	674	1110
	675	1111
	676	1112
	679	1115
	680	1116
	683	1119
	684	1120
	687	1123
	688	1124
	691	1127
	692	1136
	695	1139
	696	1140
	699	1145
	700	1148
	703	1158
	704	1161
	707	1172
	708	1177
	710	1173
	711	1174
	713	1177
	717	1187
	718	1188
	719	1190
	720	1191
	721	1192
	722	1193
	724	1196
	727	1199
	728	1200
	730	1201
	731	1202
	732	1203
	734	1204
	736	1205
	739	1206
	740	1208
	741	1209
	742	1210
	743	1211
	747	1214
	748	1216
	749	1217
	750	1218
	751	1219
	754	1222
	755	1223
	758	1226
	759	1227
	762	1230
	763	1231
	766	1234
	767	1235
	770	1238
	771	1239
	772	1240
	775	1243
	776	1244
	777	1245
	778	1246
	780	1248
	783	1251
	784	1252
	785	1253
	786	1264
	787	1266
	788	1277
	789	1278
	792	1258
	793	1292
	798	1293
	801	1300
	805	1304
	810	1308
	814	1312
	818	1318
	823	1322
	831	1433
	832	1434
	835	1437
	836	1438
	837	1439
	838	1440
	841	1443
	842	1444
	844	1447
	845	1448
	848	1451
	852	1455
	853	1455
	855	1455
	860	1326
	861	1327
	862	1328
	869	1334
	870	1335
	871	1336
	874	1339
	884	1353
	885	1354
	886	1355
	887	1356
	891	1360
	896	1365
	897	1366
	901	1369
	902	1370
	905	1373
	906	1374
	909	1377
	910	1378
	912	1380
	916	1386
	917	1387
	918	1389
	920	1400
	921	1401
	924	1404
	925	1405
	927	1407
	931	1419
	932	1420
	933	1421
	934	1422
net/minecraft/client/model/animal/frog/TadpoleModel	49	37
	32	28
	33	28
	35	29
	36	29
	37	29
	38	29
	41	30
	46	34
	47	35
	48	36
	49	37
	19	18
	20	19
	21	20
	24	23
	25	24
	27	25
	28	26
	29	27
	30	28
	31	28
net/minecraft/client/renderer/entity/ZombieRenderer	28	33
	18	16
	22	26
	23	28
	24	29
	25	30
	26	31
	28	33
	13	12
	14	13
net/minecraft/client/KeyMapping	238	228
	128	97
	129	98
	130	99
	131	100
	133	101
	134	102
	135	103
	138	106
	142	110
	146	114
	147	115
	21	20
	149	118
	22	21
	150	119
	154	123
	155	124
	27	204
	156	125
	28	205
	29	206
	30	207
	159	128
	31	208
	32	209
	33	210
	34	211
	163	132
	37	214
	167	136
	41	218
	42	219
	171	140
	43	220
	172	141
	45	223
	46	224
	176	144
	177	145
	178	145
	50	228
	180	145
	182	147
	55	31
	56	32
	186	152
	59	35
	187	153
	60	36
	188	153
	190	153
	63	39
	64	40
	65	41
	66	42
	195	157
	69	45
	199	161
	73	48
	74	50
	75	51
	203	165
	76	52
	204	166
	206	167
	79	55
	82	58
	210	171
	83	59
	85	61
	214	175
	88	64
	89	65
	90	66
	218	179
	93	69
	222	183
	96	72
	97	73
	98	74
	226	187
	101	77
	230	191
	231	192
	104	80
	105	82
	106	83
	234	195
	235	196
	108	85
	238	199
	119	88
	120	89
	123	92
	124	93
	127	96
net/minecraft/client/renderer/blockentity/DecoratedPotRenderer	233	247
	129	122
	131	123
	132	124
	133	125
	134	126
	136	127
	140	131
	141	132
	142	133
	143	134
	146	138
	153	142
	158	152
	159	153
	160	154
	162	155
	163	156
	164	157
	166	159
	168	161
	172	166
	173	167
	175	168
	178	169
	52	52
	181	170
	54	53
	182	171
	55	54
	184	172
	57	55
	185	173
	58	56
	59	57
	187	174
	60	58
	188	175
	61	59
	192	177
	193	178
	194	179
	198	183
	199	184
	200	185
	203	188
	207	192
	83	79
	211	203
	84	80
	212	204
	214	205
	87	83
	215	206
	88	84
	216	207
	218	208
	91	87
	219	209
	92	88
	220	220
	93	89
	221	221
	94	90
	222	224
	95	91
	223	225
	224	228
	97	92
	225	229
	98	93
	226	240
	99	94
	100	95
	101	96
	229	243
	102	97
	230	244
	231	245
	232	246
	105	100
	233	247
	106	101
	108	102
	109	103
	111	104
	112	106
	113	107
	114	109
	115	111
	118	113
	119	114
	120	115
	122	116
	126	120
	127	121
net/minecraft/client/particle/NoxiousGasParticle	43	61
	38	47
	39	48
	11	21
	43	61
	12	22
	13	23
	14	24
	15	25
	16	26
	17	27
	21	31
	23	32
	24	33
	25	34
	27	36
	31	40
net/minecraft/client/renderer/entity/layers/BreezeEyesLayer	28	33
	16	16
	21	20
	22	21
	23	22
	27	32
	28	33
net/minecraft/client/model/package-info	0	0
com/mojang/realmsclient/dto/RealmsWorldResetDto	0	0
net/minecraft/client/gui/screens/multiplayer/ServerReconfigScreen	65	60
	65	60
	35	32
	36	33
	37	35
	38	36
	39	37
	40	38
	41	39
	42	40
	46	44
	47	45
	51	49
	53	50
	54	51
	55	52
	24	21
	25	22
	26	23
	60	55
	61	56
	30	27
	63	58
net/minecraft/client/gui/components/debug/DebugEntryLight	47	51
	32	31
	33	32
	35	33
	37	35
	38	36
	39	38
	41	43
	43	46
	45	48
	47	51
	18	16
	22	25
	23	26
	25	27
	26	51
	29	28
	30	29
	31	30
com/mojang/blaze3d/pipeline/BlendEquation	0	0
net/minecraft/client/color/item/Dye	24	24
	19	19
	24	24
	13	13
	14	14
	15	14
net/minecraft/client/model/animal/rabbit/RabbitModel	44	34
	32	22
	33	23
	37	26
	38	27
	39	28
	40	29
	42	32
	43	33
	44	34
	29	19
	30	20
	31	21
net/minecraft/client/gui/screens/options/HasDifficultyReaction	0	0
net/minecraft/client/particle/AttackSweepParticle	56	62
	32	31
	34	32
	35	33
	36	37
	39	35
	40	37
	12	11
	44	41
	13	12
	14	13
	15	14
	16	15
	17	16
	18	17
	19	18
	51	48
	20	19
	52	49
	21	20
	56	62
	25	24
	30	29
	31	30
net/minecraft/client/renderer/state/level/SkyRenderState	23	24
	22	23
	7	8
	23	24
	15	16
net/minecraft/client/gui/screens/inventory/SmokerScreen	28	24
	16	15
	17	16
	19	17
	21	19
	27	23
	28	24
	15	14
net/minecraft/client/renderer/block/dispatch/BlockModelRotation	77	73
	33	30
	35	31
	67	63
	36	32
	37	33
	39	35
	72	68
	43	39
	77	73
	15	14
	47	43
	17	15
	51	47
	56	52
	26	23
	27	24
	28	25
	30	27
	62	58
net/minecraft/client/telemetry/events/WorldUnloadEvent	44	41
	33	32
	34	33
	38	37
	39	37
	40	38
	41	39
	42	40
	43	40
	44	41
	14	12
	19	17
	20	18
	21	19
	23	21
	26	24
	27	25
	29	28
	30	29
net/minecraft/client/gui/render/pip/OversizedItemRenderer	82	76
	65	60
	66	61
	67	62
	71	65
	72	66
	77	71
	82	76
	25	21
	29	25
	30	26
	33	29
	34	30
	38	34
	43	38
	44	39
	45	40
	46	41
	47	42
	48	43
	49	44
	50	45
	51	46
	52	47
	53	48
	54	49
	55	50
	57	52
	59	55
	60	56
	61	57
net/minecraft/client/model/monster/witch/package-info	0	0
com/mojang/blaze3d/opengl/BufferStorage	54	52
	34	49
	35	50
	36	51
	37	52
	44	25
	13	10
	45	26
	14	11
	46	27
	15	12
	17	14
	51	32
	52	33
	53	34
	54	35
	27	42
	28	43
	29	44
net/minecraft/client/renderer/rendertype/RenderSetup	173	188
	128	142
	129	143
	133	147
	134	148
	138	152
	139	153
	143	157
	144	158
	148	162
	149	163
	153	167
	154	168
	158	172
	159	173
	163	177
	164	178
	168	182
	169	183
	173	188
	48	45
	49	46
	50	47
	51	48
	52	49
	53	50
	54	51
	55	52
	56	53
	57	54
	58	55
	62	60
	66	75
	70	81
	71	82
	73	85
	74	86
	75	87
	77	90
	78	91
	80	94
	81	95
	82	96
	83	97
	85	100
	89	104
	90	105
	91	106
	97	111
	98	112
	102	116
	119	133
	120	134
	123	137
	124	138
net/minecraft/client/gui/screens/inventory/StonecutterScreen	221	210
	22	23
	23	24
	24	25
	25	26
	26	27
	27	28
	46	44
	47	45
	48	46
	49	47
	53	51
	54	52
	55	53
	56	54
	58	55
	59	56
	60	57
	61	58
	62	59
	64	60
	65	61
	66	62
	68	64
	72	68
	73	69
	75	70
	77	71
	78	72
	79	73
	83	77
	85	78
	86	79
	87	80
	89	81
	90	82
	91	84
	92	85
	94	86
	95	87
	96	88
	97	89
	98	90
	99	91
	103	95
	106	98
	107	99
	108	100
	109	101
	110	102
	113	104
	114	105
	115	106
	116	107
	118	109
	121	112
	122	113
	123	114
	124	115
	127	118
	130	121
	131	122
	132	124
	133	125
	134	126
	135	127
	136	128
	138	129
	139	130
	141	132
	145	136
	146	137
	147	138
	149	139
	150	141
	151	142
	152	143
	153	144
	154	145
	155	146
	156	147
	157	148
	161	152
	162	153
	163	154
	164	155
	168	159
	173	164
	174	165
	175	166
	177	167
	178	168
	180	169
	182	170
	184	172
	189	178
	190	179
	196	184
	197	185
	200	188
	201	189
	202	190
	203	191
	204	192
	206	195
	210	199
	214	203
	218	207
	219	208
	220	209
	221	210
net/minecraft/client/gui/navigation/FocusNavigationEvent	33	33
	33	19
	18	26
	24	10
	25	11
	11	33
	29	15
net/minecraft/client/gui/ActiveTextCollector	213	212
	128	91
	129	113
	132	92
	133	93
	134	94
	135	95
	138	98
	139	99
	143	103
	144	104
	147	107
	148	108
	150	110
	152	113
	155	116
	32	31
	33	32
	36	35
	37	36
	40	39
	41	40
	172	128
	173	129
	46	45
	47	46
	175	131
	50	49
	178	134
	51	50
	179	135
	180	136
	181	137
	57	55
	185	141
	58	56
	61	59
	62	60
	190	146
	191	147
	65	73
	66	74
	67	75
	195	153
	68	76
	196	155
	69	77
	197	157
	70	78
	198	158
	71	79
	72	80
	73	81
	74	82
	202	170
	203	171
	76	84
	204	172
	77	85
	205	173
	79	87
	208	176
	209	177
	213	181
	89	187
	90	188
	93	191
	98	195
	102	199
	103	199
	105	199
	109	203
	110	203
	112	203
	116	207
	117	208
	118	209
	120	212
	127	90
net/minecraft/client/gui/spectator/package-info	0	0
com/mojang/blaze3d/platform/IconSet	43	41
	34	32
	38	36
	39	37
	40	38
	41	39
	43	41
	13	12
	14	13
	20	18
	21	19
	24	22
	25	23
	26	24
	27	25
	28	26
	29	27
com/mojang/blaze3d/vulkan/VulkanRenderPass	384	399
	260	278
	261	282
	263	279
	264	280
	265	284
	268	287
	269	389
	272	288
	273	289
	274	290
	275	291
	276	292
	279	295
	280	296
	281	297
	283	300
	284	301
	287	305
	288	306
	289	307
	291	310
	292	311
	294	314
	295	315
	45	44
	305	321
	306	322
	307	324
	308	325
	309	327
	311	328
	312	329
	313	330
	314	331
	315	332
	316	333
	317	334
	318	335
	319	336
	322	339
	67	71
	323	340
	68	72
	324	341
	69	73
	325	342
	70	74
	71	75
	327	343
	72	76
	328	344
	73	77
	329	345
	74	78
	330	346
	75	79
	331	347
	332	348
	77	81
	334	351
	79	82
	335	352
	80	83
	336	353
	81	84
	337	354
	82	85
	83	86
	339	355
	84	87
	340	356
	85	88
	341	357
	342	358
	87	89
	343	359
	88	90
	344	360
	90	92
	348	363
	93	95
	349	365
	350	366
	351	367
	352	368
	353	369
	98	100
	354	370
	99	101
	355	371
	100	102
	357	373
	359	375
	104	106
	360	376
	105	107
	361	376
	362	376
	107	110
	108	111
	109	112
	365	379
	366	380
	113	116
	369	384
	114	117
	115	118
	371	387
	372	389
	117	121
	118	122
	119	123
	376	393
	123	127
	379	394
	124	130
	380	395
	125	133
	381	396
	127	131
	128	135
	384	399
	130	128
	131	129
	132	135
	136	139
	137	140
	138	141
	142	145
	143	146
	144	147
	148	151
	149	152
	151	154
	154	157
	155	158
	156	159
	157	160
	158	161
	162	165
	163	166
	165	168
	167	170
	171	174
	172	175
	173	176
	174	177
	176	179
	180	183
	181	184
	182	185
	184	187
	185	188
	189	192
	190	196
	192	193
	193	194
	194	198
	198	202
	199	208
	201	203
	202	205
	203	210
	207	214
	212	219
	213	225
	215	220
	216	222
	217	227
	221	237
	222	238
	223	239
	224	240
	227	243
	228	244
	229	245
	230	246
	231	247
	233	249
	237	253
	238	257
	240	254
	241	255
	242	257
	246	261
	247	267
	249	262
	250	264
	251	269
	255	273
net/minecraft/client/gui/screens/recipebook/SlotSelectTime	0	0
net/minecraft/client/resources/model/ModelGroupCollector	73	74
	64	63
	65	64
	69	68
	70	70
	71	71
	73	74
	26	24
	27	25
	29	26
	30	29
	32	30
	34	32
	35	33
	36	34
	38	36
	39	37
	40	38
	42	40
	43	41
	44	43
	45	44
	46	45
	47	46
	48	47
	52	51
	53	52
	54	53
	58	57
	63	62
net/minecraft/client/renderer/entity/state/BeeRenderState	5	5
	5	5
net/minecraft/client/model/monster/ghast/GhastModel	63	55
	21	21
	23	23
	24	24
	26	26
	29	29
	30	30
	32	31
	33	31
	34	31
	35	31
	38	32
	39	34
	40	35
	41	36
	42	37
	43	38
	44	39
	45	39
	46	39
	50	43
	55	47
	56	48
	57	49
	60	52
	61	53
	63	55
net/minecraft/client/gui/font/providers/FreeTypeUtil	70	66
	64	60
	65	61
	66	62
	67	63
	70	66
	12	11
	16	13
	19	16
	20	17
	21	18
	22	19
	23	20
	24	21
	27	25
	32	30
	33	31
	35	33
	38	36
	39	37
	40	38
	42	40
	46	45
	47	46
	48	46
	50	46
	54	50
	55	51
	56	52
	60	56
net/minecraft/client/renderer/entity/state/IronGolemRenderState	10	10
	10	10
net/minecraft/client/gui/components/debug/DebugScreenDisplayer	0	0
net/minecraft/client/renderer/item/MissingItemModel	53	52
	33	27
	34	28
	35	29
	36	30
	37	31
	41	43
	42	44
	43	45
	44	46
	45	47
	46	48
	47	49
	50	52
	51	52
	53	52
	24	23
	26	23
	30	24
net/minecraft/client/gui/screens/LoadingDotsText	15	9
	4	4
	14	8
	15	9
net/minecraft/client/renderer/chunk/VisibilitySet	57	59
	10	9
	12	10
	15	13
	16	14
	17	15
	20	18
	23	21
	24	22
	25	23
	28	26
	29	27
	32	30
	37	35
	38	36
	39	38
	40	39
	42	42
	44	44
	45	45
	46	47
	47	48
	48	49
	50	51
	51	52
	54	56
	57	59
net/minecraft/client/renderer/block/FluidRenderer	373	428
	31	36
	32	37
	35	40
	39	44
	40	45
	41	46
	42	47
	43	48
	44	49
	46	51
	47	52
	51	57
	57	61
	61	67
	65	73
	66	74
	67	75
	68	76
	69	77
	70	78
	71	79
	72	80
	73	81
	74	82
	75	83
	76	84
	78	85
	79	86
	81	88
	82	89
	83	90
	84	91
	86	92
	87	334
	90	93
	91	94
	93	95
	95	96
	97	97
	104	98
	105	103
	106	104
	107	105
	108	106
	109	107
	111	109
	112	110
	113	111
	114	112
	116	113
	117	114
	118	115
	119	116
	122	119
	123	120
	124	121
	126	122
	127	123
	129	124
	131	126
	132	127
	133	128
	134	129
	145	130
	146	139
	147	140
	148	141
	149	142
	150	143
	151	144
	152	145
	153	146
	154	147
	155	148
	157	150
	158	151
	159	152
	160	153
	161	154
	162	155
	163	156
	164	157
	165	158
	166	159
	167	160
	168	161
	169	162
	172	165
	173	166
	175	167
	183	191
	187	195
	188	196
	189	197
	190	198
	191	199
	192	200
	194	201
	195	202
	197	203
	208	231
	210	233
	220	242
	222	244
	223	245
	224	246
	225	247
	226	248
	227	249
	228	250
	229	251
	230	252
	232	254
	233	255
	234	256
	235	257
	236	258
	237	259
	238	260
	239	261
	240	262
	242	264
	243	265
	244	266
	245	267
	246	268
	247	269
	248	270
	249	271
	250	272
	252	274
	253	275
	254	276
	255	277
	256	278
	257	279
	258	280
	259	281
	260	282
	261	284
	264	287
	265	288
	266	289
	268	290
	269	291
	270	292
	271	293
	272	294
	276	298
	277	299
	279	300
	280	301
	281	302
	283	303
	284	304
	286	305
	297	334
	309	362
	310	363
	311	364
	312	365
	313	366
	315	367
	316	368
	317	369
	318	370
	320	372
	323	377
	324	393
	326	378
	327	379
	328	380
	329	381
	330	382
	332	385
	334	388
	335	389
	336	390
	337	391
	341	398
	342	399
	343	400
	344	401
	345	402
	346	403
	348	405
	351	408
	352	409
	356	413
	357	414
	358	415
	359	415
	361	415
	362	417
	363	417
	365	417
	369	424
	370	425
	373	428
net/minecraft/client/gui/components/debug/DebugEntryDayCount	18	24
	18	24
	12	18
	13	19
	14	20
	15	22
com/mojang/blaze3d/platform/Lighting	78	75
	65	62
	66	63
	67	64
	69	66
	72	69
	73	70
	77	74
	78	75
	18	17
	19	18
	21	19
	22	20
	24	21
	25	22
	28	23
	29	23
	30	23
	36	28
	37	29
	38	30
	40	31
	41	31
	42	31
	43	32
	45	36
	46	36
	47	37
	48	38
	49	39
	51	42
	53	43
	54	44
	55	49
	58	52
	59	54
	60	57
	62	59
net/minecraft/client/renderer/entity/state/TntRenderState	0	0
net/minecraft/client/renderer/entity/state/UndeadRenderState	9	9
	9	9
net/minecraft/client/renderer/BindGroupLayouts	96	40
	8	8
	9	8
	10	8
	12	9
	13	9
	14	9
	16	10
	17	11
	18	12
	19	13
	21	14
	22	14
	23	14
	25	15
	26	15
	27	15
	29	16
	30	16
	31	16
	33	17
	34	17
	35	17
	37	18
	38	18
	39	18
	41	19
	42	19
	43	19
	45	20
	46	20
	47	20
	49	21
	50	21
	51	21
	52	21
	54	22
	55	22
	56	22
	57	22
	59	23
	60	24
	61	25
	62	26
	63	27
	65	28
	66	29
	67	30
	68	31
	70	32
	71	32
	72	32
	74	33
	75	33
	76	33
	78	34
	79	34
	80	34
	82	35
	83	35
	84	35
	86	36
	87	36
	88	36
	90	37
	91	37
	92	37
	93	37
	96	40
net/minecraft/client/multiplayer/KnownPacksManager	48	49
	33	32
	34	33
	35	35
	36	36
	37	37
	38	38
	39	39
	42	43
	43	44
	47	48
	48	49
	18	18
	23	22
	24	23
	25	24
	26	25
	27	26
	28	27
	29	28
	30	29
com/mojang/blaze3d/systems/CommandEncoderBackend	0	0
com/mojang/realmsclient/client/package-info	0	0
net/minecraft/client/gui/render/pip/GuiBookModelRenderer	47	41
	32	27
	33	28
	34	29
	36	30
	37	31
	38	32
	42	36
	47	41
	18	16
	23	20
	25	21
	26	22
	27	23
	28	24
	29	25
	30	26
net/minecraft/client/renderer/item/properties/numeric/Time	78	58
	33	31
	35	32
	36	33
	68	50
	37	34
	39	37
	73	54
	74	55
	44	42
	78	58
	15	13
	16	15
	48	46
	17	15
	18	17
	54	47
	26	24
	27	25
	28	26
	60	48
	29	27
net/minecraft/client/gui/components/toasts/TutorialToast	136	137
	131	132
	132	133
	135	136
	136	137
	17	15
	40	42
	41	43
	42	44
	43	45
	44	46
	46	49
	47	50
	48	51
	51	54
	52	55
	56	59
	61	64
	62	65
	63	66
	64	67
	65	68
	66	69
	68	71
	69	72
	70	73
	72	75
	76	79
	80	83
	85	88
	86	89
	87	90
	89	91
	90	92
	92	94
	93	95
	96	98
	97	99
	98	100
	101	102
	102	103
	104	105
	106	108
	108	110
	111	113
	112	114
	115	117
	116	118
	119	121
	120	122
	121	123
	122	124
	123	125
	124	126
	125	127
net/minecraft/client/renderer/entity/EntityRenderer	358	344
	256	251
	259	254
	260	255
	261	256
	262	257
	263	258
	264	259
	266	261
	268	264
	269	265
	271	267
	274	270
	277	273
	278	274
	279	275
	280	276
	283	279
	284	280
	285	281
	286	282
	288	283
	289	284
	290	285
	291	286
	292	287
	293	288
	294	289
	295	290
	298	291
	299	292
	300	293
	302	294
	47	48
	303	296
	48	49
	304	297
	49	50
	305	298
	306	299
	307	301
	52	53
	308	302
	53	54
	309	303
	57	58
	316	310
	61	62
	62	62
	318	312
	64	62
	321	315
	322	316
	323	317
	68	66
	324	318
	69	67
	325	333
	71	70
	72	71
	328	319
	329	320
	74	74
	330	333
	75	75
	76	76
	333	321
	78	79
	334	333
	79	80
	337	322
	82	83
	338	323
	83	84
	339	333
	84	85
	85	86
	86	87
	343	324
	344	325
	89	91
	345	326
	346	327
	347	328
	348	333
	93	95
	351	336
	352	337
	97	99
	353	338
	354	339
	355	340
	101	103
	102	103
	358	344
	104	103
	108	107
	109	108
	110	109
	114	113
	115	114
	118	117
	122	121
	126	125
	127	126
	130	131
	131	132
	132	133
	133	134
	135	137
	136	138
	138	141
	139	142
	142	145
	146	149
	150	153
	156	159
	157	160
	159	161
	160	162
	164	166
	165	167
	166	168
	167	169
	169	170
	170	171
	171	172
	172	173
	173	174
	175	175
	176	176
	177	177
	178	178
	179	179
	180	180
	181	181
	182	182
	184	184
	187	187
	189	188
	191	189
	192	190
	193	191
	194	192
	195	193
	197	194
	198	195
	200	196
	201	197
	202	198
	203	199
	205	200
	206	201
	207	202
	208	203
	209	205
	210	206
	214	210
	216	211
	217	212
	218	213
	219	214
	220	216
	221	217
	222	218
	223	219
	224	220
	225	221
	226	222
	227	223
	228	224
	229	225
	232	228
	233	229
	234	230
	235	231
	236	232
	237	233
	238	234
	239	235
	240	236
	243	239
	246	242
	248	243
	249	244
	250	245
	251	246
	252	247
	255	250
net/minecraft/client/renderer/entity/state/BatRenderState	0	0
net/minecraft/client/gui/font/GlyphStitcher	56	55
	34	33
	35	34
	38	37
	39	38
	40	39
	41	40
	45	44
	46	45
	47	46
	48	47
	49	48
	50	49
	51	50
	20	18
	52	51
	21	19
	22	20
	56	55
	25	23
	26	24
	27	26
	28	27
	30	29
net/minecraft/client/renderer/entity/SkeletonRenderer	22	20
	17	16
	22	20
	9	9
	12	12
	13	13
net/minecraft/client/particle/PortalParticle	96	99
	67	65
	68	66
	69	67
	71	68
	72	69
	73	79
	76	71
	77	72
	78	73
	15	17
	79	74
	17	18
	81	75
	18	19
	82	76
	19	20
	83	77
	20	21
	84	79
	21	22
	22	23
	23	24
	24	25
	25	26
	90	85
	27	27
	91	86
	29	28
	30	29
	31	30
	95	99
	32	31
	96	99
	34	32
	35	33
	39	37
	44	42
	45	43
	46	44
	50	48
	51	49
	52	50
	53	51
	54	52
	59	57
	60	58
	61	59
	62	60
net/minecraft/client/gui/screens/PresetFlatWorldScreen	269	274
	256	261
	257	262
	261	266
	262	267
	264	270
	265	270
	266	271
	269	274
	47	42
	48	43
	57	50
	58	51
	69	61
	70	62
	71	63
	74	66
	78	69
	79	70
	81	73
	82	74
	83	75
	84	76
	88	79
	89	80
	92	83
	93	84
	97	88
	98	89
	99	90
	100	91
	103	94
	104	95
	105	96
	108	98
	112	103
	113	104
	114	105
	116	107
	117	108
	118	109
	119	110
	121	113
	122	114
	125	115
	126	116
	129	120
	133	131
	134	132
	135	133
	138	136
	140	137
	141	138
	144	141
	145	142
	146	143
	147	144
	148	145
	149	146
	150	147
	151	148
	152	149
	153	150
	157	154
	161	158
	163	160
	164	161
	165	162
	167	165
	170	168
	171	169
	173	170
	178	175
	179	176
	181	177
	182	178
	183	179
	184	180
	185	181
	187	182
	188	183
	189	184
	190	185
	191	186
	192	187
	193	188
	195	189
	197	190
	198	191
	199	192
	200	193
	201	194
	202	196
	204	200
	205	201
	210	205
	215	210
	216	211
	217	212
	218	213
	222	217
	223	218
	227	222
	229	223
	230	224
	231	225
	233	226
	234	227
	237	230
	238	231
	242	235
	243	237
	244	244
	245	246
	246	250
	248	254
	251	257
	255	260
net/minecraft/client/gui/components/DebugScreenOverlay	418	446
	79	74
	80	75
	81	76
	82	78
	83	80
	84	81
	85	82
	86	83
	89	86
	90	87
	91	88
	94	91
	95	92
	96	273
	98	93
	99	94
	100	273
	103	95
	104	96
	105	97
	108	99
	109	100
	110	101
	112	103
	114	106
	115	107
	116	108
	119	111
	120	112
	121	113
	122	114
	123	115
	126	118
	127	119
	129	121
	131	123
	135	127
	136	128
	140	132
	141	133
	145	137
	146	138
	149	140
	150	142
	151	143
	152	144
	153	145
	157	149
	158	150
	160	153
	161	154
	164	157
	165	158
	166	159
	167	160
	169	161
	170	162
	171	163
	175	167
	176	168
	177	169
	178	171
	179	172
	180	173
	181	174
	182	175
	183	176
	185	178
	186	179
	192	185
	193	186
	194	187
	195	188
	196	189
	197	191
	198	193
	200	196
	201	199
	203	201
	206	204
	207	205
	209	206
	210	207
	211	208
	212	209
	213	210
	214	211
	215	212
	216	213
	217	214
	219	217
	221	220
	222	221
	223	222
	224	223
	225	224
	227	227
	228	228
	229	229
	231	232
	232	233
	233	234
	234	235
	235	236
	236	237
	237	238
	240	241
	241	242
	242	243
	243	244
	244	245
	245	246
	249	254
	250	253
	251	266
	253	270
	254	273
	257	276
	261	281
	265	287
	266	289
	267	290
	268	291
	269	292
	270	293
	271	294
	272	295
	275	299
	276	300
	277	301
	278	302
	279	303
	280	304
	281	305
	284	308
	287	311
	288	312
	290	315
	291	316
	292	316
	295	316
	299	320
	300	321
	302	322
	303	323
	309	329
	310	343
	312	330
	313	331
	314	332
	315	333
	317	338
	319	341
	323	348
	324	355
	326	349
	327	350
	329	353
	333	360
	334	361
	338	366
	342	370
	346	374
	350	378
	354	382
	355	383
	356	384
	357	385
	358	386
	360	388
	363	391
	364	392
	365	393
	366	394
	367	395
	369	397
	372	400
	373	401
	374	402
	375	403
	376	404
	378	406
	381	409
	382	410
	383	411
	385	413
	388	416
	389	417
	392	420
	396	424
	400	428
	404	432
	408	436
	409	437
	410	438
	412	440
	415	443
	416	444
	417	445
	418	446
net/minecraft/client/model/animal/armadillo/ArmadilloModel	83	70
	64	52
	66	54
	67	55
	68	56
	69	57
	70	58
	72	59
	73	60
	76	63
	77	64
	80	67
	81	68
	82	69
	83	70
	41	32
	43	33
	44	34
	45	35
	46	36
	47	37
	48	38
	50	39
	51	40
	52	41
	53	42
	54	43
	58	46
	59	47
	60	48
	61	49
	62	50
	63	51
net/minecraft/client/particle/TrackingEmitter	48	48
	32	32
	33	33
	34	34
	35	35
	36	36
	39	37
	40	38
	41	39
	42	40
	44	44
	45	45
	46	46
	15	15
	16	16
	48	48
	19	19
	20	20
	23	23
	24	24
	25	25
	26	26
	27	27
	28	28
net/minecraft/client/particle/RisingParticle	18	19
	17	18
	18	19
	8	10
	9	11
	10	12
	11	13
	12	14
	13	15
	14	16
	15	17
net/minecraft/client/gui/layouts/LayoutElement	28	27
	22	21
	26	25
	27	26
	28	27
net/minecraft/client/renderer/special/SpecialModelRenderer	0	0
com/mojang/realmsclient/util/package-info	0	0
net/minecraft/client/multiplayer/chat/report/ReportEnvironment	64	55
	64	55
	33	34
	34	34
	36	34
	40	38
	41	38
	43	38
	13	14
	47	42
	17	18
	49	43
	50	44
	51	45
	21	22
	54	48
	25	26
	29	30
	63	54
net/minecraft/client/gui/spectator/categories/SpectatorPage	29	23
	16	14
	17	15
	18	16
	21	19
	22	19
	25	19
	29	23
net/minecraft/client/renderer/block/dispatch/BlockStateModel	113	90
	67	79
	68	79
	69	79
	70	80
	71	81
	72	80
	73	83
	80	90
	32	32
	97	40
	98	41
	102	45
	103	46
	107	50
	45	60
	46	61
	47	61
	48	62
	113	55
	51	64
	52	65
	54	66
	55	67
	56	69
	57	70
	58	74
	60	71
	63	77
com/mojang/blaze3d/platform/BlendFactor	0	0
net/minecraft/client/renderer/entity/ExperienceOrbRenderer	83	90
	65	59
	67	60
	68	61
	71	75
	72	81
	76	84
	81	88
	18	19
	82	89
	19	20
	83	90
	22	23
	23	24
	24	25
	25	26
	29	29
	34	35
	36	36
	37	37
	38	38
	39	39
	40	40
	42	41
	43	42
	44	43
	46	44
	47	45
	48	46
	49	47
	50	48
	52	49
	53	50
	55	51
	56	52
	58	53
	59	54
	60	55
	61	56
	62	57
	63	58
net/minecraft/client/model/animal/dolphin/BabyDolphinModel	63	51
	15	13
	16	14
	19	17
	20	18
	22	19
	23	20
	24	20
	25	20
	27	22
	28	23
	29	23
	30	23
	32	25
	33	26
	34	26
	35	26
	37	28
	38	30
	39	30
	40	31
	42	33
	43	35
	44	35
	45	36
	47	38
	48	39
	49	39
	50	39
	52	41
	53	43
	54	43
	55	44
	57	46
	58	48
	59	48
	60	49
	63	51
net/minecraft/client/renderer/entity/state/GuardianRenderState	9	9
	9	9
com/mojang/blaze3d/Blaze3D	17	16
	17	16
	9	8
	10	9
	13	12
com/mojang/blaze3d/platform/ClientShutdownWatchdog	61	49
	36	30
	37	45
	44	31
	45	32
	46	33
	47	34
	16	14
	48	35
	50	37
	52	40
	53	41
	22	21
	23	22
	56	42
	25	49
	58	45
	59	46
	27	45
	60	47
	61	49
	29	25
	30	26
	31	27
net/minecraft/client/renderer/item/RangeSelectItemModel	125	139
	33	33
	34	34
	35	35
	36	36
	37	37
	38	38
	43	41
	44	42
	45	43
	46	44
	49	48
	51	50
	52	51
	53	52
	54	53
	57	55
	63	70
	64	71
	66	73
	68	74
	70	76
	71	77
	73	80
	74	81
	83	101
	84	103
	85	104
	86	105
	87	106
	88	107
	89	109
	93	114
	98	119
	99	120
	100	121
	101	122
	102	123
	103	125
	104	126
	105	127
	106	128
	108	131
	109	132
	114	137
	115	138
	116	139
	120	84
	121	86
	122	87
	123	89
	125	91
net/minecraft/client/renderer/item/properties/select/DisplayContext	28	30
	18	20
	23	25
	12	12
	28	30
	14	14
net/minecraft/client/gui/components/LerpingBossEvent	36	44
	34	42
	35	43
	36	44
	16	26
	17	27
	18	28
	19	29
	20	30
	21	31
	22	32
	23	33
	27	36
	28	37
	29	38
	30	39
net/minecraft/client/gui/screens/options/OptionsSubScreen	84	81
	65	61
	69	65
	70	66
	74	70
	75	71
	77	74
	78	75
	81	78
	82	79
	84	81
	24	22
	25	23
	26	24
	27	25
	31	29
	32	30
	33	31
	35	32
	36	33
	37	34
	40	37
	41	38
	44	41
	45	42
	47	43
	48	44
	49	45
	51	47
	56	52
	57	53
	61	57
	62	58
	63	59
net/minecraft/client/renderer/entity/state/PandaRenderState	6	6
	6	6
net/minecraft/client/renderer/entity/PhantomRenderer	50	43
	33	29
	34	30
	35	31
	36	32
	40	35
	41	36
	43	37
	44	38
	13	13
	16	16
	48	41
	49	42
	18	17
	50	43
	19	18
	23	21
	28	25
net/minecraft/client/gui/screens/recipebook/FurnaceRecipeBookComponent	65	61
	32	30
	64	60
	65	61
	37	35
	38	36
	39	37
	45	43
	47	44
	16	16
	48	45
	17	16
	49	46
	18	17
	50	47
	19	18
	51	48
	20	19
	55	51
	26	24
	27	25
	59	55
	28	26
net/minecraft/client/renderer/entity/AbstractSkeletonRenderer	44	38
	32	29
	36	32
	41	36
	42	37
	44	38
	14	14
	15	15
	18	20
	20	21
	21	21
	22	21
	24	22
	28	25
	29	26
	30	27
	31	28
net/minecraft/client/renderer/entity/LightningBoltRenderer	138	126
	132	121
	133	122
	134	123
	138	126
	15	16
	16	17
	20	22
	21	23
	22	24
	23	25
	25	26
	26	28
	27	29
	28	30
	29	31
	30	32
	34	35
	35	36
	36	37
	37	38
	38	40
	39	41
	40	43
	41	44
	42	45
	43	46
	44	47
	46	50
	47	51
	49	54
	50	55
	51	57
	52	58
	53	59
	54	60
	55	61
	56	62
	58	64
	59	65
	62	68
	63	69
	64	70
	65	71
	67	72
	68	73
	69	74
	72	77
	73	78
	74	79
	77	82
	78	83
	79	84
	80	85
	84	89
	85	90
	88	110
	89	110
	91	110
	93	110
	95	110
	97	111
	98	111
	100	111
	102	111
	104	111
	106	112
	107	112
	109	112
	111	112
	113	112
	115	113
	116	113
	118	113
	120	113
	122	113
	123	114
	127	117
net/minecraft/client/resources/language/package-info	0	0
net/minecraft/client/gui/screens/social/SocialInteractionsScreen	298	292
	256	247
	261	253
	265	257
	266	258
	267	259
	268	260
	269	261
	271	263
	274	266
	275	267
	276	268
	277	269
	278	270
	279	271
	280	272
	281	273
	283	276
	284	277
	286	279
	31	29
	32	30
	288	282
	33	31
	290	284
	35	32
	36	33
	37	34
	293	287
	38	35
	294	288
	39	36
	40	37
	41	38
	297	291
	42	39
	298	292
	43	40
	44	41
	45	42
	76	66
	77	67
	80	70
	81	71
	82	72
	83	73
	86	76
	90	80
	94	84
	99	89
	100	90
	102	91
	107	96
	109	97
	111	98
	112	99
	113	100
	115	102
	116	105
	117	110
	119	114
	120	115
	123	119
	124	120
	126	121
	129	125
	130	126
	131	127
	132	128
	133	129
	134	130
	136	131
	137	133
	138	134
	140	136
	141	137
	143	138
	145	139
	146	140
	147	141
	151	145
	152	146
	154	148
	158	152
	159	153
	160	154
	161	155
	162	156
	163	157
	164	158
	165	159
	166	160
	167	161
	168	162
	172	166
	173	167
	177	171
	178	172
	181	175
	182	176
	183	177
	184	178
	185	179
	186	180
	188	182
	189	183
	190	184
	191	185
	193	187
	194	188
	195	189
	196	190
	197	191
	199	193
	200	194
	201	195
	202	196
	203	197
	207	200
	208	201
	209	202
	210	203
	211	204
	212	205
	213	206
	214	207
	217	210
	221	214
	223	215
	224	216
	225	217
	226	218
	230	222
	231	223
	233	224
	234	225
	237	228
	238	229
	239	230
	240	231
	241	232
	242	233
	243	234
	244	235
	247	238
	248	239
	252	243
	253	244
	254	245
net/minecraft/client/telemetry/ClientTelemetryManager	115	103
	24	24
	25	25
	26	26
	27	27
	28	28
	40	38
	41	39
	43	40
	44	41
	45	42
	46	43
	47	44
	48	45
	49	46
	50	47
	51	48
	52	49
	54	50
	55	51
	56	52
	59	57
	63	61
	67	65
	68	66
	71	69
	72	70
	73	71
	76	74
	77	75
	78	75
	81	76
	82	77
	83	93
	86	78
	87	79
	88	80
	89	81
	90	82
	92	83
	94	84
	95	85
	97	91
	100	86
	101	87
	102	88
	104	91
	105	93
	109	97
	114	102
	115	103
net/minecraft/client/data/models/package-info	0	0
net/minecraft/client/tutorial/TutorialSteps	36	36
	32	31
	33	32
	36	36
	6	6
	7	7
	8	8
	9	9
	10	10
	11	11
	18	17
	19	18
	20	19
	23	22
	27	26
	31	30
net/minecraft/client/particle/SculkChargePopParticle	47	54
	36	34
	37	35
	38	36
	43	50
	44	51
	13	14
	45	52
	14	15
	46	53
	47	54
	16	16
	17	17
	19	18
	21	19
	22	20
	26	24
	31	29
net/minecraft/client/renderer/state/level/BlockBreakingRenderState	0	0
net/minecraft/client/server/IntegratedServer	481	492
	256	264
	257	265
	259	266
	263	274
	264	275
	265	276
	266	277
	268	279
	271	282
	275	286
	276	287
	277	288
	280	291
	281	292
	282	293
	285	296
	288	299
	289	300
	290	301
	293	304
	297	308
	298	309
	299	310
	302	313
	303	315
	304	316
	306	319
	307	320
	308	321
	310	323
	55	60
	313	326
	314	327
	315	328
	318	331
	319	332
	320	333
	321	334
	322	335
	325	338
	326	339
	327	340
	73	86
	329	342
	75	98
	76	99
	77	100
	333	345
	334	346
	79	101
	80	102
	337	349
	338	350
	84	105
	341	353
	86	106
	343	354
	88	107
	344	356
	345	357
	90	108
	346	358
	92	109
	93	110
	349	362
	94	111
	350	363
	95	112
	351	364
	96	113
	356	368
	101	117
	357	369
	358	370
	106	125
	362	373
	107	124
	363	374
	108	137
	364	374
	109	141
	110	142
	366	375
	367	376
	112	144
	370	379
	116	147
	372	380
	373	381
	118	148
	374	382
	120	149
	121	150
	122	151
	378	385
	123	152
	124	153
	125	154
	383	389
	128	157
	129	158
	130	178
	388	393
	133	160
	136	161
	393	397
	139	164
	141	165
	397	401
	142	166
	398	402
	143	167
	144	168
	146	171
	402	405
	147	172
	148	173
	149	174
	150	175
	407	409
	152	178
	156	181
	412	413
	161	185
	417	417
	418	417
	420	417
	165	189
	166	191
	167	192
	169	194
	425	421
	426	422
	427	423
	173	197
	429	426
	430	427
	431	428
	178	201
	434	431
	435	436
	436	437
	437	438
	438	457
	183	205
	440	452
	441	453
	188	209
	446	461
	447	462
	448	463
	193	213
	452	466
	453	467
	198	217
	454	468
	455	469
	203	221
	459	472
	460	473
	461	474
	462	475
	208	225
	466	478
	213	229
	214	230
	470	482
	218	233
	474	486
	219	234
	475	489
	220	235
	477	487
	222	236
	478	489
	481	492
	227	240
	232	244
	233	245
	235	248
	236	249
	240	253
	241	269
	244	255
	245	256
	247	257
	248	258
	249	259
	250	260
	251	261
	253	262
	254	263
net/minecraft/client/model/animal/feline/BabyOcelotModel	9	9
	8	8
	9	9
net/minecraft/client/gui/font/EmptyArea	34	26
	34	26
	19	11
	24	16
	29	21
net/minecraft/client/renderer/block/model/ConditionalBlockModel	40	31
	17	16
	18	17
	19	18
	20	19
	36	30
	37	31
	39	31
	24	23
	40	31
	25	24
net/minecraft/client/gui/components/debugchart/FpsDebugChart	48	44
	34	30
	39	35
	44	40
	48	44
	17	14
	18	15
	22	19
	23	20
	24	21
	26	22
	27	23
	28	24
	30	26
net/minecraft/client/renderer/block/BlockModelResolver	28	27
	16	15
	17	16
	20	19
	21	20
	22	21
	23	22
	26	25
	27	26
	28	27
net/minecraft/client/renderer/entity/state/ParrotRenderState	9	9
	7	7
	9	9
com/mojang/realmsclient/gui/screens/configuration/RealmsPreferredRegionSelectionScreen	115	122
	65	54
	66	55
	67	56
	69	57
	71	58
	72	59
	73	60
	77	64
	78	65
	79	66
	81	68
	84	71
	85	72
	87	75
	88	76
	26	20
	91	79
	92	80
	94	82
	98	88
	100	94
	101	99
	102	104
	103	109
	104	112
	105	113
	45	36
	109	116
	46	37
	47	38
	111	117
	48	39
	112	118
	49	40
	50	41
	114	121
	115	122
	54	45
	55	46
	59	50
	60	51
	61	52
	63	53
net/minecraft/client/renderer/texture/Dumpable	0	0
net/minecraft/client/particle/NoteParticle	47	53
	34	32
	41	39
	42	40
	11	11
	12	12
	13	13
	14	14
	46	53
	15	15
	47	53
	16	16
	17	17
	19	18
	20	19
	21	20
	23	21
	24	22
	25	23
	29	27
net/minecraft/client/particle/ShriekParticle	85	84
	66	57
	67	58
	68	62
	71	60
	72	62
	78	68
	79	69
	83	82
	20	18
	84	83
	85	84
	22	19
	24	20
	25	21
	26	22
	28	23
	29	24
	30	25
	31	26
	35	30
	40	35
	41	43
	44	36
	46	37
	47	38
	48	39
	50	40
	51	41
	52	43
	56	47
	61	52
net/minecraft/client/gui/screens/reporting/NameReportScreen	57	53
	32	30
	33	31
	37	35
	38	39
	40	41
	41	42
	42	43
	43	44
	44	45
	45	46
	18	17
	19	18
	51	50
	52	51
	54	53
	55	53
	24	22
	25	23
	57	53
	28	26
	29	27
net/minecraft/client/renderer/PostChainConfig	123	116
	64	74
	65	76
	68	80
	69	81
	74	27
	75	28
	76	29
	77	30
	78	31
	22	18
	23	20
	24	21
	25	23
	94	103
	95	105
	96	106
	33	42
	97	107
	34	44
	98	108
	35	45
	99	109
	36	46
	100	111
	37	47
	38	49
	104	116
	48	56
	49	57
	50	59
	114	86
	51	60
	115	88
	52	61
	116	89
	117	90
	118	91
	55	65
	119	93
	57	67
	59	68
	123	98
	60	70
	61	71
	62	72
	63	73
net/minecraft/client/renderer/block/dispatch/VariantSelector	53	53
	32	31
	34	35
	35	36
	40	41
	41	42
	42	43
	43	44
	47	48
	16	16
	17	17
	20	20
	21	22
	53	53
	22	23
	23	24
	24	25
	25	26
	26	27
	27	28
	28	29
	29	30
	30	34
com/mojang/realmsclient/gui/screens/configuration/RealmsConfigureWorldScreen	396	382
	51	50
	52	51
	67	60
	77	69
	78	70
	79	71
	80	72
	81	73
	82	74
	85	77
	86	78
	90	82
	91	83
	94	86
	95	87
	98	90
	99	91
	102	94
	103	95
	104	96
	105	97
	106	98
	107	99
	108	100
	109	102
	110	103
	111	104
	113	105
	115	106
	116	107
	117	108
	118	109
	119	110
	121	111
	123	112
	124	113
	125	114
	126	115
	128	116
	129	117
	131	118
	132	119
	134	121
	137	124
	138	125
	140	127
	143	130
	144	131
	146	133
	149	136
	153	140
	157	144
	161	148
	166	153
	167	161
	169	154
	171	155
	172	156
	173	157
	174	158
	175	159
	176	161
	179	164
	180	165
	181	166
	182	167
	185	170
	189	174
	190	175
	191	176
	195	180
	196	180
	198	180
	203	185
	204	186
	205	187
	209	191
	210	192
	212	195
	213	196
	214	197
	216	199
	219	202
	221	203
	222	205
	223	206
	224	207
	225	208
	226	209
	229	212
	230	213
	231	213
	232	215
	233	216
	234	217
	235	218
	236	219
	239	232
	240	222
	242	223
	243	224
	244	225
	245	226
	247	228
	248	229
	249	229
	250	230
	251	231
	252	232
	253	233
	256	236
	257	279
	260	237
	261	239
	262	240
	263	241
	267	245
	268	246
	269	247
	272	250
	273	251
	276	254
	277	256
	278	257
	282	262
	284	264
	285	265
	286	266
	289	269
	290	270
	291	271
	293	273
	296	276
	297	277
	298	279
	301	282
	302	283
	303	284
	305	285
	307	288
	308	289
	311	292
	312	293
	313	294
	314	295
	316	298
	317	299
	318	300
	319	301
	320	302
	323	305
	324	306
	327	309
	328	310
	330	311
	332	314
	333	315
	334	316
	335	317
	336	318
	337	319
	338	320
	339	321
	340	322
	341	323
	342	324
	343	325
	346	328
	347	329
	350	332
	351	333
	352	336
	355	339
	356	340
	357	341
	360	344
	361	345
	362	346
	363	347
	364	348
	368	352
	371	355
	373	358
	374	359
	375	360
	377	362
	379	365
	380	367
	381	368
	382	369
	384	366
	388	374
	389	375
	390	376
	394	380
	395	381
	396	382
net/minecraft/client/renderer/blockentity/state/StandingSignRenderState	6	6
	6	6
net/minecraft/client/renderer/entity/IronGolemRenderer	64	57
	64	57
	17	17
	19	18
	24	22
	25	23
	26	24
	27	25
	28	26
	32	29
	37	33
	42	37
	43	38
	44	39
	45	40
	46	41
	48	43
	50	46
	51	47
	55	50
	56	51
	57	57
	60	52
	61	53
	62	54
	63	55
net/minecraft/client/model/object/banner/BannerFlagModel	36	35
	34	33
	35	34
	36	35
	17	17
	18	18
	19	19
	22	22
	23	23
	24	24
	25	26
	26	26
	27	27
	29	29
net/minecraft/client/resources/model/ModelManager	298	358
	272	335
	273	336
	274	337
	278	341
	287	350
	288	351
	289	352
	290	353
	294	357
	295	358
	296	358
	298	358
	58	65
	60	66
	75	80
	76	81
	77	82
	78	83
	81	86
	85	90
	89	94
	93	98
	97	102
	102	108
	103	109
	105	110
	106	111
	107	113
	108	115
	109	116
	110	117
	112	118
	114	119
	115	120
	116	121
	118	122
	119	123
	122	124
	123	127
	124	129
	125	130
	126	131
	127	132
	129	133
	130	134
	131	135
	134	139
	135	139
	138	142
	139	143
	140	144
	141	145
	143	147
	145	151
	146	152
	150	156
	151	157
	152	159
	153	161
	154	162
	155	163
	156	165
	157	166
	158	167
	159	168
	160	169
	164	175
	169	192
	170	187
	171	188
	172	189
	173	190
	174	208
	175	204
	179	220
	180	221
	182	222
	184	224
	187	226
	188	226
	189	227
	191	228
	192	229
	194	230
	196	231
	201	253
	202	242
	204	244
	205	245
	206	246
	207	247
	209	249
	211	269
	212	265
	216	278
	217	294
	218	290
	222	298
	223	299
	224	300
	225	301
	226	302
	227	303
	228	304
	229	305
	230	306
	231	307
	234	310
	235	311
	237	314
	238	315
	239	316
	240	317
	241	318
	242	319
	243	320
	247	324
	251	328
net/minecraft/client/gui/components/debug/DebugEntrySimplePerformanceImpactors	35	41
	16	20
	17	21
	19	23
	35	41
	20	26
	21	27
	22	28
	25	31
	26	32
	27	33
	29	35
	31	37
net/minecraft/client/renderer/blockentity/state/CopperGolemStatueRenderState	10	10
	8	8
	9	9
	10	10
com/mojang/blaze3d/shaders/ShaderSource	0	0
com/mojang/realmsclient/gui/screens/RealmsTermsScreen	97	101
	64	69
	68	73
	69	74
	70	75
	71	76
	74	78
	79	84
	84	91
	86	92
	23	22
	87	93
	24	23
	88	94
	25	24
	26	25
	90	95
	91	96
	92	97
	93	98
	95	99
	96	100
	97	101
	34	32
	35	33
	36	34
	37	35
	41	39
	43	41
	44	44
	45	48
	49	52
	50	53
	51	54
	53	56
	57	61
	59	64
	60	65
	61	66
	62	67
net/minecraft/client/data/models/EquipmentAssetProvider	124	142
	23	25
	24	26
	27	29
	28	32
	29	33
	30	34
	31	36
	32	37
	33	39
	35	41
	36	42
	37	43
	38	44
	39	45
	40	46
	41	47
	42	47
	44	49
	45	50
	46	53
	47	54
	48	55
	50	57
	51	60
	52	61
	55	63
	56	64
	57	67
	58	68
	59	69
	60	70
	61	71
	62	72
	63	73
	64	74
	65	75
	66	76
	67	77
	70	80
	71	81
	72	82
	73	83
	74	88
	75	90
	79	94
	80	95
	81	96
	82	97
	83	100
	84	101
	87	105
	88	108
	89	109
	91	111
	92	114
	93	115
	95	117
	98	120
	99	120
	100	120
	104	124
	105	125
	106	126
	107	127
	108	128
	113	132
	114	133
	115	134
	116	135
	118	137
	119	138
	124	142
net/minecraft/client/gui/components/StringWidget	75	77
	64	64
	66	65
	67	66
	68	67
	69	69
	70	72
	73	75
	75	77
	17	15
	18	16
	21	19
	22	20
	25	23
	26	24
	27	25
	31	29
	32	30
	33	31
	36	34
	40	38
	41	39
	42	40
	47	45
	48	46
	49	47
	50	48
	52	51
	54	53
	59	59
	60	60
	61	61
	62	62
	63	63
net/minecraft/client/renderer/block/model/package-info	0	0
net/minecraft/client/renderer/ItemInHandRenderer	705	672
	512	445
	514	446
	515	447
	516	448
	517	449
	518	450
	520	451
	521	452
	522	453
	523	454
	525	457
	526	458
	527	459
	528	460
	529	461
	531	464
	533	465
	534	466
	536	468
	539	469
	540	470
	541	471
	545	475
	547	484
	548	485
	550	486
	551	487
	552	488
	553	489
	555	492
	45	39
	46	40
	559	498
	560	499
	561	500
	563	502
	564	503
	565	504
	566	505
	567	506
	571	510
	572	511
	573	512
	574	513
	576	514
	577	515
	578	516
	579	517
	580	518
	582	521
	583	522
	584	523
	585	524
	586	525
	588	528
	590	529
	591	530
	592	531
	594	534
	595	535
	596	536
	597	537
	599	538
	600	539
	601	540
	602	541
	604	544
	605	545
	606	546
	607	547
	608	548
	610	551
	612	552
	613	553
	614	554
	615	557
	616	560
	618	563
	619	564
	620	565
	623	568
	624	569
	625	570
	626	571
	627	572
	629	574
	630	575
	633	580
	634	583
	637	587
	640	597
	641	599
	644	602
	645	603
	646	604
	647	605
	648	606
	649	607
	652	610
	653	611
	656	612
	661	616
	662	617
	664	618
	665	619
	666	620
	669	621
	670	622
	672	625
	673	626
	676	629
	677	630
	678	631
	167	123
	168	124
	680	633
	169	125
	170	126
	682	634
	683	635
	173	136
	685	636
	174	141
	686	637
	177	137
	178	138
	690	640
	179	139
	691	641
	180	141
	694	644
	183	144
	695	645
	184	145
	185	146
	697	647
	186	146
	700	650
	701	651
	190	150
	703	653
	192	151
	705	655
	194	152
	196	153
	197	154
	198	155
	199	156
	201	157
	202	158
	203	159
	205	163
	207	166
	208	167
	211	178
	213	179
	215	180
	216	181
	217	182
	218	183
	219	184
	222	187
	223	188
	225	189
	226	190
	227	191
	228	192
	229	193
	230	194
	232	195
	233	196
	234	197
	235	198
	236	199
	239	209
	240	210
	241	211
	242	212
	244	213
	245	214
	246	215
	248	216
	249	217
	250	218
	252	219
	253	220
	255	221
	258	224
	259	225
	261	226
	263	227
	264	228
	267	231
	268	232
	270	233
	272	234
	273	235
	275	236
	276	237
	278	238
	280	239
	282	240
	283	241
	284	242
	285	243
	286	244
	288	245
	289	246
	290	247
	291	248
	293	250
	296	260
	297	261
	298	262
	299	263
	300	264
	301	265
	302	266
	308	267
	310	268
	311	269
	312	270
	313	271
	315	272
	317	273
	318	274
	319	275
	320	276
	321	277
	323	278
	324	279
	325	280
	326	281
	328	283
	330	285
	333	288
	334	289
	336	290
	337	291
	338	292
	341	295
	343	296
	344	297
	346	298
	347	299
	348	300
	349	301
	352	304
	353	305
	354	306
	356	307
	357	308
	358	309
	359	310
	361	311
	363	312
	364	313
	365	314
	367	315
	368	316
	370	317
	371	318
	373	320
	375	321
	376	322
	377	323
	379	324
	381	326
	384	329
	386	330
	387	331
	389	332
	390	333
	391	334
	392	335
	393	336
	396	339
	397	340
	398	341
	401	346
	402	347
	403	348
	405	349
	407	350
	408	351
	409	352
	410	353
	412	354
	413	355
	414	356
	415	358
	418	372
	419	373
	420	374
	421	376
	423	380
	428	659
	429	660
	430	661
	435	667
	436	668
	437	669
	440	672
	448	384
	449	385
	451	386
	452	387
	454	388
	455	389
	458	390
	459	391
	462	393
	463	394
	466	395
	470	400
	471	401
	473	402
	474	407
	478	403
	479	404
	480	405
	484	412
	488	427
	489	599
	492	428
	493	429
	495	430
	496	431
	497	432
	498	433
	501	435
	502	436
	503	437
	505	439
	507	441
	508	442
	510	443
	511	444
net/minecraft/client/renderer/fog/environment/FogEnvironment	29	28
	17	16
	21	20
	25	24
	29	28
net/minecraft/client/gui/Font	388	362
	258	321
	259	322
	260	323
	263	326
	266	329
	267	330
	270	333
	271	334
	272	335
	273	336
	275	338
	279	343
	280	344
	281	345
	282	346
	283	347
	284	347
	286	347
	287	349
	288	349
	290	349
	295	355
	296	362
	298	356
	299	357
	44	40
	300	358
	45	41
	301	359
	46	42
	302	360
	49	45
	307	84
	308	85
	309	86
	54	50
	310	87
	55	51
	311	88
	56	52
	57	53
	313	91
	60	54
	317	95
	318	96
	64	59
	320	99
	65	61
	321	100
	66	62
	322	101
	67	63
	68	64
	69	65
	70	66
	326	113
	71	67
	327	114
	72	68
	328	115
	73	69
	75	70
	76	71
	332	119
	77	72
	79	73
	336	123
	84	79
	340	127
	85	80
	344	131
	348	135
	352	139
	356	143
	360	147
	364	151
	368	155
	372	159
	377	170
	378	171
	124	210
	381	174
	125	211
	382	175
	128	214
	385	178
	129	215
	130	216
	131	217
	388	181
	132	218
	133	219
	134	220
	135	221
	138	224
	139	225
	140	226
	141	227
	142	228
	145	231
	146	238
	148	232
	149	233
	150	234
	151	235
	152	236
	153	238
	156	241
	157	242
	158	243
	161	246
	162	247
	164	250
	165	251
	166	252
	169	255
	170	256
	172	259
	173	260
	177	263
	178	264
	182	268
	184	269
	186	270
	187	271
	188	272
	190	273
	191	274
	192	275
	193	276
	195	277
	196	278
	197	279
	198	280
	199	281
	202	284
	204	285
	205	286
	217	291
	218	292
	229	297
	230	298
	235	303
	236	304
	248	311
	249	312
	252	315
	253	316
	254	317
net/minecraft/client/particle/SmokeParticle	21	40
	16	26
	17	27
	21	40
	9	19
	10	20
net/minecraft/client/renderer/entity/state/FoxRenderState	13	13
	13	13
com/mojang/blaze3d/audio/OpenAlUtil	74	79
	65	68
	66	69
	67	70
	68	73
	69	74
	74	79
	11	11
	14	14
	15	15
	16	16
	17	17
	18	18
	19	19
	20	20
	25	25
	26	26
	27	27
	28	28
	30	30
	34	35
	35	36
	36	37
	37	39
	38	38
	39	40
	40	41
	45	46
	46	47
	47	48
	48	49
	50	51
	54	56
	55	57
	56	58
	58	59
	59	60
	60	61
	61	62
	62	65
	63	66
net/minecraft/client/gui/components/debug/DebugEntryChunkSourceStats	22	28
	16	22
	18	24
	22	28
	11	16
	12	17
	13	18
	15	21
net/minecraft/client/animation/AnimationChannel	45	29
	36	20
	37	21
	38	22
	39	23
	40	24
	41	25
	42	26
	43	27
	29	15
	45	29
	30	16
	31	17
net/minecraft/client/gui/screens/multiplayer/RestrictionsScreen	115	105
	26	25
	35	32
	36	33
	37	34
	38	35
	42	39
	44	40
	45	41
	48	42
	50	43
	51	47
	52	48
	53	49
	54	50
	55	51
	56	52
	57	53
	60	55
	62	57
	64	59
	66	61
	67	62
	70	65
	71	66
	72	67
	73	68
	74	69
	76	70
	77	71
	78	73
	79	74
	80	75
	81	76
	82	77
	85	79
	86	80
	88	81
	89	82
	91	83
	92	84
	93	85
	96	88
	97	89
	98	90
	99	91
	101	92
	107	97
	108	98
	112	102
	113	103
	114	104
	115	105
net/minecraft/client/renderer/entity/StrayRenderer	26	23
	16	15
	17	16
	21	19
	10	10
	26	23
	11	11
	14	14
net/minecraft/client/sounds/WeighedSoundEvents	73	73
	65	65
	70	70
	71	71
	73	73
	20	19
	21	20
	22	21
	23	22
	25	25
	27	27
	29	29
	33	33
	34	35
	35	36
	37	39
	42	43
	44	44
	45	56
	48	45
	49	47
	50	48
	52	49
	53	50
	57	54
	61	61
	62	62
com/mojang/realmsclient/client/UploadStatus	63	59
	10	8
	15	13
	16	14
	19	17
	20	18
	21	19
	22	20
	23	21
	26	24
	30	28
	34	32
	35	33
	38	36
	42	40
	46	44
	50	48
	51	49
	52	50
	53	56
	55	51
	56	52
	58	53
	59	54
	60	56
	63	59
net/minecraft/client/model/animal/pig/BabyPigModel	54	51
	15	13
	16	14
	19	17
	20	18
	22	19
	23	20
	24	20
	25	20
	27	22
	28	24
	29	25
	30	27
	31	29
	33	31
	34	33
	35	33
	36	34
	38	36
	39	38
	40	38
	41	39
	43	41
	44	43
	45	43
	46	44
	48	46
	49	48
	50	48
	51	49
	54	51
com/mojang/blaze3d/textures/FilterMode	0	0
net/minecraft/client/renderer/item/properties/conditional/Broken	20	22
	20	22
	11	11
	15	17
com/mojang/realmsclient/exception/RealmsDefaultUncaughtExceptionHandler	15	16
	9	10
	10	11
	14	15
	15	16
net/minecraft/client/renderer/PostChain	208	201
	130	137
	131	138
	132	139
	134	141
	138	145
	139	146
	142	149
	143	150
	145	152
	150	156
	151	157
	152	158
	153	159
	154	160
	157	163
	158	164
	31	33
	159	165
	160	166
	162	169
	163	170
	164	171
	166	174
	41	48
	42	49
	43	50
	171	179
	44	51
	172	180
	45	52
	173	182
	46	53
	174	183
	176	185
	49	63
	51	64
	52	64
	180	189
	53	64
	55	65
	56	66
	57	67
	60	70
	61	72
	62	73
	63	74
	66	77
	70	81
	71	82
	72	83
	73	84
	75	85
	76	87
	204	197
	77	88
	205	198
	206	199
	79	91
	208	201
	81	93
	82	94
	85	97
	86	98
	88	99
	89	100
	92	103
	94	105
	95	106
	97	107
	99	108
	100	109
	101	110
	103	112
	104	112
	108	119
	112	123
	113	124
	115	125
	116	127
	117	128
	120	131
	121	132
	122	133
	123	135
	124	135
	125	135
	127	135
net/minecraft/client/model/animal/sheep/SheepFurModel	51	41
	32	26
	33	27
	36	29
	37	29
	38	30
	39	31
	40	32
	41	33
	43	34
	48	38
	49	39
	18	15
	50	40
	19	16
	51	41
	22	19
	23	20
	25	21
	26	22
	27	22
	28	22
	30	24
	31	26
com/mojang/blaze3d/platform/NativeImage	652	669
	517	507
	523	508
	548	537
	549	538
	550	539
	551	540
	552	541
	553	542
	42	38
	554	543
	43	39
	555	544
	556	545
	45	41
	557	546
	558	547
	559	548
	560	549
	563	552
	567	556
	56	51
	57	52
	571	560
	60	55
	61	72
	63	56
	575	564
	64	57
	65	58
	66	59
	67	60
	579	568
	68	61
	69	62
	71	64
	583	572
	73	67
	74	68
	75	69
	587	576
	77	74
	591	580
	80	77
	81	85
	83	78
	595	584
	84	79
	85	80
	86	81
	87	82
	599	588
	88	83
	89	87
	603	592
	93	91
	607	596
	97	95
	611	600
	101	99
	615	604
	106	103
	619	608
	108	106
	109	107
	111	109
	623	612
	112	110
	627	616
	117	115
	631	620
	121	119
	123	120
	635	624
	125	121
	126	122
	639	628
	128	125
	130	127
	643	632
	133	130
	645	634
	134	131
	135	132
	647	636
	649	638
	652	641
	141	138
	142	139
	143	140
	148	144
	149	145
	151	148
	152	149
	154	152
	155	154
	156	155
	157	156
	158	157
	160	158
	161	159
	162	160
	164	163
	165	164
	166	165
	171	170
	172	171
	174	173
	180	177
	181	178
	182	179
	184	181
	186	184
	188	187
	189	188
	192	191
	196	195
	200	199
	204	203
	211	207
	212	208
	213	211
	214	212
	216	215
	217	216
	218	217
	222	221
	229	225
	230	226
	231	229
	232	230
	234	233
	235	234
	236	235
	237	236
	240	239
	241	240
	244	243
	245	244
	247	247
	249	248
	250	249
	251	250
	252	251
	253	253
	254	254
	255	255
	256	256
	258	259
	264	263
	265	264
	267	267
	268	268
	269	269
	270	270
	274	274
	275	276
	276	277
	278	280
	283	284
	284	285
	285	288
	286	289
	289	292
	290	293
	296	298
	297	299
	299	302
	300	303
	301	305
	302	306
	303	307
	306	311
	310	315
	311	316
	314	319
	315	320
	318	321
	319	322
	322	324
	323	325
	324	326
	325	327
	328	328
	329	336
	332	329
	333	330
	334	331
	336	332
	344	651
	345	652
	349	656
	351	659
	352	660
	353	661
	355	663
	358	666
	359	667
	361	669
	366	344
	367	345
	369	348
	370	350
	371	351
	372	352
	375	355
	378	358
	380	361
	381	362
	382	363
	384	366
	385	367
	388	370
	389	371
	391	373
	398	378
	399	379
	401	382
	402	383
	403	384
	404	385
	405	386
	407	388
	408	389
	409	391
	410	392
	411	393
	412	394
	415	397
	419	400
	420	401
	421	402
	424	405
	428	410
	429	411
	434	424
	435	425
	436	426
	437	427
	438	428
	439	429
	442	432
	447	435
	448	436
	449	437
	451	440
	452	441
	453	442
	454	447
	456	452
	460	455
	461	456
	464	459
	468	463
	472	467
	473	468
	474	469
	476	472
	477	495
	479	473
	480	474
	482	477
	483	478
	484	479
	485	481
	486	482
	488	483
	489	484
	490	485
	491	486
	492	487
	496	492
	500	501
	505	505
	511	506
net/minecraft/client/gui/screens/multiplayer/WarningScreen	72	67
	64	58
	66	61
	67	62
	68	63
	72	67
	28	23
	29	24
	32	27
	33	28
	34	29
	35	30
	36	31
	37	32
	43	38
	44	39
	45	40
	46	41
	48	42
	49	43
	50	44
	51	45
	53	48
	55	49
	56	50
	57	51
	61	55
	62	56
	63	57
net/minecraft/client/renderer/debug/DebugRenderer	174	192
	131	156
	132	157
	133	158
	135	159
	137	160
	138	161
	139	162
	140	163
	143	165
	145	165
	148	165
	153	171
	154	172
	27	26
	155	173
	28	27
	156	175
	157	176
	158	177
	31	30
	159	178
	32	31
	160	179
	161	180
	34	32
	162	181
	35	33
	163	182
	37	36
	38	37
	40	40
	41	41
	169	187
	170	188
	43	44
	171	189
	44	45
	172	190
	173	191
	46	48
	174	192
	47	49
	49	52
	50	53
	52	56
	53	57
	55	60
	56	61
	58	64
	59	65
	61	68
	62	69
	64	72
	65	74
	67	84
	68	85
	70	88
	71	89
	73	92
	74	93
	76	96
	77	97
	79	100
	80	101
	82	104
	83	105
	85	108
	86	109
	88	112
	89	113
	91	116
	92	117
	94	120
	95	121
	97	124
	98	125
	100	128
	101	129
	103	132
	104	133
	107	136
	108	137
	111	140
	112	141
	114	142
	115	143
	116	144
	119	147
	120	148
	122	150
	125	153
	126	154
net/minecraft/client/resources/model/cuboid/FaceBakery	240	277
	27	26
	32	30
	33	31
	34	32
	35	33
	36	34
	37	35
	38	36
	43	42
	44	43
	46	46
	47	47
	48	48
	49	49
	50	50
	55	66
	56	67
	57	68
	59	71
	60	72
	61	73
	62	74
	67	88
	69	89
	70	90
	72	91
	73	93
	74	95
	77	99
	79	100
	81	101
	84	104
	93	113
	99	133
	100	134
	102	135
	103	136
	106	139
	107	140
	110	143
	111	144
	115	147
	116	148
	117	149
	119	151
	120	152
	121	153
	123	156
	124	157
	125	158
	128	161
	132	165
	136	169
	137	170
	138	171
	139	172
	142	175
	143	176
	144	177
	148	181
	149	182
	153	185
	154	186
	155	188
	156	189
	158	190
	159	191
	160	192
	163	196
	167	200
	168	201
	169	202
	170	203
	171	204
	172	205
	173	207
	174	208
	175	209
	176	210
	177	211
	178	212
	179	213
	181	216
	182	217
	184	220
	185	221
	187	224
	188	225
	190	228
	191	229
	193	232
	194	233
	198	237
	199	239
	200	240
	202	241
	203	242
	204	243
	206	244
	207	245
	209	246
	212	249
	213	250
	214	251
	217	254
	220	257
	221	258
	223	259
	224	260
	227	264
	231	268
	232	269
	233	270
	234	271
	237	274
	238	275
	239	276
	240	277
net/minecraft/client/renderer/texture/TickableTexture	0	0
net/minecraft/client/renderer/item/properties/numeric/CrossbowPull	32	31
	16	16
	32	31
	18	17
	19	18
	22	21
	23	22
	26	25
	27	26
	12	12
net/minecraft/client/model/animal/llama/package-info	0	0
com/mojang/blaze3d/textures/GpuSampler	0	0
com/mojang/realmsclient/gui/screens/configuration/RealmsWorldsTab	180	217
	131	148
	132	149
	134	150
	135	151
	137	153
	141	158
	143	156
	147	165
	148	169
	149	170
	150	170
	153	173
	154	174
	27	25
	157	180
	158	182
	160	184
	161	185
	162	186
	163	190
	164	193
	38	35
	166	196
	39	36
	40	37
	41	38
	169	201
	42	39
	170	202
	44	40
	172	204
	45	41
	46	43
	174	206
	47	44
	175	211
	176	213
	49	47
	177	214
	51	48
	180	217
	53	49
	54	52
	55	57
	57	60
	58	63
	59	65
	61	68
	62	68
	63	68
	65	69
	66	70
	67	71
	68	72
	71	75
	72	76
	74	88
	76	92
	79	95
	80	96
	81	97
	82	98
	84	100
	86	102
	89	105
	94	110
	95	111
	99	115
	100	116
	101	117
	102	118
	103	119
	105	121
	106	122
	107	123
	109	125
	112	129
	113	131
	114	132
	115	133
	116	134
	118	136
	121	140
	122	141
	125	144
	126	145
	127	146
net/minecraft/client/gui/components/events/ContainerEventHandler	270	270
	256	252
	258	254
	259	255
	260	256
	263	261
	264	263
	265	264
	266	265
	267	266
	270	270
	31	31
	32	32
	33	33
	36	37
	41	42
	42	43
	43	44
	46	47
	47	48
	48	48
	49	49
	50	50
	51	51
	55	55
	60	60
	61	61
	62	62
	63	63
	66	67
	71	72
	72	72
	74	72
	83	81
	89	86
	94	91
	99	96
	104	101
	109	106
	110	107
	119	116
	120	117
	122	119
	126	123
	131	128
	132	129
	133	129
	135	129
	140	134
	143	135
	144	136
	145	137
	146	138
	151	142
	152	143
	154	145
	155	145
	158	145
	162	150
	163	151
	164	152
	165	153
	168	154
	169	156
	170	157
	172	158
	173	159
	175	161
	179	164
	181	165
	182	166
	184	168
	185	169
	186	170
	187	171
	188	172
	191	176
	195	180
	196	181
	197	182
	198	183
	199	184
	201	187
	202	188
	204	190
	205	191
	209	198
	210	199
	211	200
	212	201
	214	202
	215	204
	216	205
	219	206
	220	207
	221	208
	222	209
	223	210
	224	211
	225	212
	226	213
	232	220
	233	223
	234	225
	235	227
	236	228
	237	229
	238	230
	241	234
	245	243
	246	244
	248	245
	250	246
	251	248
	252	249
	255	250
net/minecraft/client/particle/FallingDustParticle	105	106
	64	57
	65	58
	68	61
	69	62
	70	63
	71	65
	77	71
	78	72
	82	85
	83	86
	20	22
	84	87
	21	23
	23	24
	87	90
	24	25
	25	26
	90	92
	27	27
	91	93
	29	28
	93	95
	94	96
	31	29
	95	97
	32	30
	33	31
	98	99
	35	32
	36	33
	37	34
	101	103
	102	104
	103	105
	41	38
	105	106
	46	43
	51	48
	52	49
	53	50
	55	51
	56	52
	57	65
	60	54
	62	55
	63	56
net/minecraft/client/renderer/entity/RaftRenderer	18	18
	18	18
	12	12
	13	13
	14	14
net/minecraft/client/renderer/entity/state/ZombieVillagerRenderState	11	11
	11	11
net/minecraft/client/gui/font/providers/GlyphProviderType	32	29
	16	15
	32	29
	22	20
	23	21
	24	22
	9	9
	10	10
	11	11
	12	12
	28	25
	13	13
net/minecraft/client/renderer/entity/state/SkeletonRenderState	0	0
com/mojang/blaze3d/audio/AbstractDeviceTracker	45	40
	35	31
	36	32
	38	33
	39	34
	40	35
	41	36
	42	37
	13	11
	45	40
	14	12
	22	20
	27	25
	28	26
	31	27
net/minecraft/client/multiplayer/ClientDebugSubscriber	307	290
	256	258
	266	273
	267	274
	268	275
	269	276
	270	277
	271	278
	274	281
	276	282
	277	283
	286	217
	34	35
	290	221
	35	36
	36	37
	294	225
	39	40
	40	41
	42	43
	45	46
	46	47
	47	48
	48	49
	304	290
	49	50
	305	290
	50	51
	51	52
	307	290
	52	53
	53	54
	54	55
	55	56
	56	57
	57	58
	58	59
	59	60
	60	61
	61	62
	62	63
	64	66
	68	70
	69	71
	70	72
	73	75
	74	76
	75	77
	76	78
	79	81
	80	82
	81	83
	83	85
	84	86
	89	89
	91	90
	93	91
	94	92
	97	95
	98	96
	100	98
	104	101
	108	107
	109	108
	113	112
	114	113
	118	117
	121	119
	122	120
	126	123
	131	127
	132	128
	136	131
	141	135
	142	136
	143	137
	144	138
	146	140
	147	141
	151	144
	156	148
	157	149
	158	158
	160	150
	161	152
	162	153
	163	154
	164	155
	166	158
	171	163
	172	164
	175	167
	176	168
	179	171
	180	172
	183	175
	184	176
	185	177
	187	179
	190	182
	191	183
	192	184
	194	186
	197	189
	198	190
	199	191
	201	193
	204	196
	205	197
	206	198
	209	201
	210	206
	212	202
	213	203
	215	206
	218	209
	219	214
	221	210
	222	211
	224	214
	230	232
	231	233
	234	236
	235	237
	238	240
	239	241
	242	244
	243	245
	247	249
	248	250
	250	252
	252	254
	255	257
net/minecraft/client/model/animal/frog/FrogModel	173	112
	129	84
	130	85
	131	85
	132	85
	135	87
	136	88
	137	88
	138	88
	141	90
	142	91
	143	91
	144	91
	147	93
	148	94
	149	94
	150	94
	153	96
	158	100
	160	101
	161	102
	162	103
	164	104
	165	105
	39	36
	167	107
	170	110
	172	111
	173	112
	50	37
	51	38
	52	39
	53	40
	54	41
	55	42
	56	43
	59	46
	60	47
	62	48
	63	48
	64	48
	66	49
	67	51
	68	51
	69	51
	70	52
	72	54
	73	56
	74	56
	75	56
	76	57
	78	59
	79	59
	80	59
	82	60
	83	61
	84	61
	85	61
	87	63
	88	63
	89	63
	90	63
	93	64
	94	66
	95	66
	96	67
	99	69
	100	70
	101	70
	102	70
	105	72
	106	73
	107	73
	108	73
	111	75
	112	76
	113	76
	114	76
	117	78
	118	79
	119	79
	120	79
	123	81
	124	82
	125	82
	126	82
com/mojang/realmsclient/gui/screens/RealmsLongRunningMcoTaskScreen	116	112
	66	60
	71	65
	73	66
	74	67
	76	69
	80	73
	81	74
	82	75
	84	77
	24	23
	89	83
	26	24
	90	84
	91	85
	92	86
	93	87
	94	88
	95	89
	96	90
	100	94
	37	32
	101	95
	38	33
	102	96
	39	34
	40	35
	41	36
	105	99
	106	100
	44	39
	108	103
	45	40
	109	104
	46	41
	47	42
	48	43
	112	107
	49	47
	113	108
	50	48
	51	49
	115	111
	116	112
	57	52
	59	53
	60	54
	61	55
	62	56
net/minecraft/client/particle/FireflyParticle	86	89
	64	58
	65	59
	66	61
	67	61
	69	61
	77	69
	78	70
	82	84
	83	86
	20	21
	84	87
	21	22
	85	88
	22	23
	86	89
	23	24
	24	25
	25	26
	26	27
	27	28
	31	32
	36	37
	41	42
	43	43
	44	44
	45	51
	48	46
	50	47
	51	48
	52	48
	53	48
	54	48
	57	51
	60	54
net/minecraft/client/particle/ItemPickupParticle	56	55
	33	31
	34	32
	35	33
	37	36
	38	37
	39	38
	43	42
	47	46
	48	47
	49	48
	50	49
	53	52
	54	53
	23	21
	55	54
	24	22
	56	55
	25	23
	26	24
	27	25
	28	26
	29	27
net/minecraft/client/entity/package-info	0	0
net/minecraft/client/gui/components/EditBox	654	628
	512	493
	515	496
	517	497
	518	498
	519	499
	521	501
	524	504
	528	508
	532	512
	536	516
	537	517
	538	518
	541	521
	542	522
	33	31
	545	525
	546	526
	38	36
	550	530
	39	37
	551	540
	553	531
	554	532
	555	533
	557	536
	558	537
	560	540
	563	543
	567	547
	568	548
	570	551
	571	552
	574	555
	66	62
	578	559
	67	63
	579	560
	580	561
	70	66
	71	67
	583	564
	584	565
	74	70
	75	71
	587	568
	588	569
	78	74
	79	75
	591	572
	80	76
	81	77
	83	80
	595	576
	84	81
	596	577
	597	578
	87	84
	88	85
	601	581
	602	598
	91	88
	92	89
	605	582
	607	583
	96	93
	608	584
	97	94
	609	585
	611	586
	612	587
	101	98
	102	99
	614	590
	615	591
	104	101
	616	592
	617	593
	107	104
	108	105
	620	596
	109	106
	621	598
	110	107
	624	601
	113	110
	625	602
	628	605
	117	114
	118	115
	120	116
	632	609
	633	610
	636	613
	125	121
	637	614
	126	122
	127	123
	640	617
	641	617
	131	127
	643	617
	132	128
	133	129
	136	132
	648	622
	137	133
	649	623
	138	134
	139	135
	140	152
	652	626
	653	627
	654	628
	143	136
	144	137
	145	138
	146	139
	147	140
	149	143
	150	144
	153	147
	154	148
	155	149
	157	150
	158	152
	161	155
	162	156
	164	159
	165	160
	168	163
	169	164
	171	166
	173	168
	176	171
	177	178
	180	172
	181	173
	182	178
	185	175
	186	178
	189	181
	190	182
	193	185
	194	199
	197	186
	198	187
	199	199
	202	189
	203	190
	204	191
	205	199
	208	192
	209	193
	210	194
	211	195
	212	199
	215	202
	219	206
	223	210
	224	211
	225	212
	227	214
	228	215
	229	226
	230	227
	232	230
	233	231
	236	216
	238	217
	239	218
	240	219
	242	221
	243	222
	249	236
	253	240
	254	241
	257	244
	261	248
	263	249
	264	250
	267	253
	268	254
	271	257
	272	258
	273	259
	276	262
	277	263
	280	266
	281	267
	285	271
	286	340
	289	272
	291	325
	292	326
	294	328
	297	331
	300	317
	301	318
	303	320
	306	323
	309	274
	310	275
	313	278
	316	311
	317	312
	320	315
	323	333
	325	334
	328	336
	330	337
	334	285
	335	286
	336	287
	337	288
	338	289
	339	290
	340	291
	341	292
	342	293
	343	294
	345	297
	346	299
	347	300
	348	301
	349	302
	351	305
	354	308
	358	345
	363	350
	364	351
	366	354
	367	355
	368	356
	371	359
	374	361
	379	367
	380	368
	384	372
	385	373
	386	374
	390	378
	391	379
	392	380
	393	381
	394	382
	395	383
	399	387
	400	388
	402	390
	404	392
	408	396
	409	397
	413	401
	417	405
	418	474
	421	406
	422	407
	423	408
	426	411
	427	412
	428	413
	429	414
	430	415
	431	416
	433	417
	435	418
	436	419
	437	420
	438	421
	439	422
	442	425
	443	426
	445	427
	446	428
	447	429
	448	430
	449	431
	452	434
	453	435
	456	438
	457	439
	460	442
	461	443
	464	446
	465	447
	466	448
	467	449
	469	451
	470	452
	475	457
	476	458
	477	459
	479	461
	483	465
	484	466
	487	469
	488	470
	489	471
	491	474
	494	477
	495	478
	497	479
	498	480
	501	484
	506	488
	507	493
	509	489
	510	490
	511	491
com/mojang/realmsclient/dto/Backup	65	57
	65	57
	35	26
	36	27
	37	28
	38	29
	39	30
	42	33
	46	37
	48	40
	49	41
	50	42
	51	43
	52	44
	21	17
	53	45
	54	47
	55	47
	56	48
	57	49
	61	54
	62	55
	63	56
net/minecraft/client/color/item/package-info	0	0
net/minecraft/client/model/monster/hoglin/BabyHoglinModel	73	67
	64	62
	65	62
	67	64
	68	65
	69	65
	70	65
	73	67
	15	13
	16	14
	20	18
	22	19
	23	20
	26	23
	27	24
	29	25
	30	27
	31	28
	32	30
	33	32
	34	34
	36	36
	37	38
	38	39
	39	41
	40	43
	42	45
	43	47
	44	47
	45	48
	47	50
	48	52
	49	52
	50	53
	52	55
	53	56
	54	56
	55	56
	57	58
	58	59
	59	59
	60	59
	62	61
	63	62
net/minecraft/client/renderer/blockentity/BlockEntityRenderer	30	32
	16	18
	17	19
	22	24
	26	28
	30	32
com/mojang/realmsclient/util/task/OpenServerTask	74	75
	64	64
	66	67
	67	68
	70	71
	74	75
	15	16
	17	17
	25	24
	26	25
	27	26
	28	27
	29	28
	33	32
	34	34
	35	35
	36	36
	40	40
	41	41
	42	42
	43	43
	44	44
	47	47
	49	48
	50	49
	52	51
	54	53
	57	56
	58	57
	59	58
	61	61
	62	62
	63	63
net/minecraft/client/model/monster/zombie/ZombieVillagerModel	130	97
	129	96
	130	97
	22	20
	23	21
	26	24
	27	25
	29	26
	31	28
	32	28
	35	31
	36	32
	37	32
	40	34
	41	35
	42	35
	43	35
	45	37
	46	39
	47	40
	48	42
	51	46
	52	47
	53	47
	54	47
	56	49
	57	50
	58	50
	59	50
	61	52
	62	53
	63	53
	64	53
	66	55
	67	56
	68	56
	69	56
	72	58
	76	62
	77	63
	78	64
	83	69
	84	70
	88	74
	89	75
	91	76
	92	76
	93	76
	96	77
	97	77
	98	77
	101	78
	102	79
	103	79
	104	79
	106	81
	107	83
	108	83
	109	84
	113	86
	114	86
	117	87
	122	91
	124	92
	125	93
net/minecraft/client/renderer/block/dispatch/package-info	0	0
net/minecraft/realms/RealmsConnect	125	128
	26	25
	33	31
	34	32
	37	35
	38	36
	39	37
	41	38
	42	39
	43	40
	46	43
	48	46
	50	47
	51	48
	54	51
	56	54
	57	55
	60	59
	61	69
	62	70
	65	73
	66	74
	69	77
	71	78
	72	79
	75	82
	76	83
	77	84
	78	85
	79	86
	80	87
	82	88
	83	89
	86	92
	87	93
	89	94
	90	95
	91	96
	94	100
	96	101
	97	102
	100	105
	102	107
	103	109
	104	110
	107	113
	109	114
	110	114
	111	115
	112	116
	115	118
	118	121
	119	122
	120	123
	122	125
	125	128
net/minecraft/client/renderer/block/BlockModelLighter	468	711
	19	22
	29	28
	33	31
	34	32
	37	35
	41	41
	43	42
	44	43
	45	44
	47	45
	49	46
	50	47
	51	48
	52	49
	54	50
	55	51
	56	52
	57	53
	59	54
	60	55
	61	56
	62	57
	64	58
	65	59
	66	60
	67	61
	69	62
	70	63
	71	64
	72	65
	73	66
	74	67
	75	68
	76	69
	87	72
	88	76
	89	77
	90	78
	91	79
	93	73
	94	74
	96	84
	97	88
	98	89
	99	90
	100	91
	102	85
	103	86
	105	96
	106	100
	107	101
	108	102
	109	103
	111	97
	112	98
	114	108
	115	112
	116	113
	117	114
	118	115
	120	109
	121	110
	124	118
	125	119
	126	120
	127	121
	128	122
	131	125
	132	126
	133	127
	135	128
	137	129
	138	183
	139	184
	140	185
	141	186
	143	187
	144	188
	145	189
	146	190
	148	191
	149	192
	150	193
	151	194
	153	130
	154	131
	155	132
	156	133
	158	134
	159	135
	160	136
	161	137
	163	138
	164	139
	165	140
	166	141
	168	142
	169	143
	170	144
	171	145
	173	146
	174	147
	175	148
	176	149
	178	150
	179	154
	180	158
	181	162
	183	166
	184	167
	185	168
	186	169
	188	170
	189	173
	190	176
	191	179
	194	197
	195	198
	196	199
	199	204
	200	205
	202	206
	203	207
	205	209
	208	212
	209	213
	210	214
	211	215
	214	218
	215	219
	216	220
	217	221
	218	222
	219	223
	220	225
	221	226
	222	227
	223	228
	224	229
	225	230
	226	231
	227	232
	228	233
	229	234
	230	235
	233	238
	234	239
	235	240
	236	241
	237	242
	238	243
	239	244
	240	245
	241	246
	242	247
	243	248
	244	249
	245	250
	248	253
	249	254
	250	256
	251	257
	252	258
	253	259
	256	263
	257	264
	258	265
	259	266
	260	267
	261	268
	262	269
	264	272
	267	275
	268	276
	271	279
	272	280
	277	630
	278	631
	283	632
	284	633
	287	635
	288	636
	293	637
	294	638
	298	641
	299	642
	300	643
	301	644
	304	647
	306	648
	307	649
	309	652
	310	653
	314	657
	315	658
	318	661
	319	662
	320	663
	321	664
	324	667
	328	671
	329	672
	330	673
	331	674
	332	675
	336	679
	337	680
	338	681
	339	682
	341	685
	343	688
	348	594
	349	595
	350	596
	351	597
	352	598
	353	599
	360	606
	361	607
	362	608
	363	609
	364	610
	365	611
	366	612
	367	613
	370	617
	371	618
	372	619
	373	620
	374	621
	377	624
	382	693
	383	694
	384	695
	385	696
	386	697
	387	698
	388	699
	389	700
	390	701
	391	702
	392	703
	393	704
	395	706
	400	710
	401	711
	405	284
	411	329
	417	374
	423	457
	429	464
	435	509
	449	561
	450	562
	451	563
	452	564
	453	565
	454	566
	455	567
	456	568
	459	580
	460	581
	461	582
	462	583
	463	584
	464	585
	465	586
	468	589
net/minecraft/client/gui/screens/inventory/TestBlockEditScreen	105	99
	67	62
	69	63
	70	64
	71	65
	74	68
	75	69
	79	73
	84	78
	21	19
	22	20
	23	21
	88	82
	89	83
	90	84
	91	85
	31	28
	95	89
	32	29
	96	90
	33	30
	34	31
	35	32
	99	93
	100	94
	39	36
	103	97
	40	37
	104	98
	41	38
	105	99
	42	39
	44	40
	46	41
	47	43
	48	44
	49	45
	52	47
	53	48
	54	49
	58	53
	59	54
	61	56
	63	58
net/minecraft/client/DebugQueryHandler	46	43
	34	31
	35	32
	39	36
	40	37
	41	38
	44	41
	45	42
	46	43
	20	17
	21	18
	24	21
	25	22
	26	23
	27	24
	30	26
net/minecraft/client/multiplayer/chat/GuiMessageSource	0	0
net/minecraft/client/renderer/entity/layers/RenderLayer	32	62
	32	62
	18	18
	19	19
	22	31
	23	32
	25	34
	28	46
	29	59
net/minecraft/client/model/animal/axolotl/package-info	0	0
net/minecraft/client/renderer/state/MapRenderState	0	0
net/minecraft/client/color/item/Potion	37	31
	32	26
	17	15
	18	16
	19	16
	37	31
	22	20
	23	21
	27	25
	28	26
	29	26
net/minecraft/client/renderer/blockentity/VaultRenderer	60	61
	36	41
	37	42
	38	43
	39	51
	41	44
	42	45
	43	46
	44	47
	45	48
	46	49
	47	51
	51	54
	52	61
	55	55
	56	56
	57	57
	26	27
	58	58
	27	28
	59	59
	60	61
	31	31
net/minecraft/client/gui/screens/inventory/tooltip/ClientTextTooltip	28	27
	17	16
	22	21
	27	26
	12	11
	28	27
	13	12
net/minecraft/client/renderer/item/package-info	0	0
net/minecraft/client/renderer/block/dispatch/VariantMutator	26	24
	26	16
	15	24
net/minecraft/client/gui/screens/inventory/CreativeInventoryListener	22	20
	17	16
	18	17
	22	20
	12	12
	13	13
net/minecraft/client/model/monster/piglin/package-info	0	0
net/minecraft/client/renderer/chunk/VisGraph	160	125
	128	120
	130	120
	133	121
	134	121
	136	121
	139	122
	140	122
	142	122
	145	123
	146	123
	148	123
	22	20
	23	21
	151	124
	24	22
	152	124
	26	24
	154	124
	28	25
	157	125
	30	26
	158	125
	31	27
	32	28
	160	125
	34	29
	35	31
	36	32
	37	33
	38	34
	39	35
	44	40
	46	41
	49	44
	50	45
	51	46
	54	49
	58	53
	62	57
	64	58
	65	59
	66	60
	67	61
	69	63
	70	64
	71	65
	76	70
	80	74
	82	75
	83	76
	84	77
	86	79
	87	80
	88	81
	90	83
	91	84
	92	85
	93	86
	94	87
	98	92
	102	96
	103	97
	104	98
	105	99
	106	100
	109	103
	110	104
	111	105
	112	106
	113	107
	116	110
	117	111
	118	112
	119	113
	120	114
	122	116
	125	119
	127	120
net/minecraft/client/gui/components/Renderable	0	0
com/mojang/blaze3d/vulkan/VulkanDebug	230	215
	26	24
	27	25
	28	26
	30	28
	50	84
	51	85
	53	87
	64	93
	65	94
	68	95
	69	96
	70	97
	74	101
	75	102
	79	106
	80	107
	81	108
	82	109
	83	110
	84	111
	85	112
	87	115
	91	119
	92	120
	93	121
	94	121
	95	122
	96	123
	97	124
	98	125
	99	126
	100	127
	101	128
	102	129
	104	132
	106	134
	110	138
	111	149
	113	139
	114	140
	115	141
	116	141
	117	142
	118	143
	119	144
	120	145
	121	146
	123	149
	127	153
	128	156
	130	154
	131	156
	134	159
	135	160
	136	161
	137	162
	138	163
	139	164
	140	166
	141	167
	143	176
	145	168
	146	168
	147	169
	148	170
	149	171
	150	172
	152	174
	154	179
	156	182
	158	185
	163	190
	164	197
	166	191
	167	192
	168	193
	169	193
	170	193
	171	193
	172	194
	174	197
	178	201
	179	204
	181	202
	182	204
	186	208
	187	209
	189	211
	193	215
	202	51
	206	55
	210	59
	214	63
	218	67
	222	71
	226	75
	230	79
net/minecraft/client/renderer/entity/HappyGhastRenderer	59	54
	35	36
	36	36
	38	36
	43	40
	16	16
	48	44
	17	17
	49	45
	18	18
	50	46
	21	21
	23	22
	55	50
	56	51
	25	27
	57	52
	26	28
	58	53
	27	29
	59	54
	30	32
	31	33
net/minecraft/client/resources/sounds/EntityBoundSoundInstance	37	35
	34	31
	35	32
	36	33
	37	35
	12	12
	13	13
	14	14
	15	15
	17	16
	18	17
	19	18
	20	19
	24	23
	29	28
	30	29
	31	35
com/mojang/blaze3d/platform/cursor/CursorType	37	27
	16	14
	32	27
	34	27
	19	17
	20	18
	37	27
	8	7
	24	22
	14	12
	15	13
	31	26
net/minecraft/client/renderer/block/ModelBlockRenderer	238	247
	27	24
	53	40
	54	41
	55	42
	56	43
	57	44
	60	47
	64	61
	65	62
	66	63
	67	76
	70	65
	72	66
	73	67
	75	69
	78	72
	79	73
	80	76
	85	79
	86	80
	87	81
	89	82
	90	84
	91	85
	94	88
	97	91
	98	92
	99	93
	100	94
	101	95
	103	97
	106	109
	107	110
	109	112
	110	113
	111	114
	112	115
	113	116
	115	117
	120	118
	121	119
	125	120
	126	121
	127	122
	128	123
	129	124
	133	128
	134	129
	135	130
	136	131
	141	138
	142	138
	143	139
	144	140
	147	143
	150	155
	151	156
	153	158
	154	159
	155	160
	156	161
	157	162
	159	163
	164	164
	165	165
	169	166
	170	167
	171	168
	172	169
	173	170
	174	171
	178	175
	179	176
	180	178
	181	179
	182	180
	187	187
	188	187
	189	188
	190	189
	193	192
	196	195
	197	196
	199	199
	200	200
	204	213
	205	214
	206	215
	208	218
	209	219
	212	222
	213	223
	215	226
	216	227
	217	228
	218	229
	222	233
	223	234
	224	235
	227	238
	228	239
	232	241
	233	242
	234	243
	235	244
	236	245
	238	247
net/minecraft/client/renderer/entity/state/PolarBearRenderState	0	0
com/mojang/realmsclient/gui/screens/RealmsUploadScreen	283	282
	256	255
	258	256
	260	257
	261	258
	263	261
	264	262
	266	265
	267	266
	269	268
	272	271
	273	272
	277	276
	282	281
	283	282
	45	42
	46	43
	75	71
	76	72
	77	73
	78	74
	79	75
	80	76
	81	77
	82	78
	83	79
	87	83
	88	84
	89	85
	91	86
	92	87
	93	88
	94	89
	96	91
	97	92
	98	93
	100	96
	101	97
	102	98
	103	99
	104	100
	105	101
	106	102
	108	104
	109	105
	113	109
	114	110
	115	111
	119	115
	120	116
	123	119
	124	120
	127	123
	128	124
	129	125
	130	126
	132	128
	134	130
	138	134
	139	135
	140	136
	142	138
	144	141
	146	143
	151	149
	153	150
	154	151
	155	152
	158	155
	160	156
	161	157
	164	160
	165	161
	166	162
	169	165
	170	166
	171	167
	172	168
	175	171
	178	174
	179	175
	181	176
	182	177
	183	178
	184	179
	185	180
	186	181
	189	184
	190	185
	193	188
	194	189
	195	190
	196	191
	197	192
	199	194
	203	198
	205	199
	207	200
	209	201
	210	202
	211	203
	213	205
	216	208
	217	209
	218	210
	219	211
	221	214
	222	215
	223	216
	225	219
	229	223
	230	225
	231	227
	232	228
	234	229
	235	230
	237	233
	238	234
	239	235
	240	236
	242	239
	243	240
	244	241
	246	244
	248	246
	251	249
	252	250
	253	251
net/minecraft/client/main/SilentInitException	12	10
	7	5
	8	6
	11	9
	12	10
net/minecraft/client/ClientBrandRetriever	9	7
	9	7
net/minecraft/client/model/monster/guardian/GuardianModel	164	151
	129	114
	130	115
	131	116
	132	119
	133	120
	135	123
	137	124
	138	125
	139	126
	140	127
	141	128
	144	131
	17	16
	145	132
	146	133
	19	17
	147	134
	20	18
	21	19
	149	136
	22	20
	23	21
	24	22
	152	139
	156	143
	160	147
	164	151
	37	33
	40	34
	42	36
	43	37
	46	40
	47	41
	48	42
	49	43
	50	44
	51	45
	54	48
	58	52
	59	53
	61	54
	62	56
	63	57
	64	59
	65	61
	66	63
	67	65
	71	69
	72	69
	73	71
	74	72
	75	73
	76	74
	77	75
	78	76
	79	77
	80	78
	83	81
	84	81
	85	81
	86	81
	88	82
	89	83
	90	83
	92	85
	93	86
	94	86
	95	86
	97	88
	98	90
	99	90
	100	90
	101	91
	104	93
	108	97
	113	101
	115	102
	116	103
	118	104
	119	105
	121	106
	122	107
	123	108
	124	109
	126	111
net/minecraft/client/animation/definitions/FoxBabyAnimation	77	137
	10	9
	11	11
	12	14
	14	17
	15	20
	17	23
	18	26
	20	29
	21	32
	23	35
	24	39
	25	40
	26	41
	28	44
	29	48
	30	49
	31	50
	33	53
	34	56
	36	59
	37	63
	38	64
	39	65
	41	68
	42	72
	43	73
	44	74
	46	77
	47	80
	49	83
	50	87
	51	88
	52	89
	54	92
	55	95
	57	98
	58	101
	60	104
	61	108
	62	109
	63	110
	65	113
	66	116
	68	119
	69	122
	71	125
	72	128
	74	131
	75	134
	77	137
com/mojang/blaze3d/opengl/GlHeuristics	127	107
	64	55
	67	59
	68	60
	69	61
	73	65
	74	66
	75	67
	78	70
	84	74
	85	74
	22	20
	24	21
	88	74
	91	76
	28	22
	94	79
	95	80
	96	81
	97	82
	99	84
	37	27
	101	85
	38	28
	102	85
	39	29
	104	86
	42	32
	109	91
	46	36
	110	92
	112	92
	50	40
	51	41
	115	92
	117	95
	118	96
	55	45
	119	97
	122	101
	59	49
	123	102
	60	51
	124	103
	61	52
	62	53
	63	54
	127	107
net/minecraft/client/resources/sounds/AmbientSoundHandler	0	0
com/mojang/blaze3d/font/SpaceProvider	50	50
	49	49
	34	33
	50	50
	38	37
	23	22
	39	38
	24	23
	40	39
	25	24
	44	44
	29	28
com/mojang/blaze3d/vertex/UberGpuBuffer	213	217
	128	107
	132	108
	133	109
	134	110
	135	111
	136	112
	140	118
	141	119
	142	132
	144	136
	145	138
	146	139
	147	140
	148	141
	149	142
	152	143
	153	144
	157	148
	162	152
	163	153
	165	155
	37	207
	38	208
	168	158
	172	162
	173	163
	174	164
	177	167
	178	168
	179	169
	180	170
	181	171
	182	172
	186	176
	60	215
	189	179
	61	216
	62	217
	66	33
	67	34
	195	184
	68	35
	196	185
	69	36
	197	186
	70	37
	198	187
	71	38
	200	189
	77	41
	205	193
	78	42
	206	194
	79	43
	207	195
	81	46
	209	197
	82	47
	210	198
	83	48
	84	49
	212	201
	213	202
	86	52
	94	56
	96	58
	97	59
	100	62
	101	120
	102	66
	103	67
	104	68
	105	69
	109	70
	110	72
	111	73
	112	74
	116	79
	117	90
	118	83
	119	84
	120	85
	121	86
	122	87
	123	88
	124	89
	125	102
net/minecraft/client/InactivityFpsLimit	28	25
	18	16
	19	17
	20	18
	23	21
	8	8
	9	9
	12	11
	28	25
net/minecraft/client/data/models/blockstates/PropertyDispatch	275	297
	256	267
	257	267
	259	269
	260	270
	264	274
	265	277
	266	280
	267	283
	268	286
	269	289
	275	297
	22	20
	23	21
	24	22
	26	24
	30	27
	31	28
	35	32
	36	33
	37	35
	38	36
	40	39
	41	40
	42	41
	44	43
	50	48
	54	54
	58	60
	62	66
	66	72
	70	76
	74	82
	78	88
	82	94
	86	100
	93	107
	94	108
	98	112
	102	116
	103	116
	105	117
	106	118
	110	122
	111	122
	113	123
	122	132
	123	133
	124	134
	128	138
	132	142
	133	142
	134	142
	136	143
	137	144
	141	148
	142	150
	143	150
	146	151
	156	161
	157	162
	158	163
	159	164
	163	168
	167	172
	168	172
	169	172
	170	172
	172	173
	173	174
	177	178
	178	181
	179	184
	180	186
	184	189
	195	201
	196	202
	197	203
	198	204
	199	205
	203	209
	207	213
	208	214
	209	214
	210	214
	211	214
	213	216
	214	217
	218	221
	219	224
	220	227
	221	230
	222	232
	227	236
	239	251
	240	252
	241	253
	242	254
	243	255
	244	256
	248	260
	252	266
	253	267
	254	267
	255	267
net/minecraft/client/model/animal/fish/TropicalFishLargeModel	68	51
	65	48
	66	49
	67	50
	68	51
	19	18
	20	19
	21	20
	24	23
	25	24
	27	25
	29	26
	30	26
	31	26
	32	26
	34	27
	35	27
	36	27
	37	27
	39	28
	40	30
	41	30
	42	31
	44	33
	45	35
	46	35
	47	36
	49	38
	50	39
	51	39
	52	39
	54	41
	55	42
	56	42
	57	42
	60	44
net/minecraft/client/gui/components/debug/DebugEntryChunkRenderStats	19	24
	19	24
	11	16
	12	17
	13	18
	15	20
net/minecraft/client/renderer/blockentity/state/CampfireRenderState	11	10
	10	9
	11	10
net/minecraft/client/renderer/item/properties/conditional/HasComponent	27	32
	16	17
	17	18
	18	20
	22	27
	27	32
	15	15
net/minecraft/client/resources/model/UnbakedModel	57	57
	34	33
	38	37
	39	38
	44	43
	45	44
	14	13
	48	47
	49	48
	18	17
	50	49
	53	53
	22	21
	57	57
	26	25
	30	29
com/mojang/blaze3d/resource/CrossFrameResourcePool	88	85
	65	62
	66	63
	70	67
	80	77
	81	78
	82	79
	19	14
	83	80
	20	15
	23	18
	87	84
	24	20
	88	85
	25	21
	26	22
	27	23
	28	24
	31	27
	35	31
	36	32
	37	33
	42	37
	43	39
	44	40
	45	41
	46	42
	47	43
	50	47
	55	52
	56	53
	59	56
	60	57
	61	58
net/minecraft/client/model/animal/camel/AdultCamelModel	76	63
	64	54
	65	55
	66	55
	68	57
	69	58
	70	58
	72	60
	73	61
	74	61
	76	63
	15	14
	24	22
	27	25
	31	29
	32	30
	34	31
	35	32
	36	32
	38	34
	39	34
	40	34
	42	35
	43	35
	44	35
	46	36
	47	39
	48	41
	49	43
	50	45
	52	47
	53	47
	54	47
	56	48
	57	49
	58	49
	60	51
	61	52
	62	52
net/minecraft/client/particle/SpriteSet	0	0
com/mojang/blaze3d/opengl/FrameBufferCache	104	106
	15	14
	16	15
	20	24
	22	25
	23	26
	24	27
	25	29
	26	30
	27	31
	28	32
	29	33
	30	34
	32	36
	33	37
	37	41
	38	42
	41	45
	42	48
	46	52
	47	62
	49	53
	50	54
	51	55
	54	59
	55	60
	56	62
	65	70
	66	71
	67	73
	68	74
	69	75
	70	76
	71	77
	73	79
	74	80
	77	84
	78	85
	79	86
	80	87
	81	88
	83	91
	84	92
	88	96
	93	101
	94	102
	96	103
	97	106
	100	104
	101	104
	104	104
net/minecraft/client/renderer/state/level/ChunkLoadingRenderState	14	14
	13	13
	14	14
net/minecraft/client/renderer/entity/WitherBossRenderer	63	51
	32	27
	33	28
	34	28
	36	28
	41	32
	46	36
	16	14
	48	37
	17	15
	49	38
	20	18
	52	41
	53	42
	22	19
	23	20
	57	45
	58	46
	27	23
	59	47
	60	48
	61	49
	62	50
	63	51
net/minecraft/client/model/monster/slime/SmallSulfurCubeModel	39	28
	33	25
	34	26
	35	26
	39	28
	13	12
	14	13
	17	16
	18	17
	20	18
	21	18
	22	18
	26	19
	30	23
	31	24
net/minecraft/client/model/monster/zombie/ZombieModel	9	9
	8	8
	9	9
net/minecraft/client/tutorial/FindTreeTutorialStepInstance	99	93
	65	58
	66	59
	67	60
	69	62
	73	66
	74	67
	75	68
	76	69
	79	72
	83	76
	84	77
	86	79
	24	24
	25	25
	89	82
	93	86
	94	87
	95	88
	32	31
	96	89
	33	32
	99	93
	37	36
	39	37
	40	38
	41	54
	44	40
	45	41
	46	42
	47	43
	48	43
	49	44
	50	45
	55	49
	56	49
	57	50
	58	51
	61	54
net/minecraft/client/model/monster/blaze/package-info	0	0
net/minecraft/client/model/monster/wither/WitherBossModel	100	81
	64	57
	67	59
	68	59
	69	59
	72	60
	73	60
	74	61
	75	62
	77	63
	82	67
	84	68
	85	69
	87	70
	88	71
	90	72
	91	73
	93	74
	94	75
	95	76
	32	28
	33	29
	34	30
	98	79
	99	80
	36	31
	100	81
	37	32
	38	33
	39	34
	42	37
	43	38
	45	39
	46	39
	47	39
	51	40
	53	41
	54	43
	55	44
	56	46
	57	48
	58	50
	59	52
	61	54
	62	56
	63	56
net/minecraft/client/renderer/state/level/package-info	0	0
net/minecraft/client/renderer/entity/state/StriderRenderState	6	6
	6	6
net/minecraft/client/gui/screens/Screen	609	668
	513	570
	514	571
	515	572
	516	573
	518	575
	521	578
	525	582
	526	583
	527	584
	530	587
	531	589
	532	590
	533	591
	534	592
	536	593
	537	594
	539	595
	540	596
	542	599
	543	600
	544	601
	545	602
	548	606
	549	607
	550	608
	552	610
	555	613
	559	619
	560	620
	561	623
	562	624
	563	625
	564	626
	53	62
	565	627
	54	63
	566	631
	56	64
	568	628
	57	65
	58	66
	570	632
	59	67
	571	633
	60	68
	61	69
	575	637
	579	641
	580	642
	583	645
	584	646
	586	648
	76	80
	77	81
	589	651
	593	655
	597	659
	91	93
	92	94
	605	664
	95	97
	96	98
	97	99
	609	668
	99	100
	100	101
	101	102
	103	104
	104	105
	107	108
	111	112
	115	116
	116	117
	117	118
	119	119
	120	120
	121	121
	125	125
	126	126
	128	128
	132	132
	133	133
	134	134
	136	137
	137	138
	139	141
	140	145
	141	144
	142	147
	143	146
	144	142
	145	143
	146	141
	147	149
	148	150
	150	151
	151	152
	152	153
	154	156
	155	157
	158	161
	162	165
	166	169
	170	173
	171	174
	172	175
	173	176
	174	177
	177	180
	180	183
	181	184
	182	185
	184	187
	187	190
	188	191
	189	192
	191	194
	195	198
	196	199
	197	200
	200	203
	204	207
	205	208
	208	211
	209	212
	213	216
	214	217
	218	221
	219	222
	220	223
	224	227
	225	228
	227	231
	228	232
	230	235
	231	236
	233	239
	234	240
	237	243
	238	244
	239	245
	240	246
	243	249
	247	255
	252	258
	254	259
	255	260
	256	273
	257	265
	258	277
	259	278
	260	279
	263	283
	265	285
	268	288
	269	289
	270	300
	272	301
	274	303
	275	304
	276	305
	278	307
	279	318
	280	319
	282	322
	284	294
	285	335
	286	336
	289	339
	291	340
	293	288
	294	343
	295	344
	297	346
	300	349
	301	350
	303	353
	304	354
	305	355
	306	356
	308	359
	309	360
	311	362
	313	365
	317	369
	318	370
	321	373
	322	374
	323	375
	324	376
	325	377
	327	379
	329	382
	330	383
	332	384
	333	385
	335	387
	337	389
	340	392
	341	393
	342	394
	343	395
	344	396
	347	399
	348	400
	349	401
	352	404
	356	408
	360	412
	363	415
	366	418
	369	421
	372	424
	373	425
	375	427
	376	428
	378	431
	379	432
	382	435
	383	436
	386	439
	387	440
	388	441
	390	443
	393	446
	394	447
	397	450
	398	451
	401	454
	402	455
	405	467
	406	468
	407	469
	410	472
	411	473
	414	476
	418	480
	422	484
	427	488
	428	489
	432	492
	433	493
	434	494
	435	495
	438	498
	439	499
	440	500
	443	503
	444	504
	446	505
	447	506
	450	508
	451	509
	454	510
	459	516
	463	520
	466	523
	467	524
	468	525
	470	527
	473	530
	474	531
	477	534
	478	535
	481	538
	482	539
	485	542
	486	543
	489	546
	490	547
	493	550
	497	554
	498	555
	499	556
	500	557
	501	558
	504	561
	507	564
	508	565
	510	567
net/minecraft/client/gui/screens/inventory/HangingSignEditScreen	38	36
	33	31
	34	32
	19	19
	21	20
	38	36
	25	24
	13	13
	30	29
	31	30
net/minecraft/client/gui/components/debug/package-info	0	0
net/minecraft/client/renderer/entity/WanderingTraderRenderer	37	33
	16	16
	18	17
	34	30
	19	18
	35	31
	20	19
	36	32
	37	33
	24	22
	13	13
	29	26
net/minecraft/client/renderer/block/BlockStateModelSet	27	27
	16	16
	19	19
	23	23
	27	27
	14	14
	15	15
net/minecraft/client/resources/GrassColorReloadListener	26	23
	17	15
	18	16
	19	17
	25	22
	26	23
	12	11
net/minecraft/client/renderer/block/dispatch/Variant	97	91
	70	62
	71	64
	72	65
	73	66
	74	67
	75	69
	77	71
	15	13
	16	14
	80	74
	17	14
	81	75
	18	15
	20	17
	85	79
	23	20
	24	21
	89	83
	27	24
	93	87
	31	28
	97	91
	35	32
	39	36
	43	40
	47	44
	51	48
	56	53
	61	58
	62	59
com/mojang/realmsclient/dto/PingResult	0	0
net/minecraft/client/gui/layouts/LinearLayout	114	116
	65	63
	70	68
	75	73
	76	74
	14	12
	15	13
	80	78
	81	79
	18	16
	19	17
	20	18
	85	83
	23	21
	24	22
	90	88
	28	26
	94	92
	32	30
	98	96
	36	34
	40	38
	105	104
	106	106
	107	109
	44	42
	109	111
	112	114
	49	47
	113	115
	50	48
	114	116
	54	52
	55	53
	56	54
	60	58
	61	59
net/minecraft/client/gui/screens/recipebook/RecipeBookTabButton	118	108
	16	16
	17	16
	18	16
	31	26
	32	27
	33	28
	36	31
	37	33
	38	33
	39	34
	40	35
	41	36
	43	37
	47	41
	51	45
	52	46
	53	47
	54	48
	55	49
	56	50
	59	53
	61	54
	62	55
	63	56
	66	59
	68	60
	70	61
	71	62
	72	63
	74	65
	78	69
	79	70
	81	72
	84	75
	86	76
	87	77
	88	78
	90	80
	92	82
	95	85
	99	89
	100	90
	102	92
	103	93
	104	94
	105	95
	109	99
	113	103
	114	104
	117	107
	118	108
net/minecraft/client/model/animal/cow/package-info	0	0
net/minecraft/client/model/player/PlayerModel	170	135
	128	95
	129	96
	130	97
	131	98
	132	99
	133	100
	134	101
	140	106
	141	107
	142	108
	143	109
	144	110
	145	111
	146	112
	147	113
	148	114
	149	115
	150	116
	151	117
	152	118
	153	119
	157	122
	158	123
	159	124
	160	125
	161	126
	162	127
	163	128
	37	33
	165	130
	38	34
	167	132
	40	35
	41	36
	42	37
	170	135
	43	38
	44	39
	46	40
	47	41
	50	44
	51	45
	53	46
	54	47
	55	48
	56	49
	57	49
	58	49
	60	51
	61	52
	62	52
	63	52
	65	54
	66	55
	67	55
	70	57
	71	58
	72	58
	76	61
	77	62
	78	62
	79	62
	82	64
	83	65
	84	66
	85	66
	88	68
	89	69
	90	69
	95	73
	96	74
	97	74
	98	74
	100	76
	101	77
	102	78
	103	78
	106	80
	107	81
	108	81
	111	83
	112	84
	113	84
	114	84
	118	85
	122	89
	123	90
	124	91
	125	92
	126	93
	127	94
net/minecraft/client/renderer/entity/state/IllagerRenderState	10	10
	9	9
	10	10
com/mojang/blaze3d/textures/GpuTexture	84	66
	64	46
	68	50
	72	54
	76	58
	80	62
	50	32
	51	33
	52	34
	84	66
	53	35
	54	36
	55	37
	56	38
	57	39
	60	42
com/mojang/blaze3d/util/package-info	0	0
net/minecraft/client/renderer/entity/AgeableMobRenderer	26	25
	17	16
	18	17
	19	18
	20	19
	24	23
	25	24
	26	25
net/minecraft/client/gui/components/debug/DebugScreenEntries	102	114
	12	13
	13	14
	14	15
	15	16
	16	17
	17	18
	18	19
	19	20
	20	21
	21	22
	22	23
	23	24
	24	25
	25	26
	26	27
	27	28
	28	29
	29	30
	30	31
	31	32
	32	33
	33	34
	34	35
	35	36
	36	37
	37	38
	38	39
	39	40
	40	41
	41	42
	42	43
	43	44
	44	45
	45	46
	46	47
	47	48
	48	49
	49	50
	50	51
	51	52
	52	53
	53	54
	54	55
	55	56
	56	57
	62	82
	74	102
	82	113
	86	114
	89	61
	93	68
	94	69
	98	73
	102	77
com/mojang/blaze3d/vulkan/VulkanDevice	325	338
	256	266
	257	267
	261	271
	262	272
	263	273
	264	274
	266	277
	268	280
	269	281
	270	282
	271	283
	276	288
	277	289
	278	292
	279	293
	280	294
	282	297
	283	298
	284	299
	287	303
	288	304
	289	305
	290	306
	291	307
	297	313
	298	314
	299	315
	300	316
	301	317
	302	318
	306	322
	51	49
	311	327
	315	331
	321	337
	322	338
	323	338
	325	338
	71	74
	72	75
	73	76
	74	77
	75	78
	77	79
	78	81
	79	82
	81	85
	82	86
	84	89
	85	90
	86	91
	87	92
	88	93
	89	94
	92	97
	94	99
	95	100
	96	101
	97	102
	98	103
	99	106
	103	108
	110	109
	115	111
	118	113
	119	114
	120	115
	121	116
	123	117
	124	118
	125	119
	127	121
	129	124
	130	125
	132	127
	138	130
	140	133
	142	134
	143	135
	147	139
	148	140
	149	141
	150	142
	151	143
	152	144
	153	145
	154	146
	158	150
	162	154
	166	158
	170	162
	174	166
	178	170
	182	174
	187	179
	192	183
	197	195
	202	208
	207	221
	213	226
	218	231
	223	235
	230	240
	231	241
	232	242
	237	247
	242	252
	247	257
	248	258
	252	262
net/minecraft/client/renderer/item/properties/numeric/Damage	30	26
	19	19
	20	20
	22	21
	23	21
	25	21
	13	13
	14	14
	30	26
	15	14
net/minecraft/client/renderer/entity/state/SheepRenderState	18	14
	18	14
	10	10
	14	14
	15	14
com/mojang/blaze3d/vulkan/VulkanGpuBuffer	140	147
	128	133
	129	134
	131	137
	132	147
	135	138
	136	140
	137	141
	138	142
	139	143
	140	144
	22	21
	23	22
	24	23
	27	26
	31	83
	34	84
	37	42
	41	45
	43	46
	44	47
	45	48
	46	49
	47	50
	49	51
	50	52
	52	53
	53	54
	56	57
	57	58
	58	59
	59	60
	60	61
	62	63
	65	67
	66	68
	73	71
	74	72
	75	73
	76	74
	77	75
	78	76
	80	77
	81	78
	84	82
	85	85
	89	89
	90	90
	94	94
	99	99
	100	107
	102	100
	103	101
	104	102
	106	105
	107	107
	113	111
	114	112
	116	115
	117	116
	119	119
	120	120
	122	123
	123	124
	125	127
	126	129
com/mojang/realmsclient/client/worldupload/RealmsWorldUpload	120	138
	25	24
	40	38
	41	39
	42	40
	43	41
	44	42
	45	43
	48	46
	49	48
	51	51
	52	52
	54	53
	55	56
	56	65
	57	66
	58	67
	59	85
	60	105
	64	70
	65	71
	66	72
	68	75
	69	76
	70	77
	72	80
	73	81
	75	87
	76	88
	77	89
	78	90
	79	91
	80	92
	81	93
	82	94
	83	95
	85	98
	87	100
	88	101
	89	102
	92	82
	96	111
	97	112
	98	113
	99	114
	101	116
	104	119
	106	121
	107	122
	108	123
	110	126
	111	127
	112	128
	114	131
	116	133
	117	134
	120	138
net/minecraft/client/renderer/state/level/SectionUpdateRenderState	0	0
net/minecraft/client/renderer/blockentity/state/ShelfRenderState	10	10
	8	8
	10	10
net/minecraft/client/renderer/item/properties/numeric/Cooldown	20	20
	20	20
	11	11
	15	15
net/minecraft/client/model/monster/piglin/BabyZombifiedPiglinModel	17	17
	17	17
	8	8
	9	9
	12	12
net/minecraft/client/model/monster/spider/SpiderModel	121	95
	33	31
	34	32
	35	33
	36	34
	37	35
	38	36
	39	37
	40	38
	41	39
	42	40
	43	41
	46	44
	47	45
	49	46
	50	47
	51	47
	52	47
	53	47
	55	48
	56	48
	57	48
	58	48
	60	49
	61	49
	62	49
	63	49
	65	50
	66	50
	67	51
	68	51
	70	52
	71	53
	73	54
	74	55
	75	56
	76	57
	77	58
	78	59
	79	60
	80	61
	82	62
	87	66
	89	67
	90	68
	92	69
	93	70
	94	71
	95	72
	96	73
	97	74
	99	75
	100	76
	101	77
	102	78
	104	79
	105	80
	106	81
	107	82
	108	83
	109	84
	110	85
	111	86
	113	87
	114	88
	115	89
	116	90
	117	91
	118	92
	119	93
	120	94
	121	95
net/minecraft/client/gui/font/providers/package-info	0	0
net/minecraft/client/gui/screens/GenericWaitingScreen	107	113
	64	69
	66	70
	67	71
	69	73
	73	77
	74	78
	76	81
	77	82
	79	84
	83	88
	84	89
	85	90
	86	91
	87	92
	88	93
	89	94
	90	95
	92	98
	93	99
	32	28
	97	103
	36	32
	102	108
	103	109
	40	38
	107	113
	44	51
	45	52
	46	53
	47	54
	48	55
	49	56
	50	57
	51	58
	52	59
	53	60
	57	64
	59	65
	60	66
	62	67
	63	68
net/minecraft/client/model/animal/camel/CamelSaddleModel	61	73
	21	19
	23	20
	26	23
	28	24
	29	25
	30	26
	32	27
	34	28
	35	31
	36	33
	37	35
	38	37
	40	39
	41	42
	42	44
	43	46
	44	48
	46	50
	47	53
	48	55
	49	57
	50	59
	51	61
	52	64
	54	66
	59	71
	60	72
	61	73
net/minecraft/client/renderer/entity/state/ThrownTridentRenderState	0	0
net/minecraft/client/gui/font/PlainTextRenderable	69	65
	64	60
	69	65
	41	37
	45	41
	49	45
	18	13
	19	14
	20	15
	21	16
	22	17
	54	50
	25	21
	26	22
	59	55
net/minecraft/client/renderer/entity/layers/SulfurCubeInnerLayer	59	57
	35	38
	36	39
	37	40
	39	41
	40	42
	42	43
	44	44
	45	45
	48	48
	50	49
	51	50
	52	51
	21	19
	53	52
	22	20
	54	53
	56	54
	57	55
	59	57
	28	25
	29	26
	30	27
	31	28
net/minecraft/client/gui/components/BossHealthOverlay	187	191
	130	135
	131	136
	135	139
	136	140
	137	141
	138	142
	142	145
	143	146
	144	147
	145	148
	146	149
	148	152
	23	24
	151	155
	24	24
	152	156
	25	25
	26	26
	27	27
	155	159
	28	28
	156	160
	29	29
	157	161
	30	30
	158	162
	33	33
	34	33
	35	34
	163	167
	36	35
	37	36
	38	37
	39	38
	167	171
	40	39
	168	172
	169	173
	170	174
	43	42
	44	42
	45	43
	46	44
	47	45
	175	179
	50	48
	51	48
	179	183
	52	49
	180	184
	53	50
	181	185
	54	51
	182	186
	187	191
	61	57
	62	58
	65	61
	66	85
	68	62
	70	63
	71	64
	73	65
	75	66
	76	68
	77	69
	79	70
	80	71
	81	72
	82	73
	83	74
	84	75
	85	76
	86	77
	88	78
	93	83
	94	85
	97	88
	98	89
	99	90
	100	91
	102	93
	105	104
	106	105
	107	106
	109	108
	112	111
	115	123
	116	124
	120	127
	121	128
	125	131
	126	132
net/minecraft/client/animation/definitions/CamelAnimation	415	655
	12	9
	13	10
	14	11
	15	15
	16	16
	17	17
	19	20
	20	24
	21	25
	22	26
	23	27
	24	28
	26	31
	27	35
	28	36
	29	37
	31	40
	32	44
	33	45
	34	46
	35	47
	37	50
	38	54
	39	55
	40	56
	42	59
	43	63
	44	64
	45	65
	46	66
	48	69
	49	73
	50	74
	51	75
	52	76
	54	79
	55	83
	56	84
	57	85
	58	86
	59	87
	61	90
	62	94
	63	95
	64	96
	66	99
	67	103
	68	104
	69	105
	70	106
	72	109
	73	113
	74	114
	75	115
	76	116
	77	117
	79	120
	80	124
	81	125
	82	126
	83	127
	84	128
	86	131
	87	135
	88	136
	89	137
	91	140
	93	141
	94	142
	95	146
	96	147
	97	148
	98	149
	100	152
	101	156
	102	157
	103	158
	104	159
	106	162
	107	166
	108	167
	109	168
	110	169
	112	172
	113	176
	114	177
	115	178
	116	179
	117	180
	119	183
	120	187
	121	188
	122	189
	123	190
	125	193
	126	197
	127	198
	128	199
	129	200
	130	201
	132	204
	133	208
	134	209
	135	210
	136	211
	137	212
	138	213
	140	216
	141	220
	142	221
	143	222
	144	223
	145	224
	146	225
	148	228
	149	232
	150	233
	151	234
	152	235
	153	236
	154	237
	156	240
	157	244
	158	245
	159	246
	160	247
	161	248
	162	249
	164	252
	165	256
	166	257
	167	258
	168	259
	170	262
	171	266
	172	267
	173	268
	174	269
	176	272
	178	273
	179	274
	180	278
	181	279
	183	282
	184	286
	185	287
	187	290
	188	294
	189	295
	191	298
	192	302
	193	303
	195	306
	196	310
	197	311
	199	314
	200	318
	201	319
	203	322
	204	326
	205	327
	207	330
	208	334
	209	335
	211	338
	212	342
	213	343
	215	346
	216	350
	217	351
	219	354
	220	358
	221	359
	223	362
	224	366
	225	367
	227	370
	229	371
	230	372
	231	376
	232	377
	233	378
	234	379
	235	380
	237	383
	238	387
	239	388
	240	389
	241	390
	242	391
	243	392
	245	395
	246	399
	247	400
	248	401
	249	402
	250	403
	251	404
	253	407
	254	411
	255	412
	256	413
	257	414
	258	415
	259	416
	261	419
	262	423
	263	424
	264	425
	265	426
	266	427
	267	428
	269	431
	270	435
	271	436
	272	437
	273	438
	274	439
	275	440
	277	443
	278	447
	279	448
	280	449
	281	450
	282	451
	283	452
	284	453
	286	456
	287	460
	288	461
	289	462
	290	463
	291	464
	292	465
	293	466
	294	467
	296	470
	297	474
	298	475
	299	476
	300	477
	301	478
	302	479
	303	480
	305	483
	306	487
	307	488
	308	489
	309	490
	310	491
	311	492
	312	493
	313	494
	315	497
	316	501
	317	502
	318	503
	319	504
	320	505
	322	508
	323	512
	324	513
	325	514
	326	515
	327	516
	329	519
	331	520
	332	521
	333	522
	334	526
	335	527
	337	530
	338	534
	339	535
	340	536
	341	537
	342	538
	344	541
	345	545
	346	546
	347	547
	348	548
	349	549
	351	552
	352	556
	353	557
	354	558
	355	559
	356	560
	358	563
	359	567
	360	568
	361	569
	362	570
	363	571
	365	574
	366	578
	367	579
	368	580
	369	581
	370	582
	372	585
	373	589
	374	590
	375	591
	376	592
	377	593
	379	596
	380	600
	381	601
	383	604
	384	608
	385	609
	387	612
	389	613
	390	614
	391	618
	392	619
	393	620
	394	621
	396	624
	397	628
	398	629
	399	630
	401	633
	402	637
	403	638
	404	639
	405	640
	406	641
	408	644
	409	648
	410	649
	411	650
	412	651
	413	652
	415	655
net/minecraft/client/animation/definitions/BreezeAnimation	234	392
	10	9
	11	11
	12	15
	13	16
	14	17
	15	18
	16	19
	17	20
	19	23
	20	27
	21	28
	22	29
	23	30
	24	31
	26	34
	27	38
	28	39
	29	40
	31	43
	32	47
	33	48
	35	51
	36	55
	37	56
	38	57
	40	60
	42	61
	43	62
	44	66
	45	67
	46	68
	47	69
	48	70
	50	73
	51	77
	52	78
	53	79
	54	80
	55	81
	57	84
	58	87
	60	90
	61	94
	62	95
	63	96
	64	97
	65	98
	67	101
	68	105
	69	106
	70	107
	71	108
	72	109
	74	112
	75	116
	76	117
	77	118
	78	119
	79	120
	81	123
	82	127
	83	128
	84	129
	85	130
	86	131
	88	134
	89	138
	90	139
	91	140
	92	141
	93	142
	95	145
	96	149
	97	150
	98	151
	99	152
	100	153
	102	156
	103	160
	104	161
	106	164
	108	165
	109	166
	110	170
	111	171
	112	172
	114	175
	115	179
	116	180
	117	181
	119	184
	120	188
	121	189
	122	190
	124	193
	125	197
	126	198
	128	201
	129	205
	130	206
	131	207
	133	210
	134	214
	135	215
	137	218
	138	222
	139	223
	140	224
	142	227
	143	231
	144	232
	146	235
	147	239
	148	240
	149	241
	151	244
	152	248
	153	249
	155	252
	157	253
	158	254
	159	258
	160	259
	161	260
	163	263
	164	267
	165	268
	166	269
	168	272
	169	276
	170	277
	171	278
	173	281
	174	285
	175	286
	177	289
	178	293
	179	294
	180	295
	182	298
	183	302
	184	303
	186	306
	187	310
	188	311
	189	312
	191	315
	192	319
	193	320
	195	323
	196	327
	197	328
	198	329
	200	332
	201	336
	202	337
	204	340
	206	341
	207	342
	208	346
	209	347
	211	350
	212	354
	213	355
	215	358
	216	362
	217	363
	219	366
	221	367
	222	368
	223	372
	224	373
	226	376
	227	380
	228	381
	230	384
	231	388
	232	389
	234	392
net/minecraft/client/resources/sounds/BeeAggressiveSoundInstance	20	20
	20	20
	9	9
	10	10
	11	11
	15	15
net/minecraft/client/renderer/entity/EntityRendererProvider	99	112
	67	80
	71	84
	75	88
	79	92
	83	96
	87	100
	91	104
	95	108
	99	112
	37	50
	38	51
	39	52
	40	53
	41	54
	42	55
	43	56
	44	57
	45	58
	46	59
	47	60
	48	61
	51	64
	55	68
	59	72
	63	76
net/minecraft/client/player/RemotePlayer	85	96
	64	67
	65	80
	66	83
	70	86
	71	87
	72	88
	79	91
	16	16
	18	17
	19	18
	83	94
	84	95
	85	96
	23	21
	24	22
	25	23
	27	26
	28	27
	33	31
	38	36
	39	37
	40	38
	44	42
	45	43
	47	46
	48	47
	49	48
	51	51
	52	52
	53	54
	54	55
	55	56
	57	59
	60	62
	61	63
	63	68
net/minecraft/client/main/Main	393	368
	61	367
	62	368
	67	58
	68	59
	69	60
	70	61
	71	62
	78	67
	79	68
	80	69
	81	70
	82	71
	85	74
	87	75
	88	76
	89	77
	90	78
	91	79
	92	80
	93	81
	94	82
	95	85
	96	86
	97	87
	98	88
	99	89
	100	90
	101	91
	102	92
	103	93
	104	94
	105	95
	106	96
	107	97
	108	98
	109	99
	110	100
	111	101
	112	102
	113	103
	114	104
	115	105
	116	106
	117	107
	118	108
	119	109
	120	110
	121	111
	122	112
	126	116
	127	117
	128	118
	129	119
	130	120
	134	123
	135	124
	142	127
	143	128
	144	129
	145	130
	146	131
	147	132
	149	133
	150	134
	154	137
	158	142
	159	143
	161	146
	162	147
	165	150
	166	151
	167	152
	168	153
	170	154
	171	155
	172	156
	174	157
	176	158
	177	159
	178	160
	179	161
	181	162
	183	163
	185	164
	186	165
	187	166
	191	169
	192	170
	193	171
	195	173
	196	174
	201	178
	202	179
	203	180
	204	181
	207	184
	212	189
	213	190
	214	191
	215	192
	216	193
	217	194
	218	195
	219	196
	220	197
	221	198
	222	199
	223	200
	224	201
	227	202
	228	203
	229	204
	230	207
	231	208
	232	209
	234	210
	235	211
	237	213
	238	216
	242	229
	245	233
	246	234
	247	235
	248	236
	249	237
	250	238
	251	239
	252	240
	253	241
	256	244
	259	247
	260	248
	261	254
	264	249
	265	250
	266	251
	268	254
	270	256
	271	257
	273	258
	276	261
	277	262
	278	263
	279	264
	280	265
	281	266
	282	267
	283	268
	284	269
	285	270
	286	271
	287	272
	288	273
	289	274
	292	277
	296	280
	297	281
	298	282
	300	283
	302	284
	303	285
	308	288
	309	289
	315	293
	316	294
	319	302
	320	302
	321	302
	323	303
	324	304
	327	305
	328	306
	331	307
	332	308
	333	309
	336	310
	337	311
	338	312
	341	313
	342	314
	343	315
	346	317
	350	322
	351	322
	353	322
	357	326
	361	330
	366	335
	367	336
	368	337
	369	338
	370	339
	371	340
	374	344
	379	349
	383	353
	388	358
	389	360
	390	361
	391	362
	393	359
net/minecraft/client/resources/language/FormattedBidiReorder	34	33
	16	15
	32	31
	17	16
	33	32
	18	17
	34	33
	20	18
	21	19
	22	21
	23	22
	24	23
	27	26
net/minecraft/client/renderer/entity/MagmaCubeRenderer	30	27
	16	16
	20	19
	25	23
	12	12
	30	27
	15	15
net/minecraft/client/model/object/boat/AbstractBoatModel	35	30
	32	27
	33	28
	35	30
	15	13
	16	14
	17	15
	18	16
	22	19
	24	20
	25	21
	26	22
	29	25
	30	26
com/mojang/blaze3d/opengl/Uniform	21	24
	16	19
	20	23
	21	24
	8	8
	15	18
com/mojang/realmsclient/client/RealmsClientConfig	18	17
	16	15
	18	17
	11	10
	15	14
com/mojang/blaze3d/textures/package-info	0	0
net/minecraft/client/renderer/entity/state/CamelRenderState	7	7
	7	7
com/mojang/blaze3d/GLFWErrorCapture	37	36
	19	17
	20	18
	37	36
	22	21
	23	22
	27	26
	31	30
net/minecraft/client/data/models/blockstates/BlockModelDefinitionGenerator	0	0
net/minecraft/client/multiplayer/PingDebugMonitor	23	23
	18	18
	19	19
	22	22
	23	23
	13	13
	14	14
	15	15
net/minecraft/client/quickplay/QuickPlay	130	135
	128	132
	129	133
	130	135
	34	34
	36	35
	37	36
	38	37
	39	38
	41	39
	42	40
	43	41
	46	44
	47	45
	48	46
	49	71
	52	48
	53	49
	54	52
	55	55
	56	56
	57	57
	58	58
	60	61
	61	62
	62	63
	63	64
	64	65
	67	71
	71	75
	72	76
	73	77
	74	78
	76	80
	77	82
	78	83
	79	84
	84	89
	85	92
	86	93
	87	95
	89	90
	90	95
	93	98
	94	99
	95	100
	96	101
	97	102
	98	103
	99	104
	102	107
	103	108
	104	109
	110	115
	111	116
	112	117
	113	118
	114	119
	115	120
	116	121
	117	122
	118	123
	119	124
	121	127
	122	128
	123	129
	124	130
	125	135
net/minecraft/client/renderer/entity/state/HorseRenderState	8	8
	7	7
	8	8
net/minecraft/client/gui/screens/inventory/FurnaceScreen	30	27
	16	15
	17	16
	19	17
	21	21
	29	26
	30	27
	15	14
com/mojang/blaze3d/audio/CallbackDeviceTracker	92	88
	64	56
	65	58
	66	61
	67	64
	70	67
	73	68
	75	70
	13	12
	79	74
	80	75
	17	14
	81	76
	82	77
	83	78
	85	80
	23	15
	89	85
	26	18
	90	87
	27	19
	91	86
	92	88
	31	23
	36	28
	37	29
	41	32
	42	33
	44	36
	45	37
	46	38
	49	42
	53	46
	54	47
	55	48
	56	49
	60	53
	61	54
	62	55
net/minecraft/client/gui/components/debug/DebugEntryEntityRenderStats	19	24
	19	24
	11	16
	12	17
	13	18
	15	20
net/minecraft/client/gui/screens/ConfirmScreen	108	102
	64	62
	68	65
	72	68
	76	72
	77	73
	78	74
	81	77
	83	78
	84	79
	85	80
	89	84
	27	26
	91	85
	28	27
	92	86
	93	87
	31	32
	95	89
	32	33
	33	34
	34	35
	35	36
	99	93
	36	37
	40	41
	104	98
	105	99
	106	100
	108	102
	45	46
	46	47
	48	48
	49	49
	51	50
	52	51
	53	52
	54	53
	56	54
	57	55
	58	56
	62	60
	63	61
com/mojang/realmsclient/util/task/GetServerDetailsTask	162	155
	130	127
	131	128
	135	129
	136	130
	137	130
	138	130
	139	131
	140	132
	141	133
	142	134
	144	136
	150	141
	151	142
	153	145
	154	146
	156	149
	157	150
	158	151
	159	152
	160	153
	33	32
	161	154
	162	155
	35	33
	37	34
	43	39
	44	40
	45	41
	51	47
	52	48
	53	49
	54	50
	55	51
	56	52
	58	54
	59	55
	62	57
	63	58
	64	60
	65	62
	66	65
	69	67
	70	68
	71	69
	74	71
	75	72
	76	73
	77	74
	78	75
	79	76
	80	77
	83	80
	84	81
	85	89
	88	83
	90	84
	91	85
	92	86
	94	87
	95	89
	98	92
	99	93
	101	94
	106	99
	110	103
	111	105
	112	106
	113	107
	117	111
	118	112
	119	113
	122	117
	126	121
net/minecraft/client/model/animal/fish/PufferfishBigModel	103	87
	19	18
	20	19
	21	20
	22	21
	25	24
	26	25
	28	26
	29	27
	30	27
	31	27
	32	27
	34	28
	35	29
	36	29
	37	29
	39	31
	40	32
	41	32
	42	32
	44	34
	45	36
	46	36
	47	37
	49	39
	50	40
	51	40
	52	40
	54	42
	55	44
	56	44
	57	45
	59	47
	60	49
	61	49
	62	50
	64	52
	65	54
	66	54
	67	55
	69	57
	70	59
	71	59
	72	60
	74	62
	75	63
	76	63
	77	63
	79	65
	80	67
	81	67
	82	68
	84	70
	85	72
	86	72
	87	73
	89	75
	90	77
	91	77
	92	78
	95	80
	100	84
	101	85
	102	86
	103	87
net/minecraft/client/renderer/blockentity/AbstractSignRenderer	115	117
	27	26
	32	30
	33	31
	37	34
	38	35
	39	36
	40	37
	41	38
	44	41
	45	42
	46	43
	47	44
	48	45
	50	47
	53	50
	54	51
	55	52
	56	53
	57	54
	63	59
	64	60
	65	61
	66	62
	68	64
	69	65
	70	66
	73	69
	74	70
	75	71
	77	72
	79	85
	82	88
	83	89
	84	90
	85	91
	88	94
	89	95
	97	99
	99	100
	100	100
	103	100
	108	110
	109	111
	110	112
	111	113
	112	114
	113	115
	114	116
	115	117
net/minecraft/client/renderer/entity/EndermanRenderer	63	57
	34	30
	35	31
	36	32
	37	33
	39	35
	44	40
	17	17
	49	44
	19	18
	54	48
	55	49
	56	50
	25	23
	57	51
	26	24
	58	52
	59	53
	28	25
	29	26
	61	55
	30	27
	63	57
net/minecraft/client/gui/components/tabs/package-info	0	0
net/minecraft/client/gui/components/PlayerTabOverlay	391	372
	43	40
	44	41
	45	42
	46	43
	47	44
	48	45
	49	46
	50	47
	51	48
	52	49
	53	50
	54	51
	55	52
	56	53
	61	54
	62	55
	63	56
	64	57
	77	67
	78	68
	79	69
	82	72
	83	73
	85	74
	90	78
	94	82
	95	83
	96	84
	97	85
	98	86
	99	87
	102	90
	105	93
	106	93
	107	93
	108	93
	114	99
	115	100
	117	101
	119	102
	120	103
	122	105
	123	106
	124	107
	126	108
	127	109
	128	110
	130	111
	131	112
	132	113
	134	114
	135	115
	138	118
	139	119
	140	120
	141	121
	142	122
	144	125
	148	129
	151	132
	152	133
	153	134
	156	137
	157	138
	158	141
	159	141
	160	142
	161	141
	164	145
	167	147
	168	148
	169	149
	171	151
	174	154
	177	157
	179	158
	180	159
	182	160
	184	161
	185	162
	186	163
	187	165
	188	166
	192	170
	193	171
	194	172
	195	174
	196	175
	200	179
	201	180
	202	182
	203	183
	204	184
	205	185
	207	188
	210	191
	212	192
	213	194
	214	195
	215	196
	216	197
	217	198
	219	199
	221	200
	222	201
	223	202
	225	203
	226	204
	227	205
	228	206
	230	207
	232	208
	235	211
	237	212
	238	213
	239	214
	241	215
	242	216
	246	220
	250	224
	251	225
	252	226
	253	228
	254	229
	255	230
	256	231
	259	234
	263	238
	264	239
	265	240
	266	241
	267	242
	268	243
	269	244
	270	245
	271	246
	272	247
	274	249
	277	252
	278	253
	281	264
	282	265
	283	266
	284	267
	286	269
	289	272
	290	273
	292	274
	293	275
	294	276
	296	277
	297	325
	300	278
	301	279
	302	280
	303	281
	304	282
	305	283
	307	285
	308	286
	310	288
	313	291
	314	325
	318	293
	319	295
	320	296
	324	299
	325	300
	327	301
	328	302
	329	303
	331	306
	332	307
	336	311
	337	312
	339	317
	340	318
	343	325
	346	328
	347	329
	350	332
	351	333
	354	336
	355	337
	356	338
	369	350
	370	351
	371	352
	374	355
	375	356
	376	357
	377	358
	378	359
	381	362
	382	363
	384	365
	387	368
	391	372
com/mojang/blaze3d/vulkan/VulkanInstance	155	170
	128	136
	130	140
	131	141
	132	143
	134	147
	135	149
	136	150
	137	151
	138	152
	140	155
	146	161
	147	162
	148	163
	151	166
	27	27
	155	170
	30	29
	40	37
	41	38
	42	39
	43	40
	44	41
	45	42
	46	43
	47	44
	49	45
	50	46
	51	47
	52	48
	53	49
	54	50
	55	51
	56	52
	58	54
	61	58
	62	59
	63	60
	64	61
	66	64
	67	65
	70	68
	72	69
	73	69
	74	70
	75	71
	78	74
	79	76
	80	77
	82	80
	84	81
	85	82
	86	83
	87	84
	88	85
	89	86
	90	87
	93	90
	95	91
	96	93
	97	95
	98	96
	100	98
	103	101
	107	105
	108	107
	109	108
	110	110
	112	114
	113	115
	114	117
	116	122
	117	123
	118	124
	119	125
	122	129
	126	133
	127	134
net/minecraft/client/multiplayer/chat/report/SkinReport	86	78
	64	62
	65	62
	67	62
	72	68
	73	69
	74	70
	77	73
	79	74
	82	75
	83	76
	85	77
	86	78
	23	22
	24	23
	25	24
	28	27
	33	31
	34	32
	35	33
	36	34
	37	35
	42	40
	47	45
	48	46
	51	49
	52	50
	56	54
	61	59
	62	60
net/minecraft/client/renderer/debug/NeighborsUpdateRenderer	57	51
	32	31
	33	32
	34	33
	35	34
	38	37
	39	38
	40	39
	41	40
	43	42
	46	45
	50	48
	51	49
	20	21
	21	22
	54	51
	23	23
	55	51
	25	24
	57	51
	26	25
	27	26
	28	27
	29	28
	31	30
net/minecraft/client/renderer/blockentity/BrightnessCombiner	24	20
	19	16
	24	20
	11	10
	12	11
	13	11
net/minecraft/client/gui/screens/dialog/input/package-info	0	0
net/minecraft/client/renderer/LevelRenderer	941	989
	95	96
	96	97
	103	100
	104	101
	148	142
	149	143
	150	144
	151	145
	152	146
	153	147
	154	148
	155	149
	156	150
	158	151
	159	152
	161	153
	162	154
	165	166
	167	167
	169	168
	170	169
	175	170
	176	171
	177	172
	179	173
	180	174
	182	175
	183	176
	185	177
	187	178
	188	179
	190	180
	191	181
	192	183
	193	185
	194	186
	195	187
	196	188
	197	189
	198	190
	199	191
	201	194
	203	195
	204	196
	205	197
	206	199
	207	200
	208	205
	210	207
	211	208
	214	211
	216	212
	218	213
	220	214
	221	215
	224	218
	225	219
	226	219
	227	220
	231	232
	233	233
	234	234
	237	237
	239	238
	240	239
	243	242
	244	243
	248	247
	249	248
	251	250
	253	251
	255	252
	257	253
	259	254
	260	255
	261	256
	263	257
	264	258
	265	259
	267	262
	269	264
	270	267
	271	267
	274	270
	275	271
	276	272
	278	273
	279	274
	280	274
	281	275
	284	277
	287	280
	289	281
	290	282
	292	283
	293	284
	295	285
	296	286
	299	287
	301	288
	302	289
	308	292
	309	293
	310	294
	312	295
	313	296
	314	297
	318	301
	319	302
	322	305
	324	306
	325	307
	326	308
	329	311
	330	312
	333	315
	334	316
	335	352
	338	317
	339	318
	340	319
	342	322
	345	325
	346	326
	347	352
	350	327
	351	328
	353	329
	354	331
	356	332
	357	333
	358	334
	359	335
	360	336
	363	348
	366	339
	368	340
	369	341
	371	342
	373	344
	374	345
	376	348
	377	352
	380	362
	381	363
	382	364
	383	365
	385	368
	386	369
	388	372
	389	373
	391	376
	392	377
	394	380
	395	381
	398	384
	399	385
	400	386
	401	387
	402	388
	404	389
	405	391
	407	392
	408	393
	409	394
	411	397
	412	398
	415	402
	416	403
	418	404
	420	405
	421	406
	422	407
	425	412
	426	413
	427	414
	429	415
	430	416
	432	419
	433	420
	435	423
	436	424
	439	427
	440	428
	441	429
	443	430
	445	431
	446	432
	447	433
	449	434
	450	435
	451	437
	454	449
	455	450
	456	451
	458	453
	460	456
	461	457
	464	460
	466	461
	467	462
	468	463
	470	465
	472	468
	473	470
	474	471
	475	472
	476	473
	477	475
	478	477
	481	480
	482	501
	485	481
	486	482
	487	483
	489	484
	491	487
	492	488
	493	489
	495	490
	497	491
	498	492
	499	493
	501	494
	502	495
	504	496
	505	497
	507	498
	508	499
	509	501
	512	504
	514	505
	515	506
	517	508
	518	509
	521	512
	522	513
	523	514
	524	515
	526	516
	527	517
	529	520
	530	521
	532	522
	533	523
	534	524
	535	525
	537	527
	538	528
	539	529
	540	530
	543	531
	546	532
	547	533
	549	546
	550	547
	551	548
	553	549
	554	550
	559	553
	560	556
	561	557
	562	558
	564	561
	565	562
	567	564
	568	565
	570	566
	571	567
	572	568
	574	571
	577	574
	578	575
	579	576
	580	586
	584	593
	588	597
	589	598
	593	602
	594	603
	596	604
	597	605
	598	607
	599	608
	600	609
	601	610
	602	611
	603	612
	604	613
	605	614
	606	615
	608	618
	609	619
	610	622
	612	620
	614	625
	615	626
	616	627
	617	628
	618	629
	620	631
	624	635
	625	636
	626	637
	627	638
	630	641
	631	642
	633	644
	636	647
	637	648
	638	649
	639	650
	640	652
	641	653
	643	655
	646	658
	647	659
	648	660
	649	661
	650	663
	651	664
	652	665
	653	666
	654	667
	655	668
	657	670
	660	673
	661	696
	664	674
	665	675
	666	676
	667	677
	669	678
	670	679
	672	681
	673	682
	676	683
	677	684
	678	685
	679	686
	680	687
	681	688
	682	689
	683	690
	684	691
	685	692
	687	696
	690	699
	691	700
	692	721
	694	701
	695	702
	696	703
	697	704
	698	705
	699	706
	701	709
	702	710
	703	719
	704	721
	707	732
	708	733
	709	734
	710	735
	712	738
	713	739
	715	742
	716	743
	719	746
	721	748
	724	751
	725	752
	726	753
	729	756
	730	757
	735	761
	736	762
	738	763
	739	764
	741	767
	742	768
	744	771
	745	772
	746	773
	747	774
	750	777
	751	778
	753	781
	756	785
	757	791
	758	792
	760	796
	763	799
	765	800
	767	801
	768	802
	771	805
	773	806
	774	815
	775	816
	777	817
	778	818
	779	819
	782	822
	783	823
	786	824
	790	828
	791	847
	793	829
	794	830
	795	831
	796	833
	797	834
	799	837
	800	838
	801	840
	802	841
	803	842
	805	845
	806	847
	809	856
	810	857
	811	858
	815	859
	816	860
	818	862
	821	865
	822	866
	823	867
	826	870
	827	871
	828	872
	830	875
	831	876
	833	879
	834	880
	835	881
	836	882
	839	885
	843	889
	844	890
	846	893
	847	894
	848	896
	850	895
	854	900
	858	904
	862	908
	866	912
	870	916
	874	920
	878	924
	882	928
	886	932
	890	936
	894	940
	898	944
	902	948
	906	952
	910	956
	914	960
	918	964
	922	968
	926	972
	930	976
	931	977
	932	978
	933	980
	934	981
	936	984
	937	985
	940	988
	941	989
net/minecraft/client/gui/components/WidgetTooltipHolder	66	78
	64	76
	66	78
	35	40
	36	41
	37	66
	40	43
	41	44
	42	45
	43	46
	44	47
	46	50
	49	53
	18	16
	50	54
	52	66
	23	21
	55	69
	24	22
	56	70
	58	71
	27	25
	28	26
	31	29
	63	75
net/minecraft/client/gui/components/debug/DebugEntryGpuUtilization	21	25
	16	20
	17	21
	21	25
	12	17
	14	19
net/minecraft/client/renderer/fog/environment/package-info	0	0
net/minecraft/client/gui/screens/inventory/EffectsInInventory	111	136
	24	23
	25	24
	34	33
	35	34
	36	35
	39	38
	40	39
	42	40
	46	44
	47	45
	49	46
	51	47
	52	56
	55	48
	56	49
	57	50
	58	51
	61	54
	62	56
	65	67
	66	68
	67	69
	68	71
	69	72
	70	73
	71	74
	72	75
	73	76
	74	77
	75	78
	77	80
	80	92
	81	93
	82	94
	83	95
	84	96
	88	111
	89	112
	90	113
	92	115
	93	116
	94	117
	95	118
	96	119
	97	120
	99	122
	101	125
	102	126
	104	128
	107	131
	108	132
	109	133
	111	136
net/minecraft/client/gui/components/debug/DebugEntryPosition	52	68
	33	33
	34	34
	35	35
	36	37
	37	38
	38	39
	39	40
	40	41
	41	42
	43	44
	45	47
	46	49
	47	51
	48	55
	49	63
	50	64
	52	68
	22	21
	26	30
	27	31
	29	32
	30	68
net/minecraft/client/resources/metadata/texture/TextureMetadataSection	25	21
	18	12
	19	14
	20	15
	21	16
	22	17
	23	19
	25	21
net/minecraft/client/gui/components/toasts/SystemToast	206	217
	133	204
	136	207
	142	212
	143	213
	146	216
	147	217
	20	19
	151	119
	152	120
	155	123
	156	124
	157	125
	159	127
	161	129
	36	34
	164	132
	37	35
	165	133
	38	36
	166	134
	168	136
	41	39
	171	140
	172	145
	45	43
	175	149
	176	154
	50	48
	179	157
	180	158
	55	53
	183	162
	56	54
	184	167
	57	55
	187	171
	188	176
	61	59
	62	60
	191	179
	192	180
	66	64
	194	182
	195	183
	197	185
	71	69
	72	70
	200	188
	73	71
	201	189
	75	74
	203	191
	76	75
	204	192
	78	76
	206	194
	79	77
	83	81
	84	82
	85	83
	87	85
	88	86
	90	88
	93	93
	94	94
	96	96
	99	99
	100	100
	101	101
	104	104
	105	105
	106	106
	107	107
	110	110
	112	110
	113	110
	114	110
	115	110
	117	111
	118	112
	122	115
net/minecraft/client/renderer/entity/state/EquineRenderState	7	7
	6	6
	7	7
net/minecraft/client/renderer/feature/MovingBlockFeatureRenderer	85	85
	64	68
	66	70
	69	73
	70	74
	71	75
	80	80
	85	85
	22	20
	28	25
	29	26
	30	27
	32	29
	33	30
	34	31
	35	32
	37	33
	38	34
	40	35
	41	35
	42	38
	43	38
	45	41
	46	42
	47	43
	49	45
	52	57
	53	58
	55	60
	56	61
	57	62
	58	63
	62	66
	63	67
net/minecraft/client/multiplayer/chat/report/Report	101	95
	64	62
	67	65
	71	69
	72	70
	75	73
	76	74
	81	79
	82	79
	84	79
	24	22
	25	23
	26	24
	27	25
	30	28
	94	86
	95	88
	96	90
	97	91
	98	92
	101	95
	42	40
	43	41
	44	42
	47	45
	51	49
	55	53
	59	57
	63	61
net/minecraft/client/renderer/entity/ZombifiedPiglinRenderer	40	51
	33	45
	38	49
	39	50
	40	51
	13	13
	14	14
	17	24
	19	30
	20	33
	21	34
	22	35
	24	38
	28	41
net/minecraft/client/renderer/chunk/RenderRegionCache	41	40
	35	34
	39	38
	40	39
	41	40
	14	14
	15	15
	16	16
	18	17
	19	18
	20	19
	21	20
	22	21
	23	22
	25	23
	26	25
	27	26
	28	27
	29	28
	30	29
net/minecraft/client/renderer/entity/state/BreezeRenderState	0	0
com/mojang/blaze3d/textures/GpuTextureView	34	34
	18	18
	34	34
	22	22
	9	9
	10	10
	26	26
	11	11
	12	12
	30	30
net/minecraft/client/gui/screens/worldselection/SelectWorldScreen	170	179
	129	140
	133	144
	134	145
	137	148
	138	172
	140	149
	141	150
	142	151
	143	152
	144	153
	145	154
	147	156
	148	157
	149	158
	150	159
	151	160
	152	161
	153	162
	154	163
	155	164
	157	166
	30	29
	158	167
	159	168
	32	30
	162	172
	167	176
	168	177
	170	179
	49	41
	50	42
	51	43
	55	47
	56	48
	57	49
	59	50
	60	51
	61	52
	63	55
	64	56
	65	57
	66	58
	68	60
	69	61
	71	62
	72	64
	73	70
	74	72
	76	74
	78	75
	79	76
	80	77
	81	78
	84	81
	85	82
	86	83
	87	84
	88	86
	89	89
	90	94
	91	99
	92	103
	93	104
	96	107
	98	109
	99	110
	100	111
	101	112
	102	113
	106	117
	107	118
	109	119
	110	120
	111	121
	113	123
	118	128
	119	129
	121	132
	122	133
	126	137
	127	138
net/minecraft/client/model/npc/package-info	0	0
net/minecraft/client/renderer/entity/RavagerRenderer	38	33
	33	28
	34	29
	19	17
	36	31
	38	33
	24	21
	11	10
	29	25
	14	13
	30	26
	15	14
	31	27
net/minecraft/client/gui/components/MultilineTextField	422	408
	19	17
	39	33
	40	34
	41	35
	42	36
	45	39
	49	43
	50	44
	52	47
	53	48
	56	51
	57	52
	59	55
	60	56
	63	59
	67	63
	71	67
	72	68
	75	71
	76	72
	79	75
	80	76
	83	79
	84	80
	85	86
	87	81
	88	82
	89	83
	90	84
	91	86
	94	89
	98	93
	99	104
	102	94
	104	95
	105	96
	107	97
	108	104
	111	98
	112	99
	113	100
	115	101
	116	104
	119	107
	120	108
	123	111
	124	112
	127	115
	131	119
	132	120
	135	123
	139	127
	143	131
	144	132
	145	133
	146	134
	149	138
	153	142
	157	146
	158	148
	159	151
	160	154
	162	157
	163	158
	165	159
	166	160
	168	162
	171	165
	172	171
	175	166
	177	167
	178	168
	179	169
	180	171
	183	174
	184	175
	186	176
	187	177
	189	178
	190	179
	193	182
	194	183
	195	184
	196	185
	197	186
	200	189
	202	190
	203	191
	204	192
	205	193
	206	196
	207	197
	208	198
	209	201
	210	202
	211	203
	212	206
	213	207
	214	208
	215	209
	218	212
	220	245
	221	246
	222	247
	224	249
	226	252
	229	236
	230	237
	231	238
	233	240
	235	243
	238	260
	239	261
	241	264
	244	254
	245	255
	247	258
	250	266
	251	267
	254	269
	255	270
	258	272
	259	273
	261	275
	263	278
	266	280
	267	281
	269	283
	271	286
	274	218
	275	219
	276	220
	278	222
	280	225
	283	227
	284	228
	285	229
	287	231
	289	234
	292	215
	293	216
	296	288
	300	293
	304	297
	309	302
	310	303
	314	307
	318	311
	319	312
	320	313
	321	314
	324	316
	329	322
	330	323
	333	326
	336	328
	337	329
	341	332
	342	333
	345	336
	350	341
	351	342
	354	345
	357	347
	358	348
	362	351
	363	352
	366	355
	370	359
	371	361
	372	362
	375	365
	379	369
	380	370
	381	371
	382	372
	385	375
	387	376
	388	377
	389	386
	392	381
	395	382
	396	383
	398	386
	401	389
	402	389
	404	389
	408	393
	409	394
	410	395
	411	396
	414	399
	418	403
	422	408
com/mojang/blaze3d/opengl/DirectStateAccess	239	269
	18	14
	19	15
	20	16
	22	18
	47	43
	48	44
	59	57
	60	58
	65	63
	66	64
	70	68
	71	69
	75	73
	76	74
	80	78
	81	79
	85	83
	86	84
	90	88
	95	93
	96	94
	100	98
	105	105
	106	106
	108	109
	109	110
	110	111
	112	113
	116	130
	117	131
	121	135
	122	136
	126	140
	127	141
	134	147
	139	152
	140	153
	141	154
	142	155
	143	156
	147	160
	148	161
	149	162
	150	163
	151	164
	155	168
	156	169
	157	170
	158	171
	159	172
	163	176
	164	177
	165	178
	166	179
	167	180
	171	184
	172	185
	173	186
	174	187
	175	188
	179	192
	180	193
	181	194
	182	195
	183	196
	188	201
	189	202
	190	203
	191	204
	192	205
	196	209
	197	210
	198	211
	199	212
	200	213
	204	217
	205	218
	206	219
	207	220
	208	221
	209	222
	213	226
	218	233
	219	234
	220	235
	221	237
	222	238
	224	241
	225	242
	226	243
	228	245
	232	262
	233	263
	234	264
	235	265
	236	266
	237	267
	238	268
	239	269
net/minecraft/client/gui/screens/debug/package-info	0	0
com/mojang/blaze3d/resource/RenderTargetDescriptor	35	31
	32	29
	17	16
	33	31
	18	17
	35	30
	20	19
	22	21
	26	24
	27	25
	12	12
net/minecraft/client/gui/screens/dialog/input/InputControlHandlers	202	183
	128	68
	133	72
	136	75
	144	97
	145	98
	146	99
	150	103
	151	104
	155	108
	158	111
	162	115
	36	35
	166	119
	41	39
	42	40
	170	123
	46	43
	174	127
	50	47
	178	131
	51	48
	179	132
	52	49
	53	53
	181	132
	183	132
	56	51
	57	53
	60	56
	61	57
	189	80
	62	58
	190	81
	63	59
	191	82
	64	60
	194	84
	69	150
	199	88
	72	153
	73	154
	202	91
	74	155
	75	156
	76	157
	78	159
	79	160
	80	161
	81	162
	82	163
	83	164
	85	166
	86	167
	87	168
	88	169
	89	170
	91	173
	92	174
	95	176
	100	180
	103	183
	109	139
	110	140
	111	141
	112	142
	114	143
	116	144
	117	145
	123	64
	124	65
	125	66
net/minecraft/client/renderer/SpriteCoordinateExpander	59	71
	32	32
	37	37
	42	42
	11	11
	12	12
	13	13
	47	47
	17	17
	52	52
	53	53
	22	22
	58	70
	27	27
	59	71
net/minecraft/client/renderer/item/ItemModelResolver	71	75
	67	74
	68	75
	69	75
	71	75
	19	19
	20	20
	23	23
	27	27
	32	31
	33	32
	37	35
	38	36
	41	46
	43	47
	44	48
	45	49
	47	51
	50	61
	51	62
	52	66
	54	63
	55	64
	56	66
	59	69
	60	70
	61	70
	63	70
net/minecraft/client/gui/screens/BanNoticeScreens	121	120
	20	19
	21	20
	23	21
	25	22
	26	24
	29	29
	33	34
	34	41
	36	36
	37	37
	39	40
	40	41
	50	45
	51	46
	53	48
	54	49
	56	52
	57	53
	59	57
	67	66
	71	70
	72	72
	73	72
	74	72
	79	77
	80	78
	81	79
	82	80
	83	81
	85	83
	86	84
	87	85
	88	86
	90	88
	92	91
	94	93
	98	98
	99	99
	100	100
	101	102
	104	105
	109	110
	110	111
	111	112
	112	113
	113	115
	114	115
	116	115
	121	120
net/minecraft/client/renderer/entity/state/FelineRenderState	0	0
net/minecraft/client/multiplayer/ClientPacketListener	2876	2756
	2048	1977
	2049	1992
	2051	1979
	2052	1980
	2054	1982
	2055	1983
	2056	1984
	2057	1985
	2058	1986
	2061	1989
	2063	1992
	2066	1995
	2070	1999
	2075	2003
	2076	2004
	2077	2005
	2078	2006
	2079	2007
	2080	2008
	2081	2009
	2082	2010
	2083	2011
	2087	2014
	2088	2015
	2089	2016
	2091	2018
	2095	2021
	2096	2022
	2097	2035
	2101	2038
	2102	2039
	2103	2040
	2104	2045
	2106	2041
	2107	2045
	2111	2048
	2112	2049
	2113	2050
	2117	2053
	2118	2054
	2119	2055
	2121	2057
	2123	2059
	2127	2062
	2128	2063
	2129	2064
	2130	2065
	2132	2067
	2133	2068
	2135	2070
	2137	2073
	2138	2074
	2139	2075
	2141	2078
	2143	2081
	2145	2083
	2149	2086
	2150	2087
	2151	2088
	2152	2089
	2153	2090
	2155	2092
	2162	2096
	2164	2097
	2168	2100
	2169	2101
	2173	2104
	2175	2105
	2176	2106
	2177	2107
	2179	2112
	2180	2113
	2181	2114
	2182	2115
	2183	2116
	2184	2117
	2185	2118
	2186	2119
	2190	2123
	2194	2126
	2195	2127
	2197	2128
	2198	2129
	2199	2130
	2200	2131
	2201	2132
	2202	2133
	2203	2134
	2205	2136
	2207	2138
	2211	2141
	2212	2142
	2214	2143
	2215	2144
	2216	2145
	2218	2147
	2219	2148
	2220	2149
	2222	2151
	2225	2154
	2229	2157
	2231	2158
	2232	2159
	2233	2160
	2234	2161
	2238	2164
	2241	2165
	2243	2167
	2244	2168
	2246	2170
	2247	2171
	2248	2172
	2249	2173
	2253	2177
	2255	2178
	2256	2179
	2257	2180
	2258	2181
	2259	2182
	2260	2183
	2261	2184
	2262	2185
	2263	2186
	2265	2187
	2266	2188
	2267	2189
	2268	2190
	2270	2192
	2271	2193
	2272	2194
	2276	2198
	2277	2199
	2279	2201
	2283	2204
	2284	2205
	2285	2206
	2286	2207
	2287	2208
	2289	2211
	2290	2212
	2291	2213
	2294	2216
	2295	2217
	2296	2218
	2297	2219
	2298	2220
	2299	2221
	2300	2222
	2302	2225
	2303	2237
	2304	2238
	2305	2239
	2309	2243
	2313	2246
	2314	2247
	2315	2248
	2316	2269
	2318	2249
	2319	2250
	2322	2252
	2323	2254
	2324	2255
	2326	2256
	2327	2257
	2330	2259
	2331	2260
	2333	2262
	2334	2263
	2337	2269
	2341	2272
	2343	2273
	2344	2274
	2345	2279
	2348	2275
	2349	2276
	2351	2279
	2355	2282
	2356	2283
	2357	2284
	2358	2285
	2359	2286
	2360	2287
	2363	2290
	2364	2291
	2365	2292
	2366	2293
	2368	2294
	2370	2295
	2371	2296
	2372	2297
	2373	2298
	2375	2299
	2376	2300
	2380	2303
	2381	2304
	2382	2305
	2383	2306
	2384	2307
	2385	2308
	2386	2309
	2387	2310
	2389	2312
	2393	2315
	2394	2316
	2395	2317
	2396	2318
	2397	2319
	350	357
	352	358
	353	359
	2401	2322
	354	360
	2402	2323
	355	361
	2403	2324
	356	362
	2404	2325
	357	363
	358	364
	359	365
	2408	2328
	2409	2329
	2410	2330
	2414	2333
	2415	2334
	368	368
	2416	2335
	370	369
	372	370
	2420	2338
	2421	2340
	2422	2341
	2424	2343
	378	373
	2428	2346
	2429	2347
	2430	2347
	383	379
	2431	2348
	384	380
	385	381
	2433	2350
	387	384
	2437	2353
	2438	2354
	392	390
	393	391
	2442	2357
	395	394
	2443	2358
	396	395
	2444	2359
	398	398
	2448	2362
	2449	2363
	2453	2366
	2454	2367
	2458	2370
	2459	2371
	2460	2372
	2462	2374
	2466	2377
	2467	2378
	2468	2379
	2472	2382
	2473	2383
	2474	2384
	2478	2387
	2479	2388
	2480	2389
	2484	2392
	2485	2393
	2486	2394
	2487	2395
	2489	2397
	2493	2400
	2494	2401
	2495	2402
	2499	2405
	2500	2406
	2501	2407
	2505	2410
	2506	2411
	2509	2423
	2510	2424
	2511	2425
	464	444
	2512	2426
	465	445
	2513	2427
	466	446
	2514	2428
	467	447
	2515	2429
	468	449
	2516	2430
	469	451
	470	452
	472	453
	2520	2434
	473	454
	474	455
	2523	2437
	477	457
	479	458
	480	459
	2528	2441
	481	460
	482	461
	483	462
	2532	2445
	485	465
	486	466
	487	467
	488	468
	2536	2449
	489	469
	492	472
	2540	2453
	496	476
	2544	2457
	497	477
	498	478
	499	479
	2548	2461
	2549	2462
	502	482
	2550	2463
	503	483
	504	484
	505	485
	2554	2467
	508	488
	509	489
	510	490
	2558	2471
	511	491
	514	495
	2562	2475
	515	496
	2563	2476
	2564	2477
	518	499
	2568	2481
	2572	2485
	525	503
	527	504
	528	505
	2576	2489
	530	506
	531	507
	2580	2493
	533	508
	534	509
	535	510
	2584	2497
	537	511
	538	512
	540	513
	2588	2501
	541	514
	542	515
	543	516
	544	517
	2592	2505
	545	518
	546	530
	2596	2509
	549	531
	550	532
	551	533
	552	534
	2600	2513
	553	535
	2601	2513
	2602	2514
	557	539
	2605	2516
	558	540
	559	541
	2608	2519
	561	542
	2609	2520
	562	543
	2610	2521
	563	544
	564	545
	2612	2523
	565	546
	566	547
	567	548
	2615	2526
	568	549
	2616	2527
	569	550
	2617	2528
	570	551
	2618	2529
	571	552
	2619	2530
	572	553
	2620	2531
	573	554
	574	555
	2623	2534
	2624	2535
	2625	2536
	578	556
	2626	2547
	579	557
	580	558
	581	559
	2629	2538
	582	560
	2630	2539
	583	561
	2631	2540
	584	562
	2632	2541
	585	563
	2633	2542
	2634	2543
	588	566
	2636	2545
	589	567
	2637	2547
	591	568
	593	569
	594	570
	2642	2550
	595	571
	596	572
	2644	2552
	2645	2553
	598	574
	2646	2554
	2648	2556
	602	577
	2650	2562
	604	578
	2652	2559
	605	579
	2654	2564
	608	582
	609	583
	610	584
	611	585
	613	586
	615	588
	2664	2567
	2665	2568
	618	591
	2666	2569
	619	592
	620	593
	621	594
	2669	2572
	622	595
	2670	2573
	625	598
	2673	2576
	2674	2577
	2675	2578
	628	601
	629	602
	630	603
	2678	2579
	631	604
	632	605
	633	606
	2682	2583
	635	608
	2683	2583
	2684	2583
	637	611
	2688	2587
	641	616
	2689	2590
	642	617
	643	618
	2691	2593
	644	619
	2692	2594
	646	621
	2694	2596
	647	622
	2696	2598
	649	624
	2698	2600
	651	627
	2700	2602
	653	629
	2702	2605
	657	632
	2705	2608
	658	633
	659	634
	660	637
	662	635
	2710	2609
	663	637
	2711	2610
	2712	2611
	2714	2612
	667	640
	668	641
	669	642
	2717	2615
	670	643
	2718	2616
	2719	2617
	672	645
	676	648
	2724	2618
	677	649
	2725	2619
	678	650
	679	671
	2728	2621
	682	651
	683	652
	684	653
	2733	2622
	686	671
	2734	2623
	2735	2624
	689	654
	690	655
	2738	2626
	691	656
	692	657
	693	658
	2741	2629
	2742	2630
	695	660
	2743	2631
	2745	2633
	698	663
	699	664
	700	665
	2749	2636
	2750	2637
	703	668
	704	671
	2753	2640
	2754	2641
	2755	2642
	708	674
	709	675
	710	676
	2758	2645
	711	677
	712	678
	2760	2646
	713	679
	2761	2647
	714	680
	716	706
	2764	2650
	2765	2651
	719	694
	720	695
	2768	2654
	721	696
	722	697
	2770	2655
	2771	2656
	724	698
	2772	2657
	725	699
	2773	2658
	726	700
	2774	2659
	727	701
	728	702
	2777	2662
	731	706
	2780	2665
	2782	2666
	735	709
	2783	2667
	736	710
	737	715
	2785	2669
	739	711
	740	712
	2788	2672
	741	713
	742	715
	2792	2676
	2793	2677
	746	718
	747	719
	748	723
	2797	2680
	750	720
	2798	2687
	751	721
	752	723
	2800	2681
	2801	2687
	756	726
	2804	2682
	757	727
	2805	2683
	758	728
	2806	2684
	2807	2687
	760	730
	2811	2691
	764	733
	765	734
	766	735
	2814	2694
	767	757
	2815	2695
	770	736
	771	737
	772	738
	2820	2700
	773	739
	774	757
	2824	2704
	777	741
	778	742
	779	743
	780	744
	2828	2708
	781	745
	782	746
	784	748
	2832	2712
	786	750
	787	751
	2836	2716
	789	754
	790	757
	2840	2720
	794	760
	795	761
	796	761
	2844	2724
	797	766
	2845	2725
	799	762
	800	763
	2848	2728
	802	766
	2852	2732
	2853	2733
	806	769
	807	770
	808	771
	2856	2736
	809	774
	811	772
	812	774
	2860	2740
	816	777
	2864	2744
	817	778
	818	779
	819	780
	820	789
	2868	2748
	821	781
	822	782
	823	783
	2872	2752
	825	786
	2873	2753
	827	787
	828	789
	2876	2756
	829	790
	833	793
	834	794
	835	795
	837	796
	839	799
	840	800
	842	801
	843	802
	846	807
	848	808
	850	809
	851	810
	852	811
	853	812
	854	813
	857	815
	858	816
	859	817
	860	818
	863	819
	864	820
	865	821
	866	822
	871	827
	872	828
	874	829
	875	830
	876	831
	878	832
	879	833
	880	834
	881	835
	882	836
	886	839
	888	840
	889	841
	893	844
	894	845
	895	846
	896	847
	897	848
	898	849
	899	850
	900	851
	901	852
	902	853
	904	855
	905	856
	909	859
	911	861
	912	862
	915	865
	916	866
	919	869
	920	870
	921	871
	922	872
	923	873
	928	878
	931	881
	932	881
	933	882
	936	885
	937	886
	938	887
	939	889
	940	890
	941	891
	942	892
	944	895
	945	896
	949	899
	950	900
	951	901
	952	902
	953	903
	956	906
	957	907
	958	908
	959	909
	960	911
	961	912
	962	913
	963	914
	965	917
	966	918
	968	920
	969	921
	973	924
	974	925
	975	926
	979	929
	983	930
	985	931
	987	932
	988	933
	990	935
	1005	952
	1010	958
	1011	959
	1012	960
	1016	963
	1017	964
	1018	965
	1019	966
	1020	967
	1022	970
	1023	971
	1024	972
	1026	984
	1029	997
	1030	998
	1031	999
	1033	1000
	1034	1001
	1035	1002
	1037	1005
	1038	1006
	1040	1008
	1041	1009
	1044	1012
	1048	1015
	1049	1016
	1050	1017
	1052	1019
	1054	1021
	1058	1024
	1060	1025
	1061	1026
	1062	1027
	1063	1028
	1064	1060
	1067	1030
	1068	1031
	1069	1032
	1071	1033
	1072	1060
	1075	1035
	1078	1036
	1079	1037
	1080	1038
	1081	1039
	1082	1040
	1083	1060
	1086	1042
	1088	1044
	1089	1045
	1091	1047
	1094	1050
	1095	1051
	1096	1052
	1097	1053
	1099	1055
	1101	1060
	1105	1063
	1106	1064
	1107	1065
	1111	1068
	1113	1069
	1114	1070
	1115	1071
	1116	1078
	1119	1073
	1121	1074
	1122	1075
	1124	1078
	1128	1081
	1129	1082
	1130	1083
	1131	1099
	1133	1084
	1134	1085
	1135	1086
	1136	1087
	1137	1088
	1138	1089
	1139	1090
	1140	1091
	1141	1092
	1142	1093
	1143	1094
	1144	1095
	1145	1096
	1147	1099
	1151	1102
	1152	1103
	1153	1104
	1154	1107
	1156	1105
	1157	1107
	1161	1110
	1162	1111
	1163	1112
	1164	1113
	1165	1114
	1166	1115
	1167	1116
	1171	1119
	1172	1120
	1173	1121
	1177	1124
	1178	1125
	1179	1126
	1180	1127
	1181	1153
	1184	1129
	1185	1130
	1187	1132
	1188	1133
	1189	1134
	1190	1135
	1191	1136
	1192	1137
	1193	1138
	1194	1139
	1195	1140
	1196	1141
	1197	1142
	1199	1145
	1200	1146
	1201	1147
	1206	1153
	1210	1156
	1211	1157
	1212	1157
	1213	1158
	1215	1160
	1218	1163
	1219	1164
	1220	1165
	1221	1166
	1224	1170
	1229	1174
	1230	1175
	1231	1176
	1233	1177
	1235	1190
	1237	1179
	1239	1182
	1240	1183
	1241	1184
	1242	1185
	1243	1186
	1246	1193
	1249	1196
	1253	1199
	1254	1200
	1255	1201
	1256	1204
	1259	1202
	1260	1204
	1264	1207
	1265	1208
	1266	1209
	1267	1210
	1268	1211
	1272	1214
	1273	1215
	1274	1216
	1278	1219
	1279	1220
	1280	1221
	1281	1222
	1282	1223
	1283	1224
	1284	1225
	1285	1226
	1286	1227
	1287	1228
	1288	1229
	1289	1230
	1290	1231
	1291	1232
	1292	1233
	1293	1234
	1294	1246
	1295	1247
	1296	1248
	1299	1251
	1300	1252
	1301	1253
	1305	1257
	1306	1258
	1308	1262
	1311	1265
	1312	1266
	1314	1267
	1315	1268
	1316	1269
	1317	1270
	1319	1273
	1321	1274
	1322	1275
	1323	1276
	1324	1277
	1326	1280
	1327	1281
	1328	1282
	1330	1284
	1331	1285
	1334	1288
	1335	1289
	1337	1291
	1340	1294
	1341	1295
	1342	1296
	1343	1297
	1344	1298
	1345	1299
	1346	1300
	1347	1301
	1348	1302
	1349	1303
	1350	1304
	1352	1307
	1353	1308
	1356	1313
	1357	1314
	1358	1315
	1359	1316
	1360	1317
	1361	1318
	1364	1322
	1369	1326
	1370	1327
	1371	1328
	1372	1340
	1373	1341
	1374	1342
	1375	1343
	1379	1346
	1380	1347
	1381	1348
	1382	1349
	1383	1350
	1384	1351
	1385	1352
	1386	1353
	1387	1354
	1388	1355
	1389	1356
	1390	1357
	1391	1358
	1393	1360
	1397	1363
	1398	1364
	1399	1365
	1403	1368
	1404	1369
	1405	1370
	1406	1371
	1408	1372
	1412	1374
	1413	1375
	1415	1377
	1418	1380
	1419	1381
	1420	1381
	1421	1382
	1422	1383
	1423	1384
	1427	1388
	1428	1389
	1429	1390
	1432	1393
	1436	1394
	1437	1395
	1439	1397
	1443	1400
	1445	1401
	1448	1402
	1449	1403
	1451	1405
	1455	1408
	1457	1409
	1459	1410
	1460	1411
	1464	1414
	1465	1415
	1466	1416
	1467	1417
	1468	1418
	1469	1419
	1471	1421
	1475	1424
	1476	1425
	1478	1426
	1479	1427
	1481	1429
	1483	1431
	1487	1434
	1488	1435
	1489	1436
	1490	1437
	1491	1440
	1492	1451
	1494	1452
	1495	1453
	1497	1455
	1498	1456
	1502	1459
	1503	1460
	1504	1461
	1505	1462
	1507	1464
	1511	1467
	1512	1468
	1513	1468
	1514	1469
	1516	1471
	1520	1474
	1521	1475
	1522	1476
	1526	1479
	1527	1480
	1528	1481
	1532	1484
	1533	1485
	1534	1486
	1538	1489
	1539	1490
	1540	1491
	1541	1492
	1542	1493
	1543	1494
	1545	1495
	1546	1496
	1547	1497
	1548	1498
	1549	1499
	1550	1500
	1551	1501
	1552	1502
	1553	1503
	1554	1504
	1555	1505
	1556	1506
	1557	1507
	1558	1508
	1559	1509
	1560	1510
	1561	1511
	1562	1512
	1563	1514
	1564	1522
	1565	1523
	1566	1524
	1567	1525
	1568	1526
	1569	1527
	1572	1530
	1573	1531
	1574	1532
	1576	1534
	1577	1535
	1578	1536
	1579	1537
	1580	1538
	1581	1539
	1582	1540
	1583	1541
	1584	1542
	1585	1543
	1587	1544
	1588	1545
	1590	1547
	1591	1548
	1592	1549
	1593	1550
	1594	1551
	1595	1551
	1596	1552
	1599	1554
	1602	1559
	1603	1562
	1604	1567
	1605	1573
	1606	1574
	1607	1575
	1609	1579
	1610	1580
	1611	1581
	1612	1581
	1613	1582
	1614	1583
	1615	1584
	1616	1585
	1618	1587
	1621	1590
	1623	1591
	1625	1594
	1626	1595
	1627	1596
	1629	1598
	1630	1599
	1632	1601
	1636	1604
	1637	1605
	1638	1606
	1640	1607
	1641	1608
	1642	1609
	1645	1612
	1646	1613
	1647	1614
	1651	1617
	1652	1618
	1653	1619
	1655	1621
	1657	1623
	1661	1626
	1662	1627
	1663	1628
	1667	1631
	1668	1632
	1669	1633
	1670	1634
	1672	1636
	1673	1637
	1675	1639
	1679	1642
	1680	1643
	1681	1644
	1685	1647
	1686	1648
	1687	1649
	1691	1652
	1692	1653
	1693	1654
	1697	1657
	1698	1658
	1699	1659
	1703	1662
	1704	1663
	1705	1664
	1706	1665
	1708	1667
	1712	1670
	1714	1671
	1715	1672
	1717	1674
	1721	1677
	1723	1679
	1724	1680
	1725	1681
	1727	1682
	1730	1685
	1731	1686
	1733	1688
	1737	1691
	1739	1692
	1741	1693
	1742	1694
	1745	1697
	1746	1698
	1747	1699
	1748	1700
	1751	1703
	1752	1704
	1755	1708
	1756	1709
	1760	1712
	1761	1713
	1762	1715
	1763	1716
	1766	1719
	1767	1720
	1771	1723
	1772	1724
	1773	1725
	1774	1726
	1775	1727
	1778	1730
	1779	1731
	1781	1732
	1782	1733
	1784	1735
	1788	1738
	1789	1739
	1790	1739
	1791	1750
	1794	1740
	1795	1742
	1796	1744
	1797	1745
	1799	1748
	1800	1750
	1803	1753
	1804	1754
	1809	1758
	1810	1759
	1812	1760
	1815	1761
	1816	1762
	1819	1765
	1820	1766
	1821	1767
	1822	1768
	1826	1771
	1830	1774
	1834	1777
	1836	1778
	1837	1779
	1838	1780
	1839	1781
	1841	1783
	1844	1786
	1848	1789
	1849	1790
	1850	1791
	1851	1792
	1852	1793
	1854	1795
	1858	1798
	1859	1799
	1860	1800
	1861	1801
	1863	1803
	1867	1806
	1868	1807
	1870	1808
	1872	1809
	1873	1810
	1874	1811
	1876	1813
	1879	1816
	1880	1817
	1881	1818
	1882	1819
	1886	1822
	1887	1823
	1888	1824
	1892	1827
	1893	1828
	1894	1829
	1898	1832
	1899	1833
	1900	1834
	1904	1837
	1905	1838
	1906	1839
	1910	1842
	1911	1843
	1912	1844
	1916	1847
	1917	1848
	1918	1849
	1919	1850
	1921	1852
	1925	1855
	1926	1856
	1927	1861
	1930	1857
	1931	1858
	1933	1859
	1934	1861
	1938	1864
	1939	1865
	1940	1866
	1944	1869
	1945	1870
	1946	1871
	1950	1874
	1951	1875
	1952	1876
	1956	1879
	1957	1880
	1958	1881
	1962	1884
	1963	1885
	1964	1886
	1968	1889
	1969	1890
	1970	1891
	1971	1892
	1975	1895
	1976	1896
	1977	1897
	1979	1899
	1983	1902
	1984	1904
	1985	1905
	1986	1906
	1987	1907
	1988	1908
	1991	1911
	1995	1914
	1997	1916
	1998	1917
	1999	1918
	2000	1919
	2004	1923
	2005	1924
	2006	1925
	2007	1926
	2011	1928
	2012	1929
	2015	1933
	2018	1940
	2019	1942
	2021	1945
	2023	1945
	2025	1946
	2027	1949
	2028	1950
	2030	1952
	2031	1953
	2033	1955
	2036	1959
	2037	1962
	2038	1965
	2039	1968
	2041	1970
	2044	1973
	2045	1974
	2046	1975
	2047	1976
net/minecraft/client/gui/screens/worldselection/PresetEditor	65	64
	32	30
	64	63
	33	32
	65	64
	34	33
	35	34
	36	35
	37	36
	38	37
	40	39
	41	40
	44	46
	47	46
	52	52
	53	53
	54	54
	59	59
	60	60
	62	61
	31	29
	63	62
com/mojang/realmsclient/client/Ping	73	75
	64	63
	65	64
	66	65
	67	66
	68	67
	71	73
	72	74
	73	75
	17	15
	18	16
	22	19
	23	21
	24	22
	28	25
	29	26
	33	30
	34	31
	35	32
	36	34
	38	36
	39	37
	40	38
	41	39
	42	40
	43	41
	44	42
	46	44
	49	48
	53	52
	57	56
	61	60
	62	61
	63	62
net/minecraft/client/animation/definitions/SnifferAnimation	762	1146
	11	9
	12	10
	13	13
	15	16
	16	19
	18	22
	20	23
	21	24
	22	25
	23	29
	24	30
	25	31
	26	32
	27	33
	28	34
	29	35
	30	36
	31	37
	33	40
	35	41
	36	42
	37	46
	38	47
	39	48
	40	49
	41	50
	42	51
	43	52
	45	55
	46	59
	47	60
	48	61
	49	62
	51	65
	53	66
	54	67
	55	68
	56	72
	57	73
	58	74
	59	75
	60	76
	62	79
	63	83
	64	84
	65	85
	66	86
	67	87
	69	90
	70	94
	71	95
	72	96
	73	97
	74	98
	75	99
	76	100
	78	103
	79	107
	80	108
	81	109
	82	110
	83	111
	84	112
	85	113
	87	116
	88	120
	89	121
	90	122
	91	123
	92	124
	93	125
	94	126
	96	129
	97	133
	98	134
	99	135
	100	136
	101	137
	102	138
	103	139
	105	142
	106	146
	107	147
	108	148
	109	149
	110	150
	112	153
	113	157
	114	158
	115	159
	116	160
	117	161
	119	164
	120	168
	121	169
	122	170
	123	171
	124	172
	125	173
	127	176
	128	180
	129	181
	130	182
	131	183
	132	184
	133	185
	135	188
	136	192
	137	193
	138	194
	139	195
	140	196
	141	197
	142	198
	144	201
	145	205
	146	206
	147	207
	148	208
	149	209
	150	210
	151	211
	153	214
	154	218
	155	219
	156	220
	157	221
	158	222
	160	225
	161	229
	162	230
	163	231
	164	232
	165	233
	166	234
	167	235
	169	238
	170	242
	171	243
	172	244
	173	245
	174	246
	175	247
	177	250
	178	254
	179	255
	180	256
	181	257
	182	258
	184	261
	185	265
	186	266
	187	267
	188	268
	189	269
	191	272
	193	273
	194	274
	195	275
	196	279
	197	280
	198	281
	199	282
	200	283
	202	286
	203	290
	204	291
	205	292
	206	293
	207	294
	209	297
	210	301
	211	302
	212	303
	213	304
	214	305
	215	306
	216	307
	218	310
	219	314
	220	315
	221	316
	222	317
	223	318
	224	319
	225	320
	227	323
	228	327
	229	328
	230	329
	231	330
	232	331
	233	332
	234	333
	236	336
	237	340
	238	341
	239	342
	240	343
	241	344
	242	345
	243	346
	245	349
	246	353
	247	354
	248	355
	249	356
	250	357
	252	360
	253	364
	254	365
	255	366
	256	367
	257	368
	259	371
	260	375
	261	376
	262	377
	263	378
	264	379
	265	380
	267	383
	268	387
	269	388
	270	389
	271	390
	272	391
	273	392
	275	395
	276	399
	277	400
	278	401
	279	402
	280	403
	281	404
	282	405
	284	408
	285	412
	286	413
	287	414
	288	415
	289	416
	290	417
	291	418
	293	421
	294	425
	295	426
	296	427
	297	428
	299	431
	300	435
	301	436
	302	437
	303	438
	304	439
	305	440
	307	443
	308	447
	309	448
	311	451
	312	455
	313	456
	314	457
	315	458
	316	459
	317	460
	318	461
	319	462
	320	463
	322	466
	323	470
	324	471
	325	472
	326	473
	327	474
	328	475
	329	476
	330	477
	331	478
	333	481
	334	485
	335	486
	336	487
	337	488
	338	489
	339	490
	340	491
	341	492
	342	493
	343	494
	344	495
	345	496
	346	497
	347	498
	348	499
	349	500
	351	503
	353	504
	354	505
	355	509
	356	510
	357	511
	358	512
	359	513
	360	514
	361	515
	362	516
	363	517
	364	518
	365	519
	366	520
	367	521
	369	524
	370	528
	371	529
	372	530
	374	533
	375	537
	376	538
	377	539
	378	540
	380	543
	381	547
	382	548
	383	549
	384	550
	385	551
	386	552
	387	553
	388	554
	389	555
	390	556
	391	557
	392	558
	393	559
	394	560
	395	561
	396	562
	397	563
	398	564
	399	565
	400	566
	401	567
	402	568
	403	569
	404	570
	406	573
	407	577
	408	578
	409	579
	410	580
	411	581
	412	582
	413	583
	414	584
	415	585
	416	586
	417	587
	418	588
	419	589
	420	590
	421	591
	422	592
	424	595
	425	599
	426	600
	427	601
	428	602
	429	603
	430	604
	431	605
	433	608
	434	612
	435	613
	436	614
	437	615
	438	616
	439	617
	440	618
	442	621
	443	625
	444	626
	445	627
	447	630
	448	634
	449	635
	450	636
	451	637
	453	640
	454	644
	455	645
	456	646
	458	649
	459	653
	460	654
	461	655
	462	656
	464	659
	465	663
	466	664
	467	665
	469	668
	470	672
	471	673
	472	674
	473	675
	475	678
	476	682
	477	683
	478	684
	480	687
	481	691
	482	692
	483	693
	484	694
	486	697
	487	701
	488	702
	489	703
	491	706
	492	710
	493	711
	494	712
	495	713
	497	716
	498	720
	499	721
	500	722
	502	725
	503	729
	504	730
	505	731
	506	732
	508	735
	510	736
	511	737
	512	741
	513	742
	514	743
	515	744
	517	747
	518	751
	519	752
	520	753
	521	754
	523	757
	524	761
	525	762
	526	763
	527	764
	528	765
	530	768
	531	772
	532	773
	534	776
	535	780
	536	781
	537	782
	539	785
	540	789
	541	790
	542	791
	544	794
	545	798
	546	799
	548	802
	549	806
	550	807
	551	808
	553	811
	554	815
	555	816
	557	819
	558	823
	559	824
	560	825
	562	828
	563	832
	564	833
	566	836
	567	840
	568	841
	569	842
	571	845
	572	849
	573	850
	575	853
	576	857
	577	858
	578	859
	580	862
	581	866
	582	867
	584	870
	585	874
	586	875
	587	876
	589	879
	590	883
	591	884
	593	887
	594	891
	595	892
	596	893
	598	896
	600	897
	601	898
	602	902
	603	903
	604	904
	605	905
	606	906
	608	909
	609	913
	610	914
	611	915
	612	916
	613	917
	614	918
	616	921
	617	925
	618	926
	619	927
	620	928
	621	929
	623	932
	624	936
	625	937
	626	938
	627	939
	628	940
	629	941
	630	942
	632	945
	633	949
	634	950
	635	951
	636	952
	637	953
	639	956
	640	960
	641	961
	642	962
	643	963
	644	964
	646	967
	647	971
	648	972
	649	973
	650	974
	651	975
	653	978
	654	982
	655	983
	656	984
	657	985
	658	986
	659	987
	660	988
	661	989
	663	992
	664	996
	665	997
	667	1000
	668	1004
	669	1005
	670	1006
	671	1007
	672	1008
	673	1009
	674	1010
	675	1011
	677	1014
	678	1018
	679	1019
	681	1022
	682	1026
	683	1027
	684	1028
	685	1029
	686	1030
	687	1031
	688	1032
	689	1033
	691	1036
	692	1040
	693	1041
	695	1044
	696	1048
	697	1049
	698	1050
	699	1051
	700	1052
	701	1053
	702	1054
	703	1055
	705	1058
	706	1062
	707	1063
	709	1066
	710	1070
	711	1071
	712	1072
	713	1073
	714	1074
	715	1075
	716	1076
	717	1077
	719	1080
	720	1084
	721	1085
	723	1088
	724	1092
	725	1093
	726	1094
	727	1095
	728	1096
	729	1097
	730	1098
	731	1099
	733	1102
	734	1106
	735	1107
	737	1110
	739	1111
	740	1112
	741	1113
	742	1117
	743	1118
	744	1119
	745	1120
	746	1121
	748	1124
	749	1128
	750	1129
	751	1130
	752	1131
	753	1132
	755	1135
	756	1139
	757	1140
	758	1141
	759	1142
	760	1143
	762	1146
net/minecraft/client/gui/screens/inventory/CommandBlockEditScreen	100	109
	64	64
	67	67
	68	68
	69	69
	70	70
	71	71
	72	72
	75	75
	76	76
	77	77
	78	78
	79	79
	80	80
	82	81
	19	20
	83	82
	20	21
	84	83
	85	84
	87	85
	24	25
	88	86
	89	87
	29	30
	93	91
	94	92
	95	93
	34	35
	35	36
	99	97
	36	37
	100	109
	40	41
	41	43
	42	44
	43	45
	44	46
	48	50
	49	51
	50	52
	53	54
	54	55
	55	56
	56	57
	59	59
	60	60
	61	61
	62	62
net/minecraft/client/model/object/projectile/ShulkerBulletModel	43	42
	35	35
	40	39
	41	40
	42	41
	43	42
	19	17
	20	18
	21	19
	24	22
	25	23
	27	24
	28	26
	29	27
	30	29
	31	31
net/minecraft/client/gui/font/providers/GlyphProviderDefinition	35	26
	32	21
	33	23
	34	24
	35	26
	15	14
net/minecraft/client/gui/screens/inventory/package-info	0	0
net/minecraft/client/gui/spectator/SpectatorMenu	184	168
	128	112
	134	118
	135	119
	139	123
	16	15
	144	128
	17	16
	145	129
	18	17
	20	19
	21	20
	149	133
	22	21
	26	23
	27	24
	28	25
	158	142
	159	143
	160	144
	33	29
	164	148
	37	33
	165	149
	169	153
	42	38
	46	42
	174	158
	175	159
	176	160
	178	162
	180	164
	56	51
	184	168
	57	52
	58	53
	61	56
	63	57
	64	58
	65	59
	66	60
	67	60
	69	60
	73	61
	74	62
	77	64
	78	64
	80	64
	84	69
	86	71
	87	72
	90	75
	94	79
	98	83
	102	87
	104	88
	105	89
	106	90
	108	92
	111	95
	114	98
	115	99
	118	102
	122	106
	123	107
	124	108
	125	109
net/minecraft/client/model/monster/enderman/EndermanModel	94	69
	17	16
	18	17
	21	20
	22	21
	23	22
	25	23
	26	24
	27	24
	28	24
	30	26
	31	27
	32	27
	35	29
	36	29
	37	29
	38	29
	40	30
	41	31
	42	31
	43	31
	45	33
	46	34
	47	34
	48	34
	50	36
	51	37
	52	37
	53	37
	55	39
	56	40
	57	40
	58	40
	61	42
	66	46
	68	47
	70	48
	71	49
	72	50
	73	51
	75	52
	76	53
	77	54
	78	55
	79	56
	82	57
	83	58
	84	59
	85	60
	86	61
	89	64
	90	65
	91	66
	92	67
	94	69
net/minecraft/client/gui/components/events/package-info	0	0
net/minecraft/client/gui/components/tabs/LoadingTab	53	49
	32	28
	37	33
	42	38
	43	39
	47	43
	48	44
	49	45
	20	19
	21	20
	53	49
	23	21
	24	22
	25	22
	26	22
	27	23
	28	24
com/mojang/blaze3d/ProjectionType	25	24
	16	15
	17	16
	20	19
	7	7
	8	8
	24	23
	25	24
	15	14
net/minecraft/client/model/monster/strider/AdultStriderModel	110	98
	29	26
	36	27
	40	31
	41	32
	42	33
	43	34
	44	35
	45	36
	47	37
	49	44
	50	52
	52	54
	53	55
	55	56
	56	57
	57	58
	60	61
	61	62
	63	63
	64	63
	65	63
	66	63
	68	64
	69	64
	70	64
	71	64
	73	65
	74	66
	75	66
	76	66
	79	68
	80	70
	81	70
	82	71
	84	73
	85	75
	86	75
	87	76
	89	78
	90	80
	91	80
	92	81
	94	83
	95	85
	96	85
	97	86
	99	88
	100	90
	101	90
	102	91
	104	93
	105	95
	106	95
	107	96
	110	98
net/minecraft/client/tutorial/package-info	0	0
com/mojang/blaze3d/pipeline/RenderTarget	122	120
	17	16
	32	28
	33	29
	34	30
	35	31
	38	34
	40	35
	41	36
	42	37
	45	40
	47	41
	48	42
	49	43
	51	46
	52	47
	53	48
	55	51
	56	52
	57	53
	59	56
	60	57
	61	58
	63	60
	66	63
	68	64
	69	65
	71	68
	72	69
	74	72
	75	73
	78	76
	80	77
	81	78
	82	79
	83	90
	86	80
	87	81
	89	82
	90	83
	91	84
	94	87
	95	88
	96	92
	99	95
	101	99
	102	100
	103	101
	104	102
	105	103
	107	105
	110	108
	114	112
	118	116
	122	120
net/minecraft/client/model/monster/illager/IllagerModel	217	178
	31	30
	32	31
	33	32
	34	33
	35	34
	36	35
	37	36
	38	37
	39	38
	40	39
	43	42
	44	43
	46	44
	47	45
	48	45
	49	45
	51	47
	52	48
	53	48
	57	50
	58	50
	59	50
	60	50
	62	51
	63	53
	64	54
	65	56
	66	58
	68	60
	69	62
	70	62
	71	62
	72	63
	74	65
	75	65
	76	65
	79	66
	80	67
	81	67
	82	67
	84	69
	85	70
	86	70
	87	70
	89	72
	90	73
	91	73
	92	73
	94	75
	95	76
	96	76
	97	76
	100	78
	105	82
	107	83
	108	84
	110	85
	111	86
	112	87
	113	88
	115	89
	116	90
	117	91
	119	92
	120	93
	121	94
	123	95
	124	96
	125	97
	127	99
	128	100
	129	101
	130	102
	131	103
	133	104
	134	105
	135	106
	137	107
	138	108
	139	109
	141	110
	142	111
	143	112
	146	115
	148	116
	149	117
	150	118
	152	120
	154	122
	155	123
	156	124
	157	125
	158	126
	159	127
	160	128
	161	129
	162	130
	164	131
	165	132
	166	133
	167	134
	168	135
	169	136
	170	137
	171	138
	172	139
	173	140
	174	141
	175	142
	176	143
	177	144
	178	145
	179	146
	180	147
	181	148
	183	149
	184	150
	185	151
	186	152
	187	153
	190	156
	191	157
	192	158
	193	159
	194	160
	197	163
	198	163
	200	163
	205	167
	210	172
	215	176
	216	177
	217	178
net/minecraft/client/renderer/entity/AllayRenderer	44	38
	34	29
	35	30
	36	31
	37	32
	38	33
	39	34
	40	35
	44	38
	14	13
	17	16
	19	17
	20	18
	24	21
	29	25
com/mojang/blaze3d/vulkan/VulkanConst	246	258
	21	18
	23	19
	24	20
	25	21
	27	24
	28	25
	31	29
	32	30
	34	33
	35	34
	37	37
	38	38
	41	41
	45	45
	47	46
	48	47
	50	50
	51	51
	53	54
	54	55
	56	58
	57	59
	59	62
	60	63
	62	66
	63	67
	65	70
	66	71
	69	74
	73	78
	74	79
	75	80
	77	83
	78	84
	80	87
	81	88
	83	91
	87	95
	88	96
	89	97
	94	102
	95	103
	96	104
	101	109
	102	110
	103	111
	104	112
	105	113
	106	114
	107	115
	108	116
	109	117
	110	118
	111	119
	112	120
	113	121
	114	122
	115	123
	116	124
	117	125
	118	126
	119	127
	120	128
	121	129
	122	130
	123	131
	124	132
	125	133
	126	134
	127	135
	128	136
	129	137
	130	138
	131	139
	132	140
	133	141
	134	142
	135	143
	136	144
	137	145
	138	146
	139	147
	140	148
	141	149
	142	150
	143	151
	144	152
	145	153
	146	154
	147	155
	148	156
	149	157
	150	158
	151	159
	152	160
	153	161
	154	162
	155	163
	156	164
	157	165
	162	170
	163	171
	164	172
	165	173
	166	174
	167	175
	168	176
	169	177
	170	178
	171	179
	172	180
	173	181
	174	182
	175	183
	176	184
	177	185
	182	190
	183	191
	184	192
	185	193
	186	194
	187	195
	192	200
	193	201
	194	202
	195	203
	196	204
	197	205
	198	206
	199	207
	200	208
	205	213
	206	214
	207	215
	212	220
	213	221
	214	222
	215	223
	216	224
	217	225
	218	226
	219	227
	220	228
	225	233
	226	234
	227	235
	229	238
	230	239
	232	242
	233	243
	235	246
	236	247
	238	250
	242	254
	243	255
	244	256
	245	257
	246	258
com/mojang/blaze3d/vertex/VertexFormat	151	143
	129	122
	135	126
	136	127
	137	129
	138	130
	139	131
	141	134
	142	135
	146	139
	147	140
	148	141
	151	143
	25	21
	26	22
	27	24
	28	25
	30	28
	31	29
	34	32
	39	37
	43	41
	47	45
	51	49
	55	53
	59	57
	64	62
	65	62
	67	62
	68	62
	69	62
	74	67
	83	76
	84	77
	87	80
	88	81
	90	84
	91	85
	94	88
	95	89
	96	90
	99	93
	100	94
	101	95
	104	98
	108	101
	109	102
	110	103
	111	104
	116	108
	117	109
	118	110
	119	111
	124	115
	125	117
	126	118
	127	119
net/minecraft/client/gui/screens/options/AccessibilityOptionsScreen	84	88
	64	71
	65	72
	66	72
	67	72
	68	73
	69	74
	70	75
	71	76
	75	80
	76	81
	77	82
	78	82
	80	84
	81	85
	84	88
	21	19
	24	22
	25	23
	26	25
	27	26
	28	28
	29	30
	30	32
	31	34
	32	36
	33	38
	34	40
	35	42
	36	44
	37	46
	42	51
	43	52
	47	56
	48	57
	49	58
	50	58
	51	59
	52	60
	56	63
	57	64
	58	65
	60	67
net/minecraft/client/multiplayer/chat/report/ChatReportContextBuilder	105	99
	65	62
	80	72
	81	73
	82	74
	22	21
	86	77
	23	22
	87	78
	89	81
	26	25
	90	82
	91	83
	28	27
	92	84
	29	27
	93	85
	30	28
	31	29
	95	87
	32	30
	33	31
	34	32
	98	91
	35	33
	99	92
	36	34
	101	95
	39	27
	41	38
	105	99
	44	41
	45	42
	48	45
	50	46
	51	48
	52	49
	53	50
	54	51
	55	52
	56	53
	61	58
net/minecraft/client/renderer/SectionBufferBuilderPool	65	61
	64	60
	33	29
	65	61
	34	30
	36	31
	37	33
	38	34
	42	38
	13	12
	46	42
	18	16
	50	46
	19	17
	51	47
	20	18
	54	50
	25	21
	26	22
	58	54
	28	23
	30	26
	31	27
	63	59
net/minecraft/client/gui/screens/worldselection/WorldCreationGameRulesScreen	27	25
	16	14
	17	15
	21	19
	22	20
	26	24
	11	9
	27	25
	12	10
net/minecraft/client/resources/SplashManager	82	64
	66	52
	68	53
	69	54
	70	55
	71	56
	72	57
	73	58
	77	59
	78	60
	79	62
	80	63
	82	64
	24	22
	26	23
	27	24
	28	25
	30	26
	31	27
	37	32
	38	33
	41	36
	46	40
	49	41
	50	41
	51	41
	52	41
	53	41
	54	41
	55	42
	56	43
	62	48
	63	49
net/minecraft/client/model/geom/builders/CubeDeformation	30	24
	16	10
	17	11
	18	12
	19	13
	6	4
	22	16
	23	17
	26	20
	30	24
net/minecraft/client/renderer/special/TridentSpecialRenderer	56	54
	35	50
	40	54
	46	33
	47	34
	48	35
	17	17
	50	37
	54	41
	55	42
	56	43
	27	21
	28	22
	31	46
net/minecraft/client/model/animal/axolotl/AdultAxolotlModel	264	205
	256	205
	258	194
	259	195
	260	197
	261	199
	262	200
	263	202
	264	205
	31	28
	33	29
	34	30
	35	31
	36	32
	37	33
	38	34
	39	35
	40	36
	41	37
	42	38
	43	39
	46	42
	47	43
	49	44
	50	46
	51	46
	52	46
	53	47
	56	49
	57	50
	58	51
	59	51
	60	51
	63	53
	64	53
	65	54
	66	54
	67	55
	68	55
	70	56
	71	57
	72	58
	74	59
	75	59
	76	60
	77	60
	79	61
	80	62
	81	63
	82	64
	83	65
	84	65
	85	65
	86	65
	89	66
	94	70
	96	71
	97	72
	98	73
	99	74
	100	75
	102	76
	104	77
	106	78
	107	79
	108	80
	109	81
	110	82
	112	83
	113	84
	117	87
	118	106
	121	88
	122	89
	123	90
	124	91
	125	92
	127	93
	128	94
	130	95
	132	96
	133	97
	134	98
	135	99
	137	100
	138	101
	139	102
	140	103
	141	104
	142	106
	146	109
	147	133
	150	110
	151	111
	152	112
	153	113
	155	114
	156	115
	157	116
	159	117
	160	118
	161	119
	162	120
	164	121
	165	122
	166	123
	167	124
	168	125
	169	126
	170	127
	171	128
	172	129
	173	130
	174	131
	175	133
	179	136
	180	155
	183	137
	184	138
	185	139
	187	140
	188	141
	189	142
	191	143
	193	144
	194	145
	195	146
	196	147
	198	148
	199	149
	200	150
	201	151
	202	152
	204	153
	205	155
	209	158
	210	178
	213	159
	214	160
	215	161
	216	162
	218	163
	219	164
	220	165
	222	166
	223	167
	224	168
	225	169
	227	170
	229	171
	230	172
	231	173
	232	174
	233	175
	234	176
	235	178
	239	181
	240	190
	243	182
	244	183
	245	184
	246	185
	247	186
	249	187
	250	188
	251	190
	255	193
net/minecraft/client/gui/screens/social/SocialInteractionsPlayerList	220	221
	33	31
	34	32
	35	33
	40	37
	45	41
	49	45
	50	46
	53	49
	54	50
	55	51
	56	52
	58	55
	59	56
	60	57
	63	60
	64	62
	65	63
	66	64
	67	65
	68	66
	71	69
	74	72
	75	74
	76	75
	77	76
	78	77
	79	78
	82	81
	85	84
	89	88
	90	89
	92	92
	93	93
	94	97
	95	104
	96	105
	99	109
	100	110
	101	111
	104	115
	105	116
	106	118
	110	121
	112	123
	113	124
	114	124
	115	125
	119	129
	123	134
	124	135
	132	136
	133	137
	135	138
	136	139
	138	140
	143	141
	145	143
	146	143
	148	143
	150	146
	152	148
	153	149
	154	150
	159	154
	162	158
	164	161
	165	163
	168	166
	169	167
	170	168
	171	169
	172	170
	173	171
	174	172
	177	175
	178	176
	179	177
	181	179
	184	182
	185	183
	188	186
	192	190
	193	192
	194	193
	195	194
	196	195
	199	199
	200	200
	201	201
	202	203
	203	205
	204	206
	207	208
	210	211
	211	212
	212	213
	213	214
	216	217
	219	220
	220	221
net/minecraft/client/model/geom/builders/MaterialDefinition	15	10
	13	8
	14	9
	15	10
net/minecraft/client/gui/components/AbstractSliderButton	157	156
	131	129
	132	130
	135	133
	136	134
	137	135
	138	136
	140	139
	141	140
	145	144
	146	145
	147	146
	20	20
	21	21
	22	22
	23	23
	151	150
	155	154
	156	155
	157	156
	35	33
	36	34
	37	35
	40	38
	41	38
	43	38
	48	42
	49	42
	51	42
	57	47
	62	52
	63	53
	64	54
	65	55
	66	56
	68	58
	71	61
	74	64
	78	68
	79	69
	81	78
	83	79
	84	80
	88	84
	89	85
	91	87
	95	91
	96	92
	97	93
	101	97
	102	98
	103	99
	104	106
	106	101
	107	102
	108	103
	110	106
	114	110
	115	111
	116	112
	118	115
	119	116
	120	117
	121	118
	122	119
	123	120
	124	121
	127	125
net/minecraft/client/model/animal/fish/CodModel	72	47
	68	44
	70	45
	71	46
	72	47
	18	17
	19	18
	20	19
	23	22
	24	23
	26	24
	27	25
	28	25
	29	25
	30	25
	32	26
	33	26
	34	26
	35	26
	37	27
	38	27
	39	27
	40	27
	42	28
	43	30
	44	30
	45	31
	47	33
	48	35
	49	35
	50	36
	52	38
	53	38
	54	38
	55	38
	57	39
	58	39
	59	39
	60	39
	63	40
net/minecraft/client/gui/screens/dialog/body/package-info	0	0
net/minecraft/client/renderer/blockentity/state/EnchantTableRenderState	0	0
net/minecraft/client/sounds/SoundEngine	578	534
	515	477
	516	484
	519	478
	520	479
	521	480
	524	484
	527	487
	528	488
	530	490
	533	493
	534	494
	537	497
	538	501
	541	498
	542	499
	543	501
	546	504
	547	505
	548	506
	549	507
	553	510
	554	511
	556	513
	45	49
	557	514
	46	50
	558	515
	563	519
	52	56
	566	522
	57	59
	570	526
	571	527
	574	530
	578	534
	79	74
	90	84
	91	85
	92	86
	94	87
	95	88
	98	91
	99	93
	100	94
	101	95
	102	96
	103	97
	104	98
	108	103
	109	104
	110	105
	113	108
	114	121
	118	110
	119	111
	120	112
	121	113
	122	114
	123	115
	124	116
	125	117
	126	118
	128	121
	131	124
	132	132
	135	125
	136	126
	137	127
	138	128
	140	130
	141	132
	144	135
	145	136
	146	137
	147	138
	148	139
	150	141
	153	144
	154	145
	156	147
	159	150
	160	151
	161	152
	162	153
	165	156
	168	159
	169	160
	170	161
	173	164
	174	165
	175	166
	176	167
	177	168
	178	169
	179	170
	180	171
	181	172
	182	173
	183	174
	185	176
	188	179
	189	180
	192	183
	193	184
	201	187
	202	188
	204	189
	205	190
	208	193
	210	194
	211	195
	212	196
	213	197
	216	198
	217	199
	218	200
	221	203
	222	204
	223	205
	225	206
	226	207
	227	208
	231	210
	232	211
	233	212
	236	215
	239	218
	243	222
	244	223
	246	226
	247	227
	249	229
	251	232
	252	233
	255	236
	257	237
	258	238
	261	240
	262	241
	263	242
	265	245
	267	246
	268	247
	270	249
	271	250
	272	251
	273	252
	274	253
	275	254
	276	255
	277	256
	278	257
	279	258
	285	263
	286	265
	287	266
	289	267
	290	268
	292	269
	293	270
	294	271
	295	272
	296	273
	298	276
	299	277
	300	278
	303	281
	304	282
	308	285
	309	286
	315	292
	316	294
	317	295
	319	296
	320	297
	323	298
	324	299
	327	302
	328	303
	331	306
	335	309
	336	311
	337	312
	338	313
	339	314
	340	315
	341	316
	342	317
	343	318
	344	319
	347	322
	350	325
	354	329
	358	333
	362	337
	363	338
	366	340
	367	341
	370	342
	374	347
	375	348
	378	351
	379	352
	382	355
	383	356
	384	357
	385	358
	386	359
	388	362
	389	363
	392	366
	395	369
	397	370
	398	371
	401	374
	402	375
	403	376
	405	379
	408	381
	409	382
	411	383
	412	384
	413	385
	415	386
	416	387
	418	388
	419	389
	420	391
	421	392
	425	396
	426	397
	427	398
	428	403
	430	399
	431	400
	435	406
	437	407
	438	408
	440	409
	441	410
	442	411
	443	412
	444	413
	446	416
	449	418
	451	419
	452	420
	453	421
	455	422
	456	423
	457	424
	458	425
	459	426
	461	428
	464	431
	465	432
	466	433
	467	434
	469	435
	470	436
	471	436
	472	436
	473	437
	474	438
	475	439
	477	441
	478	441
	479	441
	480	442
	481	443
	482	444
	485	447
	486	448
	488	451
	489	451
	491	451
	495	457
	496	458
	499	461
	500	462
	503	465
	507	469
	511	473
com/mojang/blaze3d/opengl/package-info	0	0
net/minecraft/client/renderer/blockentity/CopperGolemStatueBlockRenderer	74	87
	64	80
	67	83
	36	36
	37	37
	38	38
	39	39
	71	87
	40	40
	41	41
	73	87
	74	87
	45	44
	50	54
	51	55
	52	56
	53	57
	54	58
	55	61
	59	66
	60	67
	61	68
	62	69
	31	31
	63	79
net/minecraft/client/model/geom/builders/MeshTransformer	12	9
	7	5
	11	8
	12	9
net/minecraft/client/particle/ParticleResources	298	351
	42	100
	43	101
	44	102
	55	107
	56	108
	59	111
	60	112
	63	115
	64	116
	65	117
	66	118
	67	119
	68	120
	69	121
	70	122
	71	123
	72	124
	73	125
	74	126
	75	127
	76	128
	77	129
	78	130
	79	131
	80	132
	81	133
	82	134
	83	135
	84	136
	85	137
	86	138
	87	139
	88	140
	89	141
	90	142
	91	143
	92	144
	93	145
	94	146
	95	147
	96	148
	97	149
	98	150
	99	151
	100	152
	101	153
	102	154
	103	155
	104	156
	105	157
	106	158
	107	159
	108	160
	109	161
	110	162
	111	163
	112	164
	113	165
	114	166
	115	167
	116	168
	117	169
	118	170
	119	171
	120	172
	121	173
	122	174
	123	175
	124	176
	125	177
	126	178
	127	179
	128	180
	129	181
	130	182
	131	183
	132	184
	133	185
	134	186
	135	187
	136	188
	137	189
	138	190
	139	191
	140	192
	141	193
	142	194
	143	195
	144	196
	145	197
	146	198
	147	199
	148	200
	149	201
	150	202
	151	203
	152	204
	153	205
	154	206
	155	207
	156	208
	157	209
	159	210
	160	211
	162	212
	163	213
	164	214
	166	215
	167	216
	168	217
	169	218
	170	219
	171	220
	172	221
	173	222
	174	223
	175	224
	176	225
	177	226
	178	227
	180	228
	181	229
	182	230
	183	231
	184	232
	185	233
	186	234
	187	235
	188	236
	189	237
	190	238
	191	239
	192	240
	195	243
	196	244
	199	247
	200	248
	201	249
	202	250
	208	255
	209	261
	210	263
	211	264
	212	265
	213	266
	214	267
	215	268
	216	269
	219	271
	221	272
	222	272
	223	272
	224	273
	225	274
	227	277
	228	278
	230	279
	231	280
	232	281
	233	282
	234	283
	235	284
	236	285
	237	304
	239	286
	240	288
	241	289
	242	290
	243	291
	244	292
	246	294
	249	298
	250	299
	252	302
	253	304
	254	305
	255	306
	257	309
	258	310
	262	314
	263	315
	264	316
	266	319
	267	320
	268	321
	269	322
	270	323
	275	328
	283	336
	288	341
	293	346
	297	350
	298	351
net/minecraft/client/multiplayer/ClientConfigurationPacketListenerImpl	217	223
	128	139
	129	140
	132	143
	133	144
	134	145
	135	146
	137	148
	138	149
	139	150
	140	151
	141	152
	143	154
	145	156
	147	158
	152	161
	153	163
	155	165
	159	166
	160	167
	163	171
	46	47
	47	48
	178	188
	183	194
	184	195
	59	59
	60	60
	188	197
	61	61
	62	62
	63	63
	191	200
	64	64
	65	65
	194	203
	195	204
	69	68
	200	208
	201	209
	74	73
	75	74
	205	213
	79	77
	207	214
	80	78
	208	215
	84	81
	212	219
	85	82
	86	83
	215	222
	217	223
	90	86
	91	87
	92	88
	96	91
	97	92
	101	95
	102	96
	103	97
	106	100
	107	101
	108	102
	112	105
	113	106
	116	109
	117	110
	120	118
	121	134
	122	130
	127	138
net/minecraft/client/resources/metadata/animation/VillagerMetadataSection	32	28
	32	28
	18	16
	19	17
	20	18
	22	20
	11	9
	27	24
	12	10
	28	25
	13	11
	15	13
net/minecraft/client/gui/components/spectator/SpectatorGui	139	129
	129	120
	131	121
	132	122
	133	123
	134	124
	137	127
	139	129
	18	18
	19	19
	28	27
	29	28
	32	31
	34	32
	35	33
	37	35
	39	37
	42	40
	43	41
	47	45
	48	56
	51	46
	52	47
	53	48
	54	56
	57	50
	58	51
	60	52
	62	53
	63	56
	66	59
	67	60
	68	61
	69	62
	71	65
	72	66
	74	68
	77	71
	78	72
	79	73
	81	74
	82	75
	84	76
	86	77
	87	78
	88	79
	91	82
	94	85
	96	86
	97	87
	98	88
	99	89
	100	90
	101	91
	102	92
	104	94
	108	98
	109	99
	110	100
	113	103
	117	107
	118	109
	119	110
	122	113
	123	114
	124	115
	126	117
net/minecraft/client/renderer/texture/TextureContents	45	41
	19	15
	35	31
	22	18
	23	19
	39	35
	26	22
	27	23
	44	40
	45	41
	31	27
com/mojang/blaze3d/vulkan/VulkanPhysicalDevice	252	223
	48	44
	49	45
	51	46
	54	48
	56	52
	57	54
	61	58
	62	59
	63	60
	64	61
	65	62
	66	63
	67	64
	68	65
	70	68
	73	69
	74	70
	75	71
	77	72
	78	73
	95	74
	96	75
	97	76
	99	77
	100	78
	102	79
	103	81
	104	82
	105	83
	109	84
	110	87
	111	88
	113	91
	116	92
	118	93
	119	94
	120	95
	121	96
	124	99
	128	100
	131	101
	132	102
	133	103
	134	104
	139	109
	140	110
	141	111
	142	112
	144	113
	146	114
	147	115
	148	116
	149	117
	152	119
	156	123
	157	124
	158	125
	159	126
	160	127
	161	128
	162	129
	165	132
	169	136
	170	138
	171	139
	172	142
	173	147
	174	146
	175	140
	176	145
	177	143
	178	144
	179	141
	180	148
	185	153
	189	157
	193	161
	197	165
	201	169
	205	173
	209	177
	210	179
	211	180
	213	183
	217	187
	221	191
	225	195
	229	199
	233	203
	234	204
	235	205
	236	206
	240	210
	241	211
	243	213
	247	218
	248	219
	249	220
	250	221
	251	222
	252	223
net/minecraft/client/gui/components/AbstractScrollArea	154	156
	131	140
	135	144
	15	15
	16	16
	23	24
	24	25
	25	26
	154	156
	29	30
	30	31
	32	34
	33	35
	38	40
	39	41
	40	42
	41	43
	42	44
	44	46
	45	47
	46	48
	47	49
	49	52
	52	54
	57	60
	58	61
	61	64
	65	68
	66	69
	69	72
	70	73
	74	77
	78	81
	79	82
	82	85
	86	89
	90	93
	94	97
	98	101
	102	105
	106	111
	107	112
	108	113
	110	114
	111	115
	112	118
	113	121
	114	122
	118	126
	119	127
	120	130
	122	131
	123	132
	126	135
net/minecraft/client/model/animal/cow/BabyCowModel	55	46
	14	12
	15	13
	18	16
	19	17
	21	18
	22	20
	23	21
	24	23
	25	25
	26	29
	27	31
	29	33
	30	33
	31	33
	32	33
	34	34
	35	35
	36	35
	37	35
	39	37
	40	38
	41	38
	42	38
	44	40
	45	41
	46	41
	47	41
	49	43
	50	44
	51	44
	52	44
	55	46
net/minecraft/client/renderer/texture/TextureAtlas	311	309
	256	256
	257	257
	258	258
	260	260
	264	265
	268	269
	270	270
	271	271
	272	272
	273	273
	274	274
	276	275
	277	276
	278	277
	280	279
	284	283
	285	285
	286	286
	288	288
	292	292
	37	39
	293	293
	294	294
	40	41
	297	297
	43	43
	301	301
	46	45
	306	305
	311	309
	64	60
	65	61
	66	62
	70	65
	72	66
	73	67
	74	68
	75	69
	76	70
	77	71
	78	72
	79	73
	80	74
	81	76
	82	77
	84	79
	87	82
	88	83
	90	84
	91	85
	92	86
	93	87
	94	88
	97	91
	98	92
	99	94
	100	95
	101	96
	102	97
	105	101
	107	102
	108	103
	109	104
	110	105
	111	106
	112	107
	114	109
	115	110
	116	111
	117	112
	121	116
	123	117
	124	119
	125	120
	126	121
	127	122
	128	123
	129	124
	134	129
	135	130
	136	131
	139	134
	141	135
	142	136
	144	139
	145	140
	146	141
	147	142
	150	145
	153	148
	154	149
	155	150
	156	151
	159	152
	160	153
	161	154
	164	156
	165	157
	166	158
	167	160
	168	162
	169	164
	170	165
	171	166
	173	169
	177	172
	178	173
	179	176
	180	177
	181	178
	183	180
	184	181
	185	182
	186	183
	193	189
	194	190
	195	191
	196	192
	199	196
	201	197
	202	198
	206	202
	207	203
	208	204
	209	205
	212	208
	213	210
	214	211
	215	212
	216	213
	218	217
	219	218
	221	220
	224	223
	225	230
	228	224
	229	225
	232	228
	233	230
	236	233
	237	234
	238	237
	239	238
	240	240
	241	241
	242	242
	248	248
	252	252
	253	253
net/minecraft/client/renderer/SubmitNodeStorage	124	176
	65	95
	66	96
	70	100
	71	101
	75	113
	76	114
	80	118
	81	119
	85	125
	86	126
	90	139
	91	140
	95	146
	96	147
	35	35
	100	151
	101	152
	40	40
	41	41
	105	156
	106	157
	45	53
	109	160
	46	54
	113	164
	50	69
	114	165
	51	70
	115	167
	116	168
	55	74
	119	169
	56	75
	120	170
	122	174
	60	79
	124	176
	61	80
net/minecraft/client/color/block/package-info	0	0
net/minecraft/client/renderer/chunk/ChunkSectionLayer	56	51
	32	28
	33	30
	34	30
	36	30
	40	35
	44	39
	13	10
	14	11
	15	12
	48	43
	52	47
	24	20
	56	51
	25	21
	26	22
	27	23
	28	24
	31	27
net/minecraft/client/particle/VibrationSignalParticle	119	120
	27	32
	29	33
	31	34
	32	35
	34	36
	35	37
	36	38
	37	39
	38	40
	39	41
	40	42
	41	43
	43	45
	47	49
	48	50
	49	51
	51	52
	52	53
	53	54
	55	55
	56	56
	57	57
	61	61
	66	66
	71	71
	72	72
	73	73
	75	74
	76	75
	77	96
	80	77
	83	78
	84	79
	85	96
	88	81
	89	82
	91	83
	93	84
	94	85
	95	86
	97	87
	98	88
	99	89
	101	90
	102	91
	104	92
	105	93
	106	96
	112	102
	113	103
	117	117
	118	119
	119	120
net/minecraft/client/gui/screens/ConfirmLinkScreen	124	122
	18	17
	19	17
	27	23
	28	24
	31	27
	32	28
	35	31
	36	32
	39	37
	40	38
	43	43
	44	44
	45	45
	46	46
	47	47
	48	48
	51	51
	55	55
	60	60
	61	61
	63	63
	67	67
	68	68
	69	69
	70	70
	71	71
	72	72
	73	73
	76	76
	77	77
	80	80
	81	81
	83	82
	84	83
	86	86
	87	87
	89	88
	92	91
	93	92
	95	93
	96	94
	98	97
	99	98
	101	99
	104	102
	105	103
	108	106
	109	107
	112	110
	116	114
	120	118
	124	122
net/minecraft/client/renderer/blockentity/CampfireRenderer	74	73
	64	63
	65	64
	66	65
	67	66
	68	67
	69	68
	71	69
	72	70
	74	73
	29	27
	30	28
	34	31
	39	41
	40	42
	42	43
	43	44
	44	46
	45	47
	46	48
	47	50
	49	52
	53	55
	55	56
	56	58
	57	59
	58	60
	61	61
	62	62
net/minecraft/client/gui/screens/LoadingOverlay	179	195
	128	147
	129	148
	131	150
	136	154
	138	156
	139	157
	140	158
	141	159
	143	162
	144	163
	146	164
	147	165
	150	168
	153	171
	28	27
	29	28
	157	175
	30	29
	158	176
	159	177
	32	30
	162	178
	164	179
	165	180
	166	181
	167	182
	168	183
	172	187
	173	188
	177	192
	178	194
	179	195
	53	50
	54	51
	55	52
	56	53
	57	54
	60	57
	61	58
	64	61
	69	66
	70	67
	71	68
	73	69
	74	70
	77	73
	78	74
	81	76
	82	77
	83	78
	85	80
	87	83
	88	84
	89	85
	90	86
	91	87
	92	88
	93	89
	95	91
	97	94
	98	95
	99	96
	100	97
	103	99
	104	100
	107	103
	108	104
	110	105
	111	106
	112	107
	113	108
	115	109
	116	110
	117	125
	119	140
	121	141
	122	142
	124	143
	125	144
net/minecraft/client/renderer/debug/RaidDebugRenderer	50	49
	32	31
	33	32
	34	33
	37	36
	38	37
	41	40
	42	41
	43	42
	46	45
	47	46
	50	49
	24	22
	25	23
	29	29
	31	30
net/minecraft/client/gui/screens/inventory/AbstractMountInventoryScreen	55	54
	32	30
	33	31
	36	34
	37	35
	39	38
	40	39
	43	42
	44	43
	47	46
	48	47
	19	19
	20	20
	52	51
	21	21
	53	52
	22	22
	54	53
	55	54
	26	26
	27	27
	28	28
	30	29
net/minecraft/client/renderer/blockentity/BlockEntityRenderDispatcher	112	117
	64	68
	67	73
	68	74
	69	75
	73	78
	74	79
	77	82
	78	83
	81	86
	82	87
	84	90
	85	91
	86	92
	87	93
	91	99
	92	100
	93	110
	97	102
	98	103
	99	104
	100	105
	102	106
	104	107
	106	110
	43	49
	44	50
	45	51
	46	52
	110	114
	47	53
	111	116
	48	54
	112	117
	49	55
	50	56
	54	59
	59	63
	63	67
net/minecraft/client/gui/screens/reporting/package-info	0	0
net/minecraft/client/renderer/blockentity/BlockEntityWithBoundingBoxRenderer	214	179
	30	29
	34	32
	39	42
	40	43
	41	44
	44	47
	45	48
	46	49
	47	50
	49	51
	50	52
	51	53
	52	54
	53	55
	54	56
	55	58
	56	59
	57	60
	58	61
	59	62
	60	63
	61	64
	62	65
	63	66
	64	67
	65	68
	66	69
	67	70
	73	76
	76	79
	95	82
	97	83
	101	88
	102	107
	104	89
	105	90
	106	107
	108	91
	109	92
	110	93
	112	94
	113	107
	116	95
	117	96
	119	97
	120	99
	122	103
	123	107
	126	110
	127	142
	130	111
	131	112
	133	114
	134	115
	135	116
	136	117
	137	118
	138	119
	139	120
	141	121
	142	122
	143	123
	144	124
	145	125
	146	126
	148	127
	149	128
	151	129
	153	130
	155	131
	157	132
	158	133
	159	134
	160	135
	170	142
	173	145
	174	170
	177	146
	179	148
	180	149
	181	150
	182	151
	183	152
	184	153
	194	159
	195	160
	196	161
	197	162
	198	163
	199	164
	200	165
	201	166
	203	167
	204	168
	205	170
	209	174
	214	179
net/minecraft/client/renderer/blockentity/state/BeaconRenderState	0	0
net/minecraft/client/gui/screens/inventory/LoomScreen	290	286
	257	254
	261	258
	262	259
	263	260
	265	262
	268	265
	269	266
	270	267
	272	268
	273	269
	275	270
	276	271
	279	274
	280	275
	283	278
	284	279
	285	280
	287	283
	288	284
	289	285
	290	286
	35	33
	36	34
	37	35
	38	36
	39	37
	40	38
	41	39
	42	40
	43	41
	44	42
	73	66
	74	67
	75	68
	76	69
	80	73
	81	74
	82	75
	83	76
	86	79
	91	84
	92	85
	93	86
	94	87
	96	88
	97	89
	98	90
	99	91
	100	92
	101	93
	103	96
	104	97
	106	100
	107	101
	110	104
	111	105
	112	106
	113	107
	114	108
	116	109
	117	110
	118	111
	120	113
	124	117
	125	118
	126	119
	127	120
	128	121
	129	122
	130	123
	132	126
	133	127
	134	128
	136	129
	138	132
	139	133
	140	134
	141	135
	142	136
	146	140
	147	141
	149	142
	150	143
	152	145
	153	146
	154	147
	155	148
	156	149
	157	150
	158	151
	160	153
	162	156
	163	157
	164	158
	168	163
	169	164
	172	167
	176	171
	177	172
	178	173
	179	174
	180	175
	181	176
	182	177
	183	178
	184	179
	185	180
	186	181
	187	182
	188	183
	192	187
	193	188
	194	189
	196	191
	197	192
	198	193
	199	194
	200	195
	201	196
	202	197
	203	198
	204	199
	205	200
	210	205
	211	206
	212	207
	213	208
	217	212
	222	217
	223	218
	224	219
	225	220
	226	221
	227	222
	228	223
	229	224
	231	226
	236	232
	237	233
	242	238
	243	239
	246	242
	247	243
	248	244
	249	245
	250	246
	252	249
net/minecraft/client/model/effects/SpinAttackEffectModel	52	51
	32	33
	33	34
	34	35
	35	36
	36	37
	37	37
	38	37
	42	41
	47	45
	48	47
	49	48
	50	49
	19	18
	20	20
	52	51
	21	21
	23	23
	26	26
	30	30
	31	31
net/minecraft/client/data/models/model/ModelTemplate	72	74
	64	65
	34	31
	66	68
	68	70
	38	35
	72	74
	42	41
	46	47
	50	51
	54	55
	55	56
	56	57
	57	58
	58	59
	59	60
	28	25
	60	61
	29	26
	61	62
	30	27
	62	63
	31	28
	63	64
net/minecraft/client/gui/screens/advancements/AdvancementWidgetType	41	40
	34	33
	38	37
	7	8
	39	38
	8	8
	40	39
	9	9
	41	40
	10	10
	11	11
	13	14
	14	14
	15	15
	16	16
	17	17
	27	26
	28	27
	29	28
	30	29
	31	30
net/minecraft/client/resources/model/EquipmentAssetManager	31	31
	16	16
	17	17
	19	18
	22	21
	23	22
	27	27
	28	28
	31	31
net/minecraft/client/model/geom/builders/PartDefinition	96	99
	65	66
	66	67
	67	68
	68	69
	70	71
	73	74
	76	80
	77	81
	79	82
	80	83
	81	84
	82	85
	22	21
	86	89
	23	22
	24	23
	90	93
	27	26
	28	27
	94	97
	95	98
	32	31
	96	99
	33	32
	34	33
	36	36
	40	40
	41	41
	43	44
	47	48
	48	49
	49	50
	52	52
	56	57
	57	58
	58	59
	59	60
	62	63
net/minecraft/client/sounds/FiniteAudioStream	0	0
net/minecraft/client/Minecraft	3071	3049
	2052	2045
	2053	2046
	2056	2049
	2057	2050
	2060	2053
	2061	2054
	2062	2055
	2063	2056
	2065	2058
	2067	2058
	2070	2058
	2075	2064
	2079	2068
	2083	2072
	2087	2076
	2091	2080
	2095	2090
	2097	2091
	2099	2092
	2100	2093
	2101	2094
	2103	2095
	2106	2098
	2108	2099
	2109	2101
	2110	2103
	2111	2104
	2112	2105
	2113	2106
	2114	2110
	2115	2111
	2116	2112
	2118	2113
	2119	2114
	2121	2115
	2124	2118
	2126	2119
	2128	2120
	2129	2122
	2130	2123
	2131	2124
	2132	2125
	2133	2126
	2135	2129
	2136	2130
	2137	2131
	2140	2134
	2141	2135
	2143	2136
	2144	2137
	2145	2138
	2146	2139
	2150	2141
	2151	2142
	2152	2143
	2153	2144
	2156	2147
	2157	2148
	2158	2149
	2161	2152
	2162	2153
	2164	2154
	2166	2155
	2169	2158
	2170	2159
	2172	2161
	2175	2164
	2176	2165
	2177	2166
	2178	2167
	2179	2168
	2181	2170
	2183	2172
	2186	2175
	2187	2176
	2190	2179
	2191	2180
	2194	2183
	2195	2184
	2198	2187
	2199	2188
	2204	2191
	2205	2192
	2206	2193
	2207	2194
	2208	2195
	2209	2196
	2212	2200
	2214	2201
	2215	2202
	2218	2205
	2219	2206
	2221	2207
	2222	2208
	2224	2209
	2225	2210
	2227	2213
	2228	2214
	2231	2217
	2232	2218
	2234	2219
	2236	2220
	2237	2221
	2238	2222
	2239	2224
	2240	2225
	2242	2228
	2244	2231
	2245	2232
	2246	2233
	2247	2234
	2249	2236
	2250	2238
	2254	2241
	2256	2242
	2257	2243
	2260	2246
	2261	2247
	2262	2248
	2265	2251
	2266	2252
	2269	2255
	2270	2256
	2272	2257
	2273	2258
	2275	2261
	2279	2262
	2280	2263
	2281	2264
	2282	2265
	2284	2267
	2285	2269
	2292	2277
	2293	2275
	2294	2276
	2295	2289
	2296	2292
	2299	2295
	2300	2296
	2303	2299
	2304	2300
	2306	2303
	2307	2304
	2309	2305
	2310	2306
	2311	2307
	2312	2308
	265	275
	2313	2309
	268	277
	2316	2312
	269	278
	270	279
	2320	2316
	2324	2320
	2328	2324
	2329	2324
	2331	2324
	2335	2328
	2336	2328
	2337	2328
	2338	2328
	2342	2332
	2346	2336
	2350	2340
	2351	2341
	2353	2342
	2354	2343
	2355	2344
	2357	2345
	2358	2346
	2359	2347
	2361	2349
	2362	2349
	2364	2349
	2368	2354
	2369	2355
	2370	2356
	2371	2357
	2372	2358
	2373	2359
	2374	2360
	2376	2362
	2379	2365
	2380	2366
	2382	2369
	2383	2370
	2384	2371
	2385	2372
	2386	2373
	2387	2374
	2390	2378
	2391	2382
	2392	2382
	2395	2383
	2397	2379
	2401	2387
	2405	2391
	2409	2395
	2413	2399
	2414	2400
	2419	2404
	2423	2408
	2424	2409
	2427	2412
	2428	2413
	2429	2414
	2432	2415
	2437	2419
	2438	2419
	2440	2419
	2445	2423
	2446	2424
	2447	2425
	2448	2426
	2449	2427
	2450	2428
	2453	2431
	2454	2432
	2455	2433
	2457	2436
	410	392
	2458	2437
	411	393
	413	394
	2461	2441
	415	395
	416	396
	417	397
	2465	2445
	418	398
	420	399
	421	400
	2469	2449
	423	401
	424	402
	425	404
	2473	2453
	426	406
	428	407
	429	408
	2477	2457
	430	409
	2478	2469
	431	410
	432	413
	433	414
	2481	2458
	434	417
	2482	2459
	435	418
	2483	2460
	436	419
	2484	2461
	2485	2463
	438	421
	2486	2464
	439	422
	440	423
	441	424
	2490	2469
	443	426
	445	427
	2493	2472
	446	428
	2495	2475
	448	429
	2496	2476
	449	430
	450	431
	2498	2477
	2499	2478
	452	432
	454	433
	2502	2481
	455	434
	2503	2482
	456	435
	458	436
	2506	2485
	459	437
	2507	2486
	2508	2487
	461	438
	462	439
	463	440
	2511	2490
	465	441
	466	442
	467	443
	2515	2500
	2516	2501
	469	444
	2517	2502
	471	445
	472	446
	2520	2505
	473	447
	475	450
	476	451
	477	452
	478	453
	2526	2509
	2528	2510
	481	456
	2530	2511
	483	457
	2532	2512
	485	458
	2533	2513
	486	459
	487	460
	488	461
	2536	2522
	489	462
	2537	2523
	490	463
	2538	2524
	491	464
	2539	2525
	492	465
	493	466
	2541	2528
	494	467
	2542	2529
	495	468
	2543	2530
	496	469
	497	470
	2545	2531
	498	471
	2546	2551
	2548	2532
	501	475
	2549	2533
	502	475
	2550	2534
	503	475
	504	476
	2552	2537
	505	477
	2553	2538
	507	480
	2555	2541
	508	482
	2556	2542
	510	484
	2558	2544
	2559	2545
	512	485
	2560	2546
	513	487
	2562	2549
	515	492
	2564	2554
	2566	2555
	519	498
	2567	2556
	520	499
	2568	2557
	521	500
	2569	2558
	2570	2559
	523	501
	2571	2560
	524	502
	2572	2561
	525	503
	2573	2562
	526	504
	2574	2563
	2575	2564
	528	506
	529	507
	2577	2566
	530	508
	531	509
	2579	2569
	532	510
	2580	2570
	2581	2571
	2582	2572
	535	513
	2583	2573
	536	514
	537	515
	2586	2576
	2587	2577
	2588	2578
	542	520
	2590	2580
	543	521
	2591	2580
	544	522
	545	523
	2593	2580
	548	526
	2596	2583
	549	527
	2597	2584
	551	528
	2599	2585
	2600	2586
	553	529
	2601	2587
	2602	2588
	2603	2589
	2604	2590
	558	534
	559	535
	2607	2594
	2608	2595
	561	536
	2609	2596
	563	538
	2611	2599
	2612	2600
	2613	2601
	566	540
	2614	2602
	2615	2603
	2616	2604
	569	543
	2617	2605
	570	544
	571	545
	2621	2609
	574	548
	2622	2610
	575	549
	2624	2613
	577	550
	2625	2614
	578	551
	2626	2615
	2627	2616
	2628	2617
	582	552
	584	553
	2632	2621
	586	554
	587	555
	2636	2625
	589	556
	590	557
	591	558
	2640	2629
	593	560
	2641	2630
	594	561
	2643	2632
	596	562
	597	563
	2646	2635
	599	564
	600	565
	602	566
	2650	2639
	603	567
	605	568
	2654	2643
	607	569
	608	570
	609	571
	2658	2647
	611	572
	612	573
	614	574
	2662	2651
	615	575
	616	576
	618	577
	2666	2655
	619	578
	620	579
	621	580
	622	581
	2670	2659
	624	582
	625	583
	626	584
	2674	2663
	2675	2664
	628	585
	2676	2664
	630	586
	2678	2664
	632	587
	634	588
	2682	2668
	636	589
	637	590
	2686	2672
	639	591
	640	592
	642	593
	2690	2676
	643	594
	645	595
	2694	2680
	647	596
	649	597
	650	598
	2698	2684
	651	599
	652	600
	653	601
	2702	2688
	656	604
	657	617
	2706	2692
	659	618
	660	627
	662	628
	2710	2696
	663	629
	664	630
	665	631
	2714	2700
	667	632
	670	633
	2718	2704
	671	634
	672	635
	674	636
	2722	2708
	675	647
	676	648
	677	649
	2726	2712
	679	650
	680	651
	682	652
	2730	2716
	2731	2717
	684	653
	2732	2718
	685	654
	2734	2721
	687	655
	2735	2722
	2736	2723
	689	656
	2737	2724
	2738	2725
	691	657
	693	658
	2741	2728
	694	659
	2742	2729
	2743	2730
	696	662
	2744	2731
	699	669
	2747	2733
	700	670
	701	671
	703	673
	2751	2738
	2752	2739
	706	676
	2754	2740
	707	677
	708	678
	709	679
	710	680
	2758	2744
	711	681
	714	683
	2762	2748
	718	687
	2766	2752
	719	688
	720	689
	2770	2756
	2771	2757
	2772	2758
	725	690
	726	691
	2775	2761
	728	692
	730	693
	731	694
	2780	2766
	733	697
	734	698
	736	699
	2785	2770
	738	700
	739	701
	740	702
	741	703
	2790	2774
	745	704
	2794	2778
	747	705
	748	706
	749	707
	750	709
	2798	2782
	752	710
	753	711
	754	711
	2802	2786
	755	712
	756	713
	758	716
	2806	2790
	759	717
	760	718
	762	719
	2810	2794
	763	720
	765	721
	2814	2798
	767	722
	768	723
	770	725
	2818	2802
	772	728
	774	729
	2822	2806
	775	730
	776	731
	777	732
	778	733
	2826	2810
	779	734
	781	736
	782	737
	2830	2814
	783	738
	785	740
	786	741
	2834	2818
	789	744
	790	745
	2838	2822
	794	749
	2842	2826
	795	750
	2846	2830
	799	754
	2847	2831
	800	755
	2848	2832
	2849	2833
	2850	2834
	2851	2835
	804	759
	805	760
	2853	2836
	806	761
	2854	2837
	2855	2838
	808	763
	2856	2839
	2857	2840
	811	766
	2859	2841
	813	767
	2861	2844
	814	768
	815	769
	2863	2845
	2864	2846
	817	770
	2865	2847
	2866	2849
	819	771
	2867	2850
	820	772
	821	773
	2869	2852
	2870	2853
	2871	2854
	824	776
	2873	2856
	2874	2857
	2875	2858
	829	781
	2877	2860
	830	782
	2878	2861
	831	783
	2879	2862
	2881	2864
	2882	2865
	2883	2866
	836	788
	837	789
	2885	2868
	2886	2869
	2887	2870
	840	792
	841	793
	842	794
	2890	2873
	2891	2874
	844	797
	845	798
	2894	2877
	847	799
	2895	2878
	848	800
	849	801
	2897	2879
	850	802
	2898	2880
	851	803
	2899	2881
	852	804
	853	805
	2901	2884
	854	806
	2902	2885
	855	807
	856	810
	2904	2888
	858	808
	2906	2891
	2907	2893
	2909	2894
	862	814
	2910	2895
	2911	2896
	2912	2897
	866	818
	2914	2899
	867	818
	2915	2900
	2916	2901
	869	818
	2917	2902
	2919	2903
	873	822
	2921	2904
	2922	2905
	2923	2906
	877	826
	2925	2907
	881	830
	882	831
	2930	2912
	885	834
	886	835
	2934	2916
	888	837
	890	839
	2938	2920
	893	842
	894	843
	2942	2924
	895	844
	2943	2925
	897	845
	2945	2926
	2946	2927
	899	846
	900	847
	2948	2929
	901	848
	903	849
	2951	2932
	904	849
	905	850
	2954	2935
	908	853
	909	854
	910	855
	2958	2939
	911	856
	913	859
	914	860
	2962	2943
	915	861
	918	864
	2966	2947
	919	865
	2967	2948
	920	866
	2970	2951
	923	869
	2974	2955
	927	870
	929	871
	930	872
	2978	2959
	932	874
	2980	2960
	2981	2961
	934	879
	2984	2964
	937	877
	938	879
	2988	2968
	941	882
	2989	2969
	943	883
	944	884
	2992	2972
	947	887
	2996	2976
	949	890
	950	892
	952	894
	3000	2980
	953	895
	954	905
	955	899
	956	900
	3004	2984
	958	901
	959	902
	3008	2988
	961	903
	962	904
	963	917
	964	921
	3012	2992
	965	922
	966	923
	968	924
	3016	2996
	3017	2997
	970	927
	3018	2998
	971	928
	3019	2999
	972	929
	973	930
	974	931
	3022	3003
	978	934
	3026	3007
	979	935
	980	936
	981	937
	982	938
	3030	3011
	983	939
	985	941
	3034	3015
	3035	3016
	989	944
	990	945
	3038	3019
	993	948
	994	949
	3042	3023
	995	950
	998	953
	3046	3027
	3050	3031
	1003	957
	1004	958
	3054	3035
	1007	961
	3055	3036
	1008	962
	3056	3044
	1009	963
	1010	964
	3058	3037
	1011	965
	3059	3044
	1012	966
	3062	3038
	1015	969
	3063	3039
	1016	970
	3064	3040
	3065	3041
	3066	3044
	1020	973
	1021	974
	3069	3047
	3070	3048
	3071	3049
	1024	977
	1025	978
	1026	979
	1030	982
	1034	985
	1035	986
	1036	987
	1037	988
	1038	989
	1039	990
	1041	992
	1042	993
	1045	996
	1050	1001
	1051	1002
	1052	1003
	1055	1006
	1057	1007
	1059	1008
	1061	1011
	1065	1015
	1069	1019
	1075	1023
	1076	1024
	1078	1027
	1079	1028
	1080	1029
	1081	1030
	1085	1033
	1086	1034
	1087	1035
	1088	1036
	1092	1039
	1093	1044
	1094	1045
	1096	1046
	1097	1047
	1099	1049
	1101	1051
	1102	1052
	1103	1053
	1104	1054
	1105	1055
	1106	1056
	1107	1057
	1109	1061
	1113	1065
	1116	1066
	1117	1067
	1119	1069
	1120	1070
	1121	1071
	1122	1072
	1123	1073
	1124	1074
	1125	1075
	1132	1081
	1133	1083
	1134	1084
	1135	1085
	1136	1086
	1138	1087
	1143	1092
	1146	1093
	1148	1094
	1150	1095
	1151	1096
	1153	1098
	1156	1101
	1161	1106
	1163	1107
	1164	1108
	1166	1111
	1168	1112
	1169	1113
	1172	1116
	1173	1118
	1178	1121
	1180	1124
	1181	1125
	1182	1126
	1183	1127
	1184	1128
	1185	1129
	1186	1130
	1187	1131
	1188	1132
	1189	1133
	1190	1134
	1191	1135
	1192	1136
	1193	1137
	1194	1138
	1196	1141
	1197	1142
	1198	1143
	1199	1144
	1200	1145
	1201	1146
	1202	1147
	1203	1148
	1205	1150
	1206	1151
	1207	1152
	1208	1154
	1212	1157
	1214	1158
	1215	1159
	1219	1162
	1220	1163
	1221	1164
	1222	1165
	1224	1168
	1226	1169
	1228	1170
	1230	1171
	1231	1180
	1232	1175
	1233	1176
	1234	1177
	1235	1178
	1236	1179
	1237	1192
	1239	1196
	1240	1197
	1241	1197
	1242	1198
	1243	1199
	1244	1200
	1247	1203
	1248	1204
	1249	1209
	1250	1208
	1251	1221
	1253	1226
	1254	1227
	1256	1230
	1259	1233
	1260	1241
	1261	1237
	1262	1238
	1263	1239
	1264	1240
	1265	1253
	1268	1258
	1269	1259
	1270	1260
	1271	1261
	1272	1262
	1273	1263
	1274	1264
	1276	1266
	1277	1269
	1279	1269
	1281	1270
	1282	1271
	1283	1272
	1284	1273
	1286	1276
	1287	1277
	1288	1278
	1291	1281
	1294	1442
	1296	1282
	1300	1347
	1301	1288
	1303	1289
	1308	1290
	1309	1291
	1310	1292
	1311	1293
	1312	1294
	1313	1296
	1314	1298
	1316	1301
	1317	1302
	1318	1303
	1319	1304
	1320	1305
	1323	1309
	1326	1312
	1328	1314
	1329	1315
	1330	1316
	1331	1317
	1332	1318
	1336	1322
	1338	1323
	1339	1324
	1340	1328
	1341	1329
	1342	1330
	1345	1325
	1346	1326
	1348	1334
	1350	1335
	1352	1336
	1354	1337
	1355	1338
	1357	1341
	1359	1342
	1360	1343
	1362	1344
	1364	1345
	1366	1346
	1367	1359
	1369	1370
	1370	1366
	1371	1367
	1372	1368
	1374	1369
	1375	1382
	1377	1386
	1379	1387
	1380	1388
	1381	1389
	1382	1390
	1384	1393
	1386	1396
	1387	1397
	1388	1398
	1391	1401
	1392	1402
	1393	1403
	1394	1404
	1397	1407
	1398	1408
	1399	1409
	1401	1412
	1402	1413
	1404	1416
	1405	1417
	1406	1418
	1408	1419
	1409	1420
	1410	1421
	1412	1424
	1413	1425
	1414	1426
	1415	1427
	1416	1428
	1417	1429
	1419	1432
	1420	1433
	1422	1435
	1424	1435
	1425	1436
	1426	1437
	1427	1435
	1429	1440
	1430	1442
	1433	1445
	1434	1450
	1436	1446
	1437	1447
	1440	1452
	1444	1455
	1445	1456
	1446	1457
	1447	1458
	1452	1463
	1453	1464
	1454	1465
	1455	1466
	1457	1469
	1458	1470
	1460	1472
	1463	1475
	1464	1476
	1467	1479
	1471	1483
	1472	1484
	1474	1487
	1475	1488
	1476	1489
	1478	1491
	1480	1493
	1484	1497
	1485	1498
	1486	1499
	1490	1503
	1491	1504
	1493	1505
	1494	1506
	1497	1509
	1498	1510
	1502	1514
	1503	1515
	1506	1518
	1510	1522
	1514	1526
	1515	1527
	1518	1530
	1520	1533
	1521	1534
	1523	1537
	1524	1538
	1526	1541
	1527	1542
	1530	1545
	1531	1546
	1532	1547
	1535	1550
	1536	1551
	1537	1563
	1540	1552
	1541	1553
	1543	1554
	1544	1555
	1546	1563
	1548	1564
	1549	1565
	1550	1566
	1551	1567
	1553	1568
	1554	1568
	1556	1569
	1558	1570
	1559	1571
	1560	1572
	1561	1573
	1562	1574
	1564	1576
	1565	1577
	1567	1579
	1569	1580
	1570	1581
	1571	1582
	1572	1583
	1573	1583
	1574	1583
	1577	1584
	1578	1585
	1580	1588
	1581	1589
	1582	1590
	1583	1591
	1586	1594
	1587	1595
	1588	1596
	1592	1599
	1596	1603
	1597	1604
	1598	1605
	1600	1607
	1603	1610
	1604	1611
	1605	1612
	1607	1614
	1613	1618
	1614	1619
	1616	1621
	1617	1622
	1621	1627
	1624	1627
	1626	1627
	1628	1628
	1629	1629
	1630	1630
	1631	1631
	1634	1635
	1635	1638
	1636	1639
	1637	1640
	1638	1651
	1639	1653
	1641	1655
	1642	1656
	1643	1657
	1648	1662
	1652	1666
	1653	1667
	1656	1670
	1660	1674
	1661	1675
	1662	1676
	1665	1679
	1666	1680
	1668	1683
	1669	1701
	1672	1684
	1673	1685
	1674	1701
	1676	1686
	1677	1687
	1678	1688
	1680	1689
	1681	1690
	1682	1691
	1683	1692
	1684	1693
	1687	1701
	1690	1697
	1691	1701
	1694	1704
	1695	1705
	1698	1708
	1699	1709
	1700	1710
	1701	1711
	1703	1714
	1706	1716
	1707	1717
	1710	1720
	1711	1721
	1712	1722
	1714	1724
	1716	1727
	1719	1729
	1720	1730
	1721	1731
	1724	1734
	1725	1735
	1728	1738
	1729	1739
	1730	1740
	1731	1741
	1732	1742
	1733	1743
	1736	1746
	1738	1748
	1739	1749
	1740	1750
	1744	1754
	1745	1755
	1747	1756
	1748	1757
	1749	1758
	1750	1759
	1756	1764
	1757	1765
	1759	1768
	1764	1771
	1765	1772
	1769	1778
	1770	1840
	1773	1779
	1775	1780
	1776	1840
	1779	1781
	1780	1782
	1783	1785
	1788	1786
	1789	1787
	1790	1788
	1793	1791
	1794	1792
	1796	1794
	1797	1795
	1798	1796
	1799	1797
	1802	1800
	1806	1800
	1807	1800
	1808	1801
	1809	1802
	1811	1805
	1815	1809
	1817	1810
	1818	1811
	1819	1812
	1820	1813
	1821	1814
	1824	1815
	1825	1816
	1829	1820
	1830	1823
	1831	1824
	1837	1829
	1838	1829
	1839	1829
	1840	1830
	1841	1831
	1844	1834
	1845	1835
	1849	1840
	1852	1843
	1856	1847
	1858	1848
	1859	1849
	1861	1852
	1862	1853
	1865	1856
	1867	1857
	1868	1858
	1869	1859
	1871	1862
	1873	1863
	1874	1864
	1876	1865
	1877	1866
	1878	1867
	1880	1868
	1881	1869
	1884	1872
	1885	1873
	1886	1874
	1888	1875
	1889	1876
	1893	1880
	1894	1881
	1895	1882
	1896	1883
	1897	1884
	1898	1885
	1899	1886
	1900	1887
	1902	1889
	1903	1890
	1906	1893
	1907	1894
	1910	1895
	1911	1896
	1912	1897
	1913	1898
	1914	1899
	1915	1900
	1916	1901
	1919	1904
	1922	1907
	1923	1908
	1924	1909
	1925	1910
	1926	1911
	1927	1912
	1929	1914
	1931	1917
	1934	1921
	1935	1922
	1936	1923
	1938	1926
	1939	1927
	1940	1928
	1943	1931
	1944	1932
	1945	1933
	1947	1935
	1948	1936
	1949	1937
	1952	1940
	1953	1941
	1955	1942
	1956	1943
	1959	1946
	1963	1950
	1967	1954
	1968	1955
	1969	1956
	1970	1957
	1971	1958
	1975	1962
	1976	1963
	1979	1966
	1981	1968
	1982	1969
	1985	1972
	1986	1973
	1987	1974
	1988	1975
	1989	1976
	1990	1977
	1991	1978
	1992	1981
	1994	1979
	1999	1986
	2000	1987
	2001	1988
	2003	1990
	2004	1991
	2007	1995
	2008	1996
	2010	1999
	2011	2000
	2012	2001
	2015	2005
	2016	2006
	2017	2006
	2018	2007
	2023	2011
	2024	2012
	2025	2013
	2026	2014
	2029	2017
	2031	2020
	2033	2023
	2036	2026
	2037	2027
	2039	2030
	2040	2031
	2042	2034
	2043	2035
	2045	2038
	2046	2039
	2047	2040
net/minecraft/client/model/monster/endermite/EndermiteModel	70	59
	33	20
	65	53
	66	55
	35	22
	67	56
	36	23
	68	57
	38	25
	70	59
	41	28
	45	32
	46	33
	16	15
	48	34
	49	36
	50	37
	51	39
	52	40
	53	42
	23	16
	55	44
	56	45
	60	49
net/minecraft/client/ToggleKeyMapping	56	64
	32	36
	33	37
	36	40
	38	42
	42	46
	43	47
	45	50
	46	51
	15	12
	16	13
	49	54
	50	58
	19	23
	51	59
	20	24
	21	25
	22	26
	55	63
	56	64
	26	30
	31	35
net/minecraft/client/gui/components/TabButton	35	35
	16	16
	17	17
	18	18
	35	35
	22	22
	23	23
	24	24
	28	28
	15	15
	31	31
net/minecraft/client/model/object/boat/BoatModel	125	104
	26	23
	27	24
	30	27
	31	28
	32	29
	34	30
	35	32
	36	32
	37	33
	39	35
	40	37
	41	37
	42	38
	44	40
	45	42
	46	42
	47	43
	49	45
	50	47
	51	47
	52	48
	54	50
	55	50
	56	50
	57	50
	60	51
	61	52
	62	53
	63	54
	65	55
	66	57
	67	57
	68	57
	69	57
	70	58
	72	60
	73	62
	74	62
	75	62
	76	62
	77	63
	79	65
	82	68
	83	69
	84	70
	85	71
	89	75
	90	76
	91	77
	93	78
	94	80
	95	80
	96	81
	99	83
	100	85
	101	85
	102	86
	105	88
	106	90
	107	90
	108	91
	111	93
	115	97
	116	98
	118	99
	119	101
	120	101
	121	101
	122	102
	125	104
net/minecraft/client/renderer/entity/layers/Deadmau5EarsLayer	31	37
	19	19
	20	20
	21	21
	25	31
	26	37
	29	32
	30	33
	31	37
net/minecraft/client/gui/screens/worldselection/ExperimentsScreen	115	109
	29	26
	30	27
	41	38
	42	39
	43	40
	44	41
	45	43
	46	44
	47	45
	50	48
	54	52
	56	53
	57	54
	59	55
	60	56
	61	62
	62	59
	63	61
	65	63
	66	64
	67	65
	68	66
	70	67
	71	68
	72	69
	74	70
	75	71
	76	72
	79	75
	80	76
	86	81
	87	82
	89	83
	90	84
	91	85
	95	89
	100	94
	101	95
	104	98
	105	99
	106	100
	107	101
	108	102
	109	103
	111	105
	112	106
	113	107
	114	108
	115	109
net/minecraft/client/renderer/debug/ChunkCullingDebugRenderer	159	124
	129	99
	131	100
	133	101
	136	102
	138	103
	140	104
	142	105
	144	107
	147	110
	148	111
	21	21
	151	116
	152	117
	153	118
	26	25
	154	119
	27	26
	155	120
	156	121
	157	122
	31	32
	159	124
	33	33
	34	34
	35	35
	36	36
	37	38
	38	39
	39	40
	42	41
	44	42
	45	43
	46	45
	47	46
	48	47
	49	48
	50	49
	51	50
	52	50
	53	50
	54	50
	56	51
	62	57
	63	58
	64	60
	65	61
	66	62
	67	63
	68	64
	69	65
	70	66
	71	66
	72	66
	73	66
	75	67
	76	67
	77	67
	78	67
	80	68
	86	74
	87	75
	88	76
	89	77
	95	84
	96	85
	97	86
	99	87
	102	88
	105	89
	108	90
	111	91
	114	92
	117	93
	119	94
	120	95
	122	96
	124	97
	127	98
net/minecraft/client/renderer/entity/HuskRenderer	17	17
	17	17
	8	8
	9	9
	12	12
	13	13
net/minecraft/client/resources/sounds/BiomeAmbientSoundsHandler	154	141
	128	116
	130	117
	131	118
	132	119
	133	120
	134	121
	138	125
	139	126
	142	129
	143	130
	144	131
	147	134
	148	135
	149	136
	152	139
	153	140
	154	141
	38	32
	40	33
	41	34
	42	35
	45	38
	50	43
	52	44
	53	45
	54	46
	56	47
	57	48
	58	49
	60	50
	62	51
	63	52
	64	53
	65	54
	66	55
	68	58
	69	59
	74	64
	75	65
	76	66
	80	70
	81	73
	82	74
	83	75
	84	76
	85	77
	88	79
	89	80
	91	81
	94	83
	97	86
	98	87
	99	88
	100	89
	102	90
	103	91
	104	92
	106	93
	107	94
	109	95
	111	98
	112	99
	113	100
	115	102
	116	103
	118	105
	120	107
	121	109
net/minecraft/client/model/animal/squid/package-info	0	0
net/minecraft/client/gui/screens/inventory/HopperScreen	24	24
	16	16
	20	20
	21	21
	22	22
	23	23
	24	24
	11	11
	14	14
	15	15
net/minecraft/client/model/npc/BabyVillagerModel	83	57
	14	12
	15	13
	18	16
	19	17
	20	18
	24	22
	25	23
	27	24
	28	24
	29	24
	31	25
	32	27
	33	28
	34	30
	35	32
	37	34
	38	36
	39	36
	40	37
	42	39
	43	40
	44	40
	45	40
	47	42
	48	42
	49	42
	50	42
	52	43
	53	44
	54	44
	55	44
	57	46
	58	47
	59	47
	60	47
	62	49
	63	49
	64	49
	65	49
	67	50
	68	50
	69	50
	70	50
	72	51
	73	51
	74	51
	75	51
	77	52
	78	54
	79	54
	80	55
	83	57
net/minecraft/client/resources/model/ModelDiscovery	278	237
	257	225
	262	229
	263	230
	264	230
	266	230
	271	235
	272	235
	276	235
	277	236
	278	237
	33	34
	44	42
	45	43
	47	44
	49	45
	50	46
	51	47
	52	48
	53	49
	55	51
	58	54
	59	55
	62	58
	66	62
	70	66
	71	67
	72	68
	73	69
	75	72
	79	76
	80	77
	83	80
	85	81
	86	88
	88	83
	89	84
	90	85
	92	88
	95	91
	99	95
	101	96
	104	97
	106	98
	107	99
	108	100
	109	101
	111	103
	113	105
	114	106
	119	111
	121	112
	122	113
	123	114
	124	115
	126	116
	128	118
	131	121
	134	124
	135	126
	136	127
	137	128
	138	130
	139	131
	141	132
	142	133
	143	134
	144	135
	148	139
	154	142
	155	143
	156	144
	157	145
	158	146
	161	147
	162	148
	172	158
	173	159
	181	163
	182	164
	183	165
	184	166
	188	170
	193	175
	198	180
	203	184
	208	188
	209	189
	211	189
	214	189
	218	193
	219	194
	220	194
	222	194
	227	199
	232	204
	237	209
	242	214
	247	219
	253	224
	254	225
	255	225
com/mojang/blaze3d/resource/ResourceDescriptor	12	12
	7	7
	12	12
net/minecraft/client/gui/screens/options/OnlineOptionsScreen	177	166
	24	23
	25	24
	26	25
	27	26
	28	27
	29	28
	30	29
	31	30
	32	30
	33	30
	34	30
	35	31
	36	32
	37	33
	38	34
	39	35
	40	36
	41	37
	42	38
	50	45
	51	46
	54	49
	55	50
	56	51
	57	65
	60	53
	62	54
	63	55
	64	56
	65	57
	67	59
	69	61
	71	63
	77	65
	80	70
	81	71
	82	71
	83	72
	84	73
	85	74
	86	75
	88	78
	89	79
	90	80
	94	84
	95	85
	96	86
	97	87
	98	88
	99	88
	100	89
	102	90
	103	91
	104	92
	105	99
	106	102
	108	103
	109	104
	110	105
	111	105
	113	106
	115	107
	116	108
	118	109
	120	110
	121	111
	123	112
	124	113
	125	114
	128	117
	129	118
	130	119
	131	120
	132	121
	133	122
	134	123
	136	126
	137	127
	144	129
	145	130
	146	131
	147	132
	148	133
	149	134
	150	135
	151	136
	152	137
	153	138
	155	141
	156	142
	158	144
	161	147
	162	148
	163	149
	164	150
	166	153
	167	154
	168	155
	170	158
	171	159
	172	160
	174	163
	175	164
	177	166
net/minecraft/client/resources/model/cuboid/ItemTransform	96	78
	65	54
	66	55
	67	56
	68	56
	69	56
	70	56
	73	57
	74	58
	75	58
	76	58
	77	58
	80	59
	20	18
	84	63
	85	64
	23	21
	87	67
	24	22
	88	68
	25	42
	89	69
	92	72
	93	74
	94	75
	32	27
	96	78
	36	28
	37	29
	38	30
	40	32
	41	33
	42	34
	45	37
	46	38
	47	39
	49	40
	50	42
	55	47
	61	52
	63	53
com/mojang/blaze3d/resource/GraphicsResourceAllocator	15	15
	7	7
	8	8
	9	9
	14	14
	15	15
net/minecraft/client/particle/ParticleEngine	171	166
	128	121
	131	124
	132	125
	133	126
	134	127
	137	130
	140	133
	141	134
	142	135
	143	136
	146	139
	147	140
	148	142
	149	143
	150	144
	151	145
	152	146
	25	26
	154	149
	155	150
	156	151
	160	155
	164	159
	165	160
	166	161
	167	162
	168	163
	43	37
	171	166
	44	38
	45	39
	48	42
	49	43
	52	46
	53	47
	56	52
	57	53
	58	54
	59	55
	61	57
	66	64
	67	65
	68	65
	70	65
	74	69
	75	70
	76	71
	77	72
	78	73
	81	76
	83	78
	86	81
	87	82
	88	83
	89	84
	90	85
	92	86
	93	87
	94	89
	95	90
	96	91
	97	92
	100	96
	103	100
	105	101
	106	102
	107	103
	111	107
	114	110
	115	111
	117	112
	118	113
	120	115
	121	115
	123	115
	127	120
net/minecraft/client/gui/screens/DeathScreen	174	181
	131	140
	132	141
	133	142
	134	143
	135	144
	137	145
	142	150
	147	155
	152	160
	26	24
	154	161
	155	162
	156	163
	158	165
	161	168
	162	169
	164	171
	38	34
	39	35
	40	36
	168	175
	41	37
	169	176
	42	38
	43	39
	44	40
	173	180
	174	181
	48	44
	49	45
	50	46
	51	47
	52	48
	53	49
	54	50
	56	51
	57	54
	58	55
	59	59
	61	60
	62	61
	66	65
	70	69
	71	70
	72	89
	74	81
	75	74
	76	75
	78	77
	79	78
	81	80
	82	86
	83	87
	84	89
	87	92
	88	93
	90	96
	91	97
	92	98
	96	102
	98	103
	100	104
	101	105
	103	114
	106	117
	108	118
	109	119
	110	120
	111	121
	113	122
	114	123
	117	126
	118	127
	122	131
	123	132
	126	135
	127	136
net/minecraft/client/model/animal/cow/WarmCowModel	26	38
	17	15
	18	17
	19	20
	20	22
	21	24
	22	26
	23	28
	24	32
	25	36
	26	38
	13	11
	14	12
net/minecraft/client/particle/package-info	0	0
net/minecraft/client/renderer/entity/AbstractHorseRenderer	23	23
	16	16
	17	17
	18	18
	19	19
	20	20
	21	21
	22	22
	23	23
	10	11
	11	12
	15	15
net/minecraft/client/gui/font/CodepointMap	112	102
	22	20
	23	21
	24	22
	25	23
	26	24
	29	27
	30	28
	33	31
	34	32
	35	33
	39	37
	40	38
	42	39
	43	40
	44	41
	45	42
	46	43
	47	44
	49	46
	50	47
	51	48
	56	53
	57	54
	59	55
	60	56
	61	57
	62	58
	65	61
	66	62
	67	63
	70	66
	71	67
	72	68
	76	72
	77	73
	79	74
	80	75
	81	76
	84	79
	85	80
	86	81
	95	85
	96	86
	97	87
	98	88
	99	89
	100	90
	101	91
	102	92
	107	97
	110	100
	111	101
	112	102
net/minecraft/client/gui/screens/inventory/TestInstanceBlockEditScreen	223	218
	30	28
	31	29
	32	30
	33	31
	50	46
	51	47
	52	48
	56	52
	57	53
	58	54
	59	55
	61	56
	62	57
	63	58
	64	59
	65	60
	67	63
	68	64
	70	65
	71	66
	73	67
	75	68
	77	69
	78	70
	79	71
	80	72
	81	73
	82	74
	83	75
	84	76
	85	77
	86	78
	88	79
	89	80
	90	81
	91	82
	92	83
	94	85
	95	86
	96	87
	97	88
	100	90
	101	91
	102	92
	103	93
	104	94
	106	95
	107	96
	108	97
	109	98
	111	99
	112	100
	113	101
	114	102
	115	103
	118	106
	119	107
	120	108
	121	109
	122	110
	123	111
	125	112
	126	113
	129	116
	130	117
	131	118
	132	119
	134	121
	137	124
	138	125
	139	126
	140	127
	141	128
	146	134
	147	135
	148	136
	149	137
	152	140
	153	141
	154	142
	158	146
	162	150
	167	155
	168	156
	169	157
	170	158
	171	159
	172	160
	173	161
	174	162
	177	165
	178	166
	179	167
	181	170
	182	171
	185	174
	186	175
	187	176
	190	179
	191	180
	192	181
	193	182
	194	183
	195	186
	199	190
	200	191
	201	198
	202	195
	203	197
	204	199
	205	200
	206	201
	207	202
	210	205
	211	206
	215	210
	216	211
	217	212
	223	218
net/minecraft/client/resources/MapTextureManager	98	97
	64	62
	65	63
	67	64
	68	65
	69	66
	72	69
	73	70
	74	71
	75	72
	78	75
	79	76
	82	79
	19	18
	83	80
	20	19
	84	82
	85	83
	86	84
	23	22
	87	85
	24	23
	90	89
	27	26
	91	90
	28	27
	29	28
	93	92
	33	32
	97	96
	34	33
	98	97
	37	36
	38	37
	41	40
	42	41
	43	42
	46	45
	48	46
	54	52
	55	53
net/minecraft/client/renderer/entity/state/ArmedEntityRenderState	58	53
	33	30
	37	34
	42	38
	46	44
	15	14
	47	45
	16	15
	17	16
	49	46
	50	47
	19	18
	52	48
	21	19
	54	49
	23	21
	55	50
	56	51
	25	22
	57	52
	58	53
	29	26
net/minecraft/client/renderer/block/package-info	0	0
net/minecraft/client/renderer/entity/CreakingRenderer	53	51
	34	34
	39	38
	40	39
	41	40
	42	41
	43	42
	12	12
	13	13
	45	43
	46	44
	16	16
	48	45
	17	17
	50	47
	19	20
	20	21
	52	50
	21	22
	53	51
	25	27
	29	30
net/minecraft/client/renderer/texture/atlas/package-info	0	0
net/minecraft/client/model/object/book/package-info	0	0
com/mojang/blaze3d/platform/MacosUtil	77	66
	64	56
	66	57
	68	59
	73	62
	74	63
	75	64
	76	65
	77	66
	17	15
	24	20
	25	21
	28	24
	29	25
	30	26
	31	27
	32	28
	35	31
	39	35
	40	36
	41	36
	43	36
	47	40
	51	44
	55	48
	56	49
	59	52
	60	53
	61	54
	63	55
com/mojang/blaze3d/vulkan/VulkanBackend	439	438
	63	54
	65	56
	73	58
	74	59
	75	60
	76	61
	77	62
	78	64
	79	66
	81	74
	93	83
	97	88
	102	93
	103	94
	106	97
	107	98
	109	101
	110	102
	113	106
	114	107
	116	109
	117	110
	118	111
	124	117
	125	118
	127	120
	133	128
	134	129
	136	132
	137	133
	139	136
	140	137
	141	138
	142	139
	143	140
	144	141
	147	144
	148	145
	149	146
	150	147
	151	148
	152	149
	154	152
	155	153
	156	154
	157	155
	158	156
	159	157
	161	160
	162	161
	163	162
	165	165
	166	166
	167	167
	169	168
	170	169
	172	172
	173	173
	175	176
	176	177
	178	180
	179	181
	181	184
	184	188
	188	193
	189	194
	190	194
	192	195
	193	196
	194	197
	195	198
	196	199
	197	200
	199	201
	200	202
	201	203
	207	208
	208	209
	209	211
	213	212
	214	214
	216	218
	217	219
	221	222
	222	224
	223	228
	225	229
	226	230
	230	233
	231	234
	234	235
	235	236
	236	237
	238	240
	241	240
	244	241
	245	242
	248	243
	249	244
	250	245
	251	246
	256	253
	257	254
	260	257
	261	258
	266	262
	272	266
	273	267
	274	268
	275	269
	281	275
	282	276
	285	278
	287	280
	288	280
	289	281
	290	282
	292	284
	293	322
	294	323
	297	285
	299	286
	300	288
	301	289
	303	292
	305	293
	308	294
	309	295
	310	296
	313	299
	314	300
	315	301
	318	304
	319	305
	320	306
	323	309
	324	310
	325	311
	326	312
	330	316
	331	317
	333	320
	338	329
	339	330
	340	331
	341	332
	346	337
	347	338
	348	339
	349	340
	354	345
	355	346
	356	347
	357	348
	358	349
	363	354
	364	355
	365	356
	368	357
	371	361
	372	362
	374	364
	375	366
	376	367
	378	370
	380	372
	381	373
	382	374
	383	375
	387	379
	388	380
	389	381
	390	382
	393	385
	394	386
	395	387
	398	390
	399	391
	400	392
	404	396
	408	402
	410	403
	411	405
	412	406
	415	409
	416	410
	417	412
	418	413
	419	414
	420	415
	421	416
	423	419
	425	420
	426	422
	427	423
	429	426
	431	427
	432	428
	433	429
	434	430
	435	431
	437	432
	438	434
	439	438
net/minecraft/client/renderer/rendertype/TextureTransform	55	43
	34	42
	35	43
	39	32
	40	33
	41	34
	44	35
	47	36
	48	37
	17	18
	18	19
	51	13
	19	20
	53	14
	22	23
	55	15
	27	28
	30	12
com/mojang/realmsclient/gui/screens/RealmsClientOutdatedScreen	51	49
	32	33
	33	34
	34	35
	35	36
	39	40
	40	41
	44	45
	45	46
	14	13
	15	14
	16	16
	48	49
	17	19
	49	49
	51	49
	24	25
	25	26
	26	27
	30	31
	31	32
net/minecraft/client/renderer/entity/state/HumanoidRenderState	32	28
	32	28
	21	21
	22	22
	23	23
	24	24
	9	9
	12	12
	29	28
	30	28
com/mojang/blaze3d/vulkan/checkpoints/package-info	0	0
net/minecraft/client/gui/navigation/package-info	0	0
net/minecraft/client/model/object/projectile/TridentModel	51	29
	32	25
	35	26
	36	26
	37	26
	40	27
	41	27
	42	27
	45	28
	46	28
	15	15
	47	28
	18	18
	19	19
	51	29
	22	22
	23	23
	25	24
	26	24
	27	24
	30	25
	31	25
net/minecraft/client/gui/components/debugchart/AbstractDebugChart	104	100
	17	16
	18	17
	19	18
	22	21
	26	25
	30	29
	31	30
	33	31
	34	32
	35	33
	36	34
	37	35
	38	37
	39	38
	40	39
	41	40
	42	41
	43	42
	44	43
	45	44
	48	47
	49	48
	50	49
	51	50
	53	51
	54	52
	55	53
	56	54
	58	55
	59	56
	60	57
	63	60
	64	61
	67	64
	68	65
	69	66
	72	69
	73	70
	74	71
	75	72
	76	73
	79	76
	82	79
	86	83
	89	86
	90	87
	91	88
	100	97
	101	98
	102	99
	104	100
net/minecraft/client/telemetry/events/WorldLoadTimesEvent	26	25
	16	15
	17	16
	20	19
	21	20
	22	21
	23	22
	24	23
	26	25
	15	14
net/minecraft/client/animation/definitions/BabyRabbitAnimation	455	612
	10	9
	11	11
	12	15
	13	16
	14	17
	15	18
	16	19
	17	20
	18	21
	20	24
	21	28
	22	29
	24	32
	25	36
	26	37
	27	38
	28	39
	29	40
	30	41
	31	42
	33	45
	34	49
	35	50
	36	51
	37	52
	39	55
	40	59
	41	60
	42	61
	43	62
	44	63
	45	64
	46	65
	47	66
	49	69
	50	73
	51	74
	52	75
	54	78
	55	82
	56	83
	57	84
	58	85
	59	86
	60	87
	61	88
	62	89
	63	90
	65	93
	66	97
	67	98
	68	99
	69	100
	70	101
	72	104
	73	108
	74	109
	75	110
	76	111
	77	112
	78	113
	80	116
	81	120
	82	121
	83	122
	84	123
	86	126
	87	130
	88	131
	89	132
	90	133
	91	134
	92	135
	94	138
	95	142
	96	143
	97	144
	98	145
	100	148
	101	152
	102	153
	103	154
	104	155
	105	156
	107	159
	108	163
	109	164
	110	165
	111	166
	112	167
	114	170
	115	174
	116	175
	117	176
	118	177
	120	180
	121	184
	122	185
	123	186
	124	187
	125	188
	127	191
	128	195
	129	196
	130	197
	131	198
	132	199
	133	200
	135	203
	136	207
	137	208
	138	209
	140	212
	141	216
	142	217
	143	218
	144	219
	145	220
	146	221
	148	224
	149	228
	150	229
	151	230
	153	233
	154	237
	155	238
	156	239
	157	240
	158	241
	159	242
	161	245
	162	249
	163	250
	165	253
	167	254
	168	255
	169	259
	170	260
	171	261
	172	262
	173	263
	174	264
	175	265
	176	266
	177	267
	178	268
	179	269
	180	270
	181	271
	182	272
	183	273
	184	274
	185	275
	186	276
	187	277
	188	278
	190	281
	191	285
	192	286
	193	287
	194	288
	195	289
	197	292
	198	296
	199	297
	200	298
	202	301
	203	305
	204	306
	205	307
	206	308
	207	309
	208	310
	209	311
	210	312
	211	313
	212	314
	213	315
	214	316
	215	317
	216	318
	217	319
	218	320
	219	321
	220	322
	221	323
	222	324
	223	325
	224	326
	225	327
	227	330
	228	334
	229	335
	230	336
	231	337
	232	338
	233	339
	234	340
	235	341
	236	342
	237	343
	239	346
	240	350
	241	351
	242	352
	243	353
	244	354
	245	355
	246	356
	247	357
	248	358
	249	359
	250	360
	251	361
	252	362
	253	363
	254	364
	255	365
	256	366
	257	367
	258	368
	260	371
	261	375
	262	376
	263	377
	264	378
	265	379
	266	380
	267	381
	268	382
	269	383
	270	384
	272	387
	273	391
	274	392
	275	393
	276	394
	277	395
	278	396
	279	397
	280	398
	281	399
	282	400
	283	401
	284	402
	285	403
	286	404
	287	405
	288	406
	289	407
	290	408
	291	409
	292	410
	293	411
	294	412
	295	413
	296	414
	297	415
	299	418
	300	422
	301	423
	302	424
	303	425
	304	426
	305	427
	306	428
	307	429
	308	430
	309	431
	310	432
	311	433
	312	434
	313	435
	314	436
	315	437
	316	438
	317	439
	318	440
	319	441
	320	442
	322	445
	323	449
	324	450
	325	451
	326	452
	327	453
	328	454
	329	455
	330	456
	331	457
	332	458
	333	459
	334	460
	335	461
	336	462
	337	463
	338	464
	339	465
	340	466
	341	467
	342	468
	343	469
	344	470
	345	471
	346	472
	347	473
	349	476
	350	480
	351	481
	352	482
	353	483
	354	484
	355	485
	356	486
	357	487
	358	488
	359	489
	360	490
	361	491
	362	492
	363	493
	364	494
	365	495
	366	496
	367	497
	368	498
	369	499
	370	500
	371	501
	372	502
	373	503
	375	506
	376	510
	377	511
	378	512
	379	513
	380	514
	381	515
	382	516
	383	517
	384	518
	385	519
	386	520
	387	521
	388	522
	389	523
	390	524
	391	525
	392	526
	393	527
	395	530
	396	534
	397	535
	398	536
	399	537
	400	538
	401	539
	402	540
	403	541
	404	542
	405	543
	406	544
	407	545
	409	548
	410	552
	411	553
	412	554
	413	555
	414	556
	415	557
	416	558
	417	559
	418	560
	419	561
	420	562
	421	563
	422	564
	423	565
	424	566
	425	567
	426	568
	427	569
	429	572
	430	576
	431	577
	432	578
	433	579
	434	580
	435	581
	436	582
	437	583
	438	584
	439	585
	440	586
	441	587
	443	590
	444	594
	445	595
	446	596
	447	597
	449	600
	450	603
	452	606
	453	609
	455	612
net/minecraft/client/color/item/ItemTintSource	0	0
net/minecraft/client/renderer/GpuWarnlistManager	160	193
	129	159
	130	161
	131	162
	132	164
	133	165
	136	169
	140	173
	141	174
	142	175
	143	176
	144	177
	145	178
	146	179
	149	182
	150	183
	151	184
	154	187
	155	188
	28	28
	156	189
	29	29
	31	30
	160	193
	36	35
	40	39
	44	43
	45	44
	48	47
	49	48
	52	51
	56	55
	57	56
	58	57
	61	60
	65	64
	69	68
	73	72
	74	73
	75	74
	80	78
	81	79
	82	80
	84	81
	85	82
	86	89
	87	86
	88	87
	89	88
	90	101
	93	106
	98	110
	99	111
	102	114
	103	115
	106	124
	107	119
	108	122
	110	140
	111	141
	112	142
	114	143
	123	153
	124	154
	125	155
	126	156
net/minecraft/client/renderer/entity/OcelotRenderer	34	31
	16	16
	32	29
	17	17
	33	30
	34	31
	21	20
	26	24
	12	12
	13	13
	31	28
net/minecraft/client/gui/spectator/SpectatorMenuItem	0	0
net/minecraft/client/multiplayer/ClientExplosionTracker	62	54
	23	19
	24	20
	26	22
	29	25
	30	26
	31	38
	34	28
	35	29
	36	31
	37	33
	40	36
	41	38
	44	41
	45	42
	47	43
	48	44
	49	45
	50	46
	52	47
	53	54
	56	48
	58	49
	59	50
	60	51
	61	52
	62	54
net/minecraft/client/model/AnimationUtils	102	92
	14	12
	15	13
	17	14
	18	15
	19	16
	20	17
	21	18
	25	23
	26	24
	28	25
	29	26
	30	27
	33	28
	34	29
	35	30
	36	31
	37	32
	40	37
	41	38
	42	39
	43	40
	44	41
	45	42
	47	43
	48	44
	49	45
	51	46
	52	47
	54	49
	55	50
	57	51
	58	52
	61	55
	62	56
	65	59
	66	60
	67	61
	70	64
	71	65
	72	66
	76	69
	77	70
	79	71
	80	72
	81	73
	84	76
	85	77
	90	82
	91	83
	92	84
	93	85
	95	86
	96	87
	97	88
	99	89
	100	90
	101	91
	102	92
net/minecraft/client/HotbarManager	75	76
	64	64
	65	65
	66	66
	68	68
	71	71
	72	72
	73	73
	75	76
	18	17
	27	25
	28	26
	30	28
	31	29
	33	31
	37	35
	38	36
	39	37
	43	40
	44	41
	46	43
	47	44
	48	46
	49	47
	51	49
	52	50
	54	52
	58	56
	59	58
	60	59
	61	60
	62	61
net/minecraft/client/renderer/entity/GiantMobRenderer	39	34
	16	16
	32	28
	18	17
	19	18
	20	19
	21	19
	37	32
	38	33
	23	21
	39	34
	27	24
	13	13
net/minecraft/client/gui/components/debug/DebugEntryFps	38	44
	33	39
	34	41
	35	42
	36	43
	37	44
	38	40
	16	19
	17	20
	18	21
	20	23
	21	26
	22	27
	23	28
	25	31
	29	35
net/minecraft/client/gui/TextAlignment	35	33
	35	33
	21	20
	9	9
	27	26
	15	14
net/minecraft/client/particle/DragonBreathParticle	103	101
	64	54
	67	57
	69	58
	70	59
	71	60
	74	63
	75	64
	77	65
	78	66
	80	69
	84	73
	25	23
	89	78
	26	24
	27	25
	28	26
	29	27
	31	28
	32	29
	96	85
	33	30
	97	86
	35	31
	37	32
	101	99
	38	33
	102	100
	39	34
	103	101
	41	35
	42	36
	43	37
	47	41
	48	42
	49	43
	51	44
	52	45
	53	69
	56	47
	58	48
	59	49
	60	50
	63	53
net/minecraft/client/model/animal/wolf/AdultWolfModel	94	81
	64	58
	65	59
	67	60
	68	61
	69	61
	71	63
	72	63
	73	63
	77	64
	82	69
	83	70
	84	71
	85	72
	86	73
	25	21
	90	77
	27	22
	91	78
	28	23
	92	79
	29	24
	93	80
	94	81
	32	27
	33	28
	35	29
	37	30
	38	30
	39	30
	41	31
	42	33
	43	34
	44	36
	45	38
	46	40
	49	44
	50	46
	51	46
	52	47
	54	49
	55	51
	56	51
	57	52
	60	54
	61	55
	62	56
	63	57
net/minecraft/client/renderer/blockentity/state/SignRenderState	20	17
	20	17
	14	14
net/minecraft/client/renderer/entity/ArrowRenderer	44	41
	33	31
	34	32
	40	37
	41	38
	42	39
	43	40
	44	41
	18	19
	19	20
	20	21
	24	24
	26	25
	27	26
	29	27
	31	30
net/minecraft/client/model/monster/skeleton/package-info	0	0
net/minecraft/client/gui/font/TextRenderable	45	45
	35	35
	40	40
	45	45
	30	30
com/mojang/blaze3d/vertex/SheetedDecalTextureGenerator	95	80
	64	54
	65	55
	70	60
	71	61
	76	66
	78	67
	79	68
	81	69
	83	70
	84	71
	85	72
	87	73
	89	74
	27	20
	28	21
	29	22
	30	23
	94	79
	31	24
	95	80
	35	28
	36	29
	37	30
	38	31
	39	32
	45	37
	46	38
	52	43
	53	44
	59	49
net/minecraft/client/renderer/entity/state/LlamaSpitRenderState	0	0
net/minecraft/client/gui/screens/packs/TransferableSelectionList	307	304
	256	278
	257	279
	259	281
	262	284
	263	285
	265	287
	266	288
	267	289
	268	290
	269	291
	271	293
	273	295
	277	299
	282	304
	27	25
	28	26
	29	27
	30	28
	31	29
	32	30
	33	31
	34	32
	35	33
	291	91
	36	34
	292	92
	293	93
	297	97
	298	98
	43	40
	44	41
	45	42
	46	43
	302	102
	47	44
	51	48
	307	107
	56	53
	61	58
	62	58
	64	58
	68	62
	69	63
	70	64
	71	65
	72	66
	73	67
	74	68
	75	69
	76	70
	77	71
	79	73
	80	74
	81	75
	86	80
	104	121
	105	122
	106	123
	108	124
	109	125
	110	126
	111	127
	115	131
	120	136
	121	137
	122	138
	123	139
	124	140
	125	141
	126	142
	129	145
	131	146
	132	147
	134	150
	135	151
	138	154
	139	155
	141	156
	142	157
	144	158
	145	159
	146	160
	149	163
	150	164
	151	165
	152	166
	154	168
	157	171
	158	172
	159	173
	160	174
	162	176
	165	180
	166	181
	167	182
	168	183
	170	185
	173	189
	174	190
	175	191
	176	192
	178	194
	184	200
	185	201
	186	202
	188	203
	189	204
	190	205
	191	206
	195	210
	196	211
	197	212
	199	213
	200	214
	201	215
	202	218
	203	219
	204	220
	206	223
	207	224
	208	225
	210	228
	211	229
	212	230
	215	234
	220	239
	221	240
	222	241
	224	244
	225	245
	226	246
	227	247
	229	250
	230	251
	231	252
	234	256
	238	260
	242	264
	243	265
	244	266
	245	267
	247	269
	250	272
	251	273
	253	275
com/mojang/blaze3d/opengl/GlSurface	61	55
	32	28
	36	32
	42	37
	46	41
	47	42
	17	14
	51	46
	52	47
	24	20
	25	21
	57	51
	29	25
	61	55
	30	26
	31	27
com/mojang/realmsclient/gui/screens/configuration/RealmsBackupScreen	273	298
	256	272
	257	273
	258	280
	259	283
	260	284
	261	285
	262	286
	263	287
	264	288
	265	289
	267	292
	268	293
	269	294
	270	295
	271	296
	273	298
	40	38
	42	39
	43	40
	44	41
	45	42
	46	43
	51	46
	70	57
	71	58
	72	59
	73	60
	74	61
	78	65
	79	66
	81	67
	82	68
	83	69
	84	70
	86	71
	87	72
	89	73
	90	74
	94	78
	96	79
	97	80
	98	81
	100	84
	104	88
	105	89
	106	90
	108	92
	111	95
	114	98
	116	101
	117	102
	118	103
	119	104
	120	105
	121	106
	123	109
	124	110
	126	112
	127	113
	128	114
	130	116
	131	117
	132	118
	136	122
	137	123
	140	128
	141	131
	142	134
	143	136
	144	140
	149	150
	155	157
	156	163
	160	167
	175	179
	177	180
	179	181
	180	184
	181	186
	182	187
	183	188
	184	189
	187	192
	188	193
	189	194
	190	195
	191	196
	192	197
	194	199
	197	202
	198	204
	199	205
	203	211
	204	212
	205	225
	207	213
	208	215
	209	216
	210	217
	211	218
	214	221
	217	225
	220	228
	221	229
	222	230
	223	231
	225	233
	227	235
	230	238
	231	239
	232	240
	233	241
	235	248
	236	249
	237	252
	239	255
	243	259
	248	264
	253	269
	254	270
	255	271
net/minecraft/client/color/item/Firework	53	53
	32	29
	33	30
	34	33
	35	34
	38	37
	39	38
	40	39
	41	41
	42	42
	43	43
	44	44
	45	45
	48	48
	20	21
	21	22
	53	53
	23	16
	24	17
	25	17
	29	26
	30	27
	31	28
net/minecraft/client/renderer/item/properties/conditional/IsKeybindDown	34	32
	17	16
	18	17
	34	32
	23	19
	24	20
	25	20
	29	27
	15	15
net/minecraft/client/renderer/block/dispatch/multipart/CombinedCondition	51	40
	33	32
	51	15
	19	19
	22	22
	38	36
	39	37
	25	25
	43	40
	28	28
net/minecraft/client/model/monster/blaze/BlazeModel	105	98
	21	19
	22	20
	23	21
	24	22
	25	23
	28	26
	32	30
	33	31
	35	32
	36	32
	37	32
	42	33
	43	34
	44	34
	46	36
	47	37
	48	38
	49	39
	50	40
	51	41
	54	44
	55	46
	56	47
	57	48
	58	49
	59	50
	60	51
	63	54
	64	56
	65	57
	66	58
	67	59
	68	60
	69	61
	72	64
	77	68
	79	69
	80	71
	81	72
	82	73
	83	74
	84	75
	87	78
	88	80
	89	81
	90	82
	91	83
	92	84
	95	87
	96	89
	97	90
	98	91
	99	92
	100	93
	103	96
	104	97
	105	98
net/minecraft/client/model/geom/PartNames	135	112
	135	112
net/minecraft/client/model/animal/golem/CopperGolemModel	207	308
	43	39
	44	40
	45	41
	46	42
	47	43
	49	44
	50	45
	51	46
	52	47
	53	48
	54	49
	55	50
	56	51
	59	54
	60	55
	62	56
	63	59
	64	64
	65	66
	66	68
	67	72
	68	77
	69	80
	70	83
	71	86
	75	90
	76	91
	78	92
	79	93
	80	98
	81	103
	82	105
	83	107
	84	111
	85	112
	86	117
	87	118
	88	123
	89	124
	90	129
	91	130
	92	135
	96	139
	97	140
	99	141
	100	144
	101	146
	102	150
	103	155
	104	158
	105	160
	106	162
	107	164
	108	168
	109	169
	110	174
	111	175
	112	180
	113	181
	114	186
	115	187
	116	192
	120	196
	121	197
	123	198
	124	201
	125	206
	126	208
	127	210
	128	214
	129	215
	130	220
	131	221
	132	222
	133	227
	134	228
	135	233
	136	234
	137	239
	141	243
	142	244
	143	245
	149	250
	150	251
	151	252
	152	253
	153	254
	155	256
	156	257
	158	260
	159	261
	160	262
	161	263
	162	264
	163	265
	167	268
	168	269
	169	270
	170	271
	171	272
	172	273
	173	274
	175	276
	176	277
	178	279
	182	283
	187	288
	188	289
	189	290
	190	291
	191	292
	194	295
	195	296
	196	297
	197	298
	198	299
	201	302
	202	303
	203	304
	204	305
	205	306
	206	307
	207	308
net/minecraft/client/model/monster/ravager/RavagerModel	148	119
	128	101
	130	102
	131	103
	132	104
	133	105
	134	106
	135	107
	139	111
	140	112
	142	113
	143	114
	144	115
	145	116
	146	117
	147	118
	148	119
	25	23
	26	24
	27	25
	28	26
	29	27
	30	28
	31	29
	32	30
	33	31
	36	34
	37	35
	39	36
	40	37
	41	38
	42	38
	43	38
	45	40
	46	42
	47	42
	48	42
	49	43
	52	45
	53	47
	54	47
	55	48
	57	50
	58	52
	59	52
	60	53
	62	55
	63	55
	64	55
	65	55
	67	56
	68	58
	69	58
	70	58
	71	59
	73	61
	74	62
	75	62
	76	62
	78	64
	79	65
	80	65
	81	65
	83	67
	84	68
	85	68
	86	68
	88	70
	89	71
	90	71
	91	71
	94	73
	99	77
	101	78
	102	79
	103	80
	106	81
	107	82
	108	83
	109	84
	110	85
	111	86
	112	87
	114	88
	115	89
	117	91
	120	94
	121	95
	122	96
	123	97
	124	98
	126	99
	127	100
net/minecraft/client/sounds/SoundManager	318	311
	257	195
	258	196
	261	199
	262	200
	265	203
	266	204
	269	207
	270	208
	273	211
	274	212
	277	215
	278	216
	281	219
	282	220
	285	223
	286	224
	289	227
	290	228
	293	231
	297	235
	42	43
	298	236
	43	44
	301	239
	302	240
	47	45
	48	46
	49	48
	305	243
	50	50
	306	244
	52	52
	53	52
	309	247
	54	52
	313	251
	314	252
	317	255
	62	59
	318	256
	63	60
	67	63
	69	68
	70	67
	71	80
	73	84
	74	108
	75	89
	76	89
	77	90
	78	92
	79	93
	80	94
	81	95
	82	97
	83	98
	85	101
	86	102
	87	103
	89	106
	91	123
	95	127
	100	131
	103	132
	104	133
	105	134
	107	135
	108	136
	114	141
	115	142
	116	143
	117	144
	122	149
	123	150
	126	153
	130	157
	134	259
	135	260
	138	263
	139	264
	142	267
	143	268
	144	269
	145	270
	146	271
	148	274
	149	275
	152	278
	154	280
	155	281
	158	283
	160	285
	164	289
	165	290
	166	292
	203	295
	206	298
	208	300
	211	303
	212	304
	214	305
	216	307
	217	308
	218	309
	220	311
	224	161
	225	162
	226	163
	227	164
	229	166
	233	171
	237	175
	241	179
	242	180
	245	183
	249	187
	250	188
	253	191
	254	192
net/minecraft/client/gui/screens/CreditsAndAttributionScreen	56	50
	32	29
	34	30
	35	31
	36	32
	38	33
	40	34
	41	35
	42	36
	14	13
	46	40
	15	14
	47	41
	16	15
	17	16
	50	44
	51	45
	23	21
	55	49
	24	22
	56	50
	25	23
	29	27
	31	28
net/minecraft/client/renderer/PostPass	179	202
	131	155
	144	198
	148	202
	31	31
	159	169
	160	170
	161	171
	163	173
	40	42
	168	179
	41	43
	169	180
	42	44
	43	45
	45	47
	173	184
	46	48
	174	185
	47	49
	175	186
	176	187
	177	188
	50	50
	51	52
	179	190
	52	53
	54	56
	55	58
	56	59
	57	61
	58	62
	60	65
	64	70
	65	71
	68	74
	70	76
	71	77
	74	81
	75	83
	76	84
	79	87
	80	89
	82	90
	83	91
	85	92
	86	93
	87	97
	88	101
	89	102
	90	103
	91	105
	92	106
	97	111
	98	117
	99	118
	100	119
	101	121
	102	122
	104	125
	105	126
	107	129
	109	132
	111	133
	113	135
	114	136
	116	138
	117	140
	121	144
	122	145
	124	148
	125	149
net/minecraft/client/gui/screens/inventory/AbstractSignEditScreen	255	233
	43	41
	44	42
	47	45
	49	46
	50	47
	51	48
	52	49
	54	50
	55	51
	59	55
	60	56
	61	58
	63	60
	64	61
	66	63
	67	64
	68	65
	70	67
	74	71
	75	72
	77	74
	80	77
	81	77
	82	77
	87	82
	88	83
	89	84
	90	85
	92	86
	93	87
	94	88
	95	89
	97	91
	98	91
	101	91
	106	97
	107	98
	112	103
	113	104
	118	109
	120	110
	121	111
	122	112
	126	116
	127	117
	131	121
	132	122
	133	123
	135	128
	136	129
	140	133
	145	138
	155	148
	156	149
	157	150
	158	151
	160	152
	161	153
	162	154
	164	155
	165	156
	166	157
	167	158
	168	159
	170	160
	172	161
	173	162
	174	163
	176	165
	179	168
	180	169
	181	170
	182	171
	183	172
	185	173
	186	174
	188	176
	189	177
	190	178
	193	179
	194	180
	197	183
	198	184
	201	185
	205	186
	206	187
	208	188
	209	189
	210	190
	212	193
	216	199
	217	200
	218	201
	223	202
	224	203
	226	204
	227	205
	228	206
	230	209
	233	212
	234	213
	235	214
	236	215
	237	216
	239	217
	240	218
	242	219
	245	223
	248	226
	249	227
	250	228
	251	229
	254	232
	255	233
net/minecraft/client/sounds/SoundBufferLibrary	88	87
	64	63
	65	64
	67	66
	68	67
	79	78
	80	79
	81	80
	84	83
	88	87
	25	23
	26	24
	29	27
	30	29
	31	30
	33	32
	34	33
	35	34
	36	35
	38	37
	42	41
	44	43
	45	44
	46	45
	47	46
	49	48
	53	52
	54	53
	55	54
	58	57
	62	61
	63	62
net/minecraft/client/model/object/bell/BellModel	62	59
	21	20
	22	21
	23	22
	26	25
	27	26
	29	27
	30	28
	31	28
	32	28
	34	30
	35	31
	36	31
	37	31
	40	33
	45	37
	47	38
	48	39
	50	40
	51	41
	52	42
	53	44
	54	47
	55	50
	56	53
	60	57
	61	58
	62	59
net/minecraft/client/gui/screens/worldselection/ConfirmExperimentalFeaturesScreen	115	98
	64	49
	66	51
	67	52
	69	53
	70	54
	71	55
	72	56
	76	60
	77	61
	81	65
	82	66
	85	69
	92	74
	93	75
	30	20
	31	21
	32	22
	97	79
	98	80
	99	81
	100	82
	101	83
	102	84
	42	30
	106	88
	43	31
	107	89
	44	32
	45	33
	109	92
	110	93
	49	37
	114	97
	115	98
	54	42
	56	43
	57	43
	59	44
	60	45
	61	46
	62	47
net/minecraft/client/model/animal/sniffer/package-info	0	0
com/mojang/realmsclient/dto/PlayerInfo	32	27
	32	27
	27	22
	28	23
	29	24
	30	25
	31	26
net/minecraft/client/gui/font/package-info	0	0
com/mojang/realmsclient/gui/screens/RealmsGenericErrorScreen	72	69
	32	29
	64	60
	65	61
	66	62
	35	32
	67	63
	36	33
	39	36
	71	67
	40	37
	72	69
	41	38
	42	39
	46	43
	47	44
	48	45
	19	18
	52	49
	53	50
	57	54
	27	24
	28	25
	62	59
	31	28
net/minecraft/client/gui/render/pip/GuiEntityRenderer	49	47
	32	30
	34	31
	35	32
	36	33
	37	34
	39	37
	40	38
	44	42
	49	47
	19	18
	20	19
	24	23
	29	27
	30	28
	31	29
net/minecraft/client/gui/screens/friends/FriendsListConfirmScreen	57	71
	16	17
	17	18
	18	19
	23	26
	24	27
	28	31
	29	32
	30	33
	31	34
	32	35
	33	36
	34	37
	35	38
	36	39
	37	45
	38	51
	40	53
	41	54
	42	55
	43	56
	44	57
	49	62
	50	63
	52	66
	53	67
	54	68
	55	69
	57	71
net/minecraft/client/gui/screens/PrivacyConfirmLinkScreen	73	56
	64	48
	65	49
	67	50
	68	51
	70	54
	71	55
	73	56
	19	16
	20	16
	21	17
	26	21
	27	22
	28	23
	32	27
	34	28
	35	28
	36	28
	37	28
	39	29
	40	29
	41	29
	42	29
	44	30
	46	31
	47	32
	48	33
	50	34
	51	35
	52	36
	56	40
	57	41
	60	44
	61	45
net/minecraft/client/gui/screens/worldselection/AbstractGameRulesScreen	347	308
	256	226
	257	227
	261	231
	262	232
	263	233
	264	234
	265	235
	274	252
	275	258
	277	259
	278	260
	281	263
	282	264
	283	265
	285	266
	45	40
	47	41
	61	52
	62	53
	63	54
	64	55
	65	56
	323	267
	68	59
	324	272
	69	60
	325	279
	70	61
	326	280
	71	62
	327	282
	330	291
	75	66
	331	292
	76	67
	332	293
	77	68
	333	294
	78	69
	80	70
	337	298
	82	71
	83	72
	84	73
	85	74
	86	75
	342	303
	87	76
	343	304
	344	305
	345	306
	347	308
	95	84
	96	85
	97	86
	99	88
	103	92
	104	93
	106	95
	109	98
	110	99
	111	100
	114	103
	115	104
	116	105
	119	108
	120	109
	122	111
	125	114
	126	115
	129	118
	130	119
	133	122
	134	123
	135	124
	136	125
	138	127
	144	242
	145	243
	152	154
	153	155
	154	156
	158	160
	159	161
	163	165
	168	170
	192	184
	193	185
	194	186
	198	190
	203	195
	207	199
	208	200
	209	201
	210	202
	211	203
	213	205
	220	133
	221	134
	222	135
	223	136
	224	137
	225	138
	226	139
	230	143
	231	144
	232	145
	233	146
	234	147
	241	212
	243	213
	244	214
	245	215
	246	216
	247	217
	248	218
	249	219
	250	220
	252	222
	253	223
	255	225
net/minecraft/client/particle/FlameParticle	61	80
	33	35
	40	42
	41	43
	11	13
	12	14
	45	56
	46	56
	16	18
	21	23
	22	24
	54	64
	23	25
	55	65
	27	29
	59	78
	28	30
	60	79
	61	80
com/mojang/realmsclient/gui/screens/RealmsDownloadLatestWorldScreen	280	266
	257	242
	258	243
	259	244
	260	246
	261	247
	262	248
	263	249
	264	250
	266	253
	267	257
	269	254
	272	258
	273	259
	275	261
	276	262
	279	265
	280	266
	29	26
	58	50
	65	56
	66	57
	67	58
	68	59
	69	60
	70	61
	71	62
	72	63
	73	64
	77	69
	78	69
	79	71
	80	72
	83	75
	84	87
	86	76
	88	77
	89	78
	90	79
	92	80
	93	81
	94	82
	97	84
	99	87
	102	90
	107	95
	109	96
	111	97
	112	97
	113	98
	114	99
	117	101
	120	104
	121	105
	122	106
	123	107
	124	108
	125	109
	127	112
	128	113
	130	116
	135	121
	136	122
	137	123
	139	126
	140	127
	144	131
	146	132
	148	133
	150	134
	151	135
	154	138
	155	139
	156	140
	159	143
	160	144
	162	146
	165	149
	167	150
	168	151
	171	154
	172	155
	175	158
	176	159
	178	160
	179	161
	180	162
	181	163
	183	164
	184	165
	187	168
	188	169
	189	170
	190	171
	191	172
	193	175
	194	176
	196	179
	197	180
	199	182
	201	184
	204	187
	205	188
	206	189
	209	193
	212	261
	214	199
	215	200
	219	204
	220	205
	224	209
	226	210
	227	211
	229	213
	230	214
	231	215
	232	216
	233	217
	237	221
	238	222
	239	223
	241	226
	244	229
	245	230
	246	231
	251	236
	252	237
	253	238
com/mojang/realmsclient/dto/RealmsConfigurationDto	0	0
com/mojang/blaze3d/audio/Channel	181	166
	129	116
	130	117
	133	120
	134	121
	137	124
	138	125
	139	126
	140	127
	141	128
	144	131
	18	15
	148	135
	150	137
	151	138
	152	139
	154	140
	157	143
	158	144
	31	24
	33	25
	161	147
	34	26
	35	26
	164	150
	37	26
	165	151
	166	152
	168	154
	41	30
	42	31
	171	157
	45	34
	173	158
	46	35
	174	159
	47	36
	175	160
	48	37
	176	161
	177	162
	50	39
	178	163
	51	40
	52	41
	181	166
	54	44
	55	45
	58	48
	59	49
	61	51
	64	54
	65	55
	68	58
	69	58
	71	58
	75	62
	76	63
	78	65
	81	68
	82	69
	84	71
	87	74
	88	75
	89	76
	91	78
	94	81
	98	85
	102	89
	103	90
	106	93
	107	94
	110	97
	111	98
	114	101
	115	102
	118	105
	119	106
	122	109
	123	110
	124	111
	125	112
	126	113
net/minecraft/client/model/animal/goat/GoatModel	69	70
	64	66
	66	67
	67	68
	69	70
	15	14
	16	15
	19	18
	20	19
	22	20
	23	22
	24	23
	25	25
	26	28
	27	30
	29	32
	30	33
	31	33
	32	33
	34	35
	35	36
	36	36
	37	36
	39	38
	40	40
	41	40
	42	41
	44	43
	45	45
	46	45
	47	45
	48	46
	51	48
	52	51
	53	54
	54	57
	56	60
	61	64
	63	65
net/minecraft/client/renderer/UiLightmap	25	23
	16	14
	19	17
	24	22
	25	23
	12	8
	13	11
	14	12
	15	13
net/minecraft/client/renderer/feature/phase/FeatureRenderPhase	26	28
	20	21
	21	22
	22	23
	24	26
	26	28
net/minecraft/client/model/animal/goat/package-info	0	0
net/minecraft/client/model/object/armorstand/ArmorStandArmorModel	80	62
	65	50
	66	51
	67	52
	69	53
	70	54
	71	55
	73	56
	74	57
	75	58
	77	59
	78	60
	79	61
	80	62
	18	16
	19	17
	22	20
	23	21
	27	25
	28	26
	29	27
	30	28
	31	28
	32	28
	34	30
	35	30
	36	30
	39	31
	40	32
	41	32
	42	32
	44	34
	45	36
	46	36
	47	37
	50	39
	55	43
	57	44
	58	45
	59	46
	61	47
	62	48
	63	49
net/minecraft/client/renderer/item/SelectItemModel	135	147
	132	55
	133	57
	134	58
	135	60
	30	29
	31	30
	32	31
	36	43
	37	44
	38	45
	39	46
	46	67
	47	69
	48	70
	49	71
	50	73
	54	78
	59	83
	60	84
	61	85
	66	90
	67	91
	68	92
	75	97
	78	100
	79	102
	80	103
	82	104
	83	106
	84	107
	88	111
	89	112
	93	118
	94	119
	96	122
	97	123
	98	125
	99	126
	100	127
	102	130
	103	129
	105	131
	107	134
	109	135
	110	136
	113	138
	114	138
	116	138
	121	144
	122	145
	124	147
net/minecraft/client/renderer/entity/state/ChickenRenderState	0	0
com/mojang/realmsclient/client/worldupload/RealmsUploadWorldPacker	83	82
	64	63
	65	66
	66	66
	68	68
	69	69
	71	70
	72	71
	73	72
	77	76
	80	79
	81	80
	83	82
	23	21
	27	25
	28	26
	29	27
	32	30
	34	33
	35	34
	36	35
	37	36
	38	37
	39	38
	41	41
	42	42
	43	43
	45	45
	46	46
	52	52
	53	53
	55	56
	57	57
	58	58
	59	59
	60	60
	62	61
	63	62
net/minecraft/client/renderer/entity/state/EvokerFangsRenderState	0	0
net/minecraft/client/renderer/blockentity/AbstractEndPortalRenderer	72	74
	64	66
	67	69
	68	70
	71	73
	72	74
	24	23
	25	24
	27	26
	28	28
	29	29
	30	30
	31	31
	32	32
	33	33
	37	37
	38	38
	39	39
	43	44
	44	45
	45	47
	46	48
	47	49
	50	52
	53	57
	54	66
	56	58
	57	59
	58	60
	59	60
	60	61
	63	64
net/minecraft/client/gui/screens/inventory/SmithingScreen	192	185
	128	119
	129	120
	130	121
	131	122
	133	123
	134	124
	135	125
	136	126
	137	127
	139	129
	140	130
	142	132
	145	136
	146	139
	147	142
	150	146
	151	147
	155	150
	30	28
	31	29
	159	154
	32	31
	160	155
	33	33
	34	34
	162	157
	35	36
	165	160
	167	161
	168	162
	171	165
	172	166
	173	167
	175	168
	176	169
	49	47
	177	170
	50	48
	179	172
	180	173
	181	174
	182	175
	183	176
	188	181
	189	182
	63	60
	64	61
	192	185
	65	62
	67	63
	68	64
	69	65
	70	66
	71	67
	72	68
	76	72
	77	73
	81	77
	83	78
	84	79
	85	80
	86	81
	87	82
	90	85
	91	86
	92	86
	94	86
	99	91
	100	92
	101	93
	105	97
	106	98
	107	99
	108	100
	110	101
	111	102
	112	103
	113	104
	114	105
	115	106
	119	110
	120	111
	122	113
	125	116
	126	117
	127	118
net/minecraft/client/renderer/entity/CatRenderer	60	53
	34	31
	35	32
	36	33
	37	34
	38	35
	39	36
	40	37
	41	38
	42	39
	43	40
	44	41
	48	44
	17	18
	50	45
	19	19
	51	46
	20	20
	52	47
	53	48
	24	23
	56	49
	57	50
	60	53
	29	27
net/minecraft/client/model/animal/camel/BabyCamelModel	78	58
	64	50
	65	50
	67	52
	68	53
	69	53
	70	53
	72	55
	73	56
	74	56
	75	56
	78	58
	15	14
	24	22
	27	25
	28	26
	30	27
	31	28
	32	28
	33	28
	35	30
	36	30
	37	30
	38	30
	40	31
	41	33
	42	34
	43	36
	44	38
	45	40
	47	42
	48	43
	49	43
	50	43
	52	45
	53	45
	54	45
	55	45
	57	46
	58	47
	59	47
	60	47
	62	49
	63	50
net/minecraft/client/renderer/texture/atlas/sources/PalettedPermutations	137	145
	128	136
	130	138
	136	144
	137	145
	38	33
	41	35
	42	37
	43	38
	44	39
	45	40
	46	42
	49	46
	50	47
	54	51
	55	52
	56	55
	57	56
	59	60
	60	61
	61	62
	62	63
	63	64
	66	66
	67	68
	68	69
	69	70
	72	74
	75	77
	76	78
	77	79
	80	82
	81	84
	82	85
	83	86
	84	87
	88	91
	89	92
	90	93
	91	94
	94	97
	95	98
	96	99
	97	100
	102	105
	103	106
	104	107
	105	108
	107	112
	108	115
	109	116
	110	117
	111	118
	117	124
	124	132
	125	133
	126	134
	127	135
net/minecraft/client/gui/screens/inventory/LecternScreen	116	109
	66	58
	67	59
	68	60
	69	61
	70	62
	72	64
	74	66
	78	70
	79	71
	19	16
	83	75
	84	76
	88	80
	89	81
	26	20
	90	82
	27	21
	92	84
	31	24
	32	25
	96	89
	97	90
	34	27
	101	94
	38	31
	39	32
	105	98
	106	99
	43	35
	107	100
	110	103
	111	104
	48	40
	49	41
	50	42
	115	108
	116	109
	54	46
	55	47
	56	48
	60	52
	61	53
	62	54
net/minecraft/client/renderer/item/ItemStackRenderState	249	252
	29	31
	44	39
	45	40
	46	41
	47	42
	48	44
	49	45
	52	48
	55	51
	56	52
	60	56
	63	58
	64	59
	66	62
	67	63
	68	64
	69	65
	70	66
	73	69
	74	70
	77	73
	83	77
	87	80
	91	84
	96	88
	100	92
	101	92
	103	92
	107	96
	108	97
	109	99
	110	100
	111	101
	112	102
	113	103
	114	105
	115	106
	117	109
	119	111
	122	116
	123	117
	125	119
	128	122
	129	123
	131	126
	132	127
	133	128
	134	129
	135	130
	139	134
	140	135
	143	138
	153	148
	154	149
	155	150
	173	163
	174	164
	175	165
	176	166
	177	167
	178	168
	180	171
	181	172
	182	173
	183	174
	184	175
	185	176
	188	179
	192	183
	193	184
	196	187
	197	188
	200	191
	201	192
	204	195
	205	196
	208	199
	209	200
	212	203
	213	204
	214	205
	219	208
	223	212
	224	213
	227	216
	228	217
	230	220
	234	226
	235	227
	237	228
	238	229
	240	240
	241	241
	243	246
	244	247
	247	250
	248	251
	249	252
net/minecraft/client/renderer/state/level/BlockOutlineRenderState	10	19
	9	18
	10	19
net/minecraft/client/model/monster/creaking/package-info	0	0
net/minecraft/client/multiplayer/chat/LoggedChatEvent	33	30
	16	15
	33	30
	23	21
	24	22
	25	23
	10	9
	28	26
	15	14
net/minecraft/client/gui/screens/dialog/input/InputControlHandler	0	0
net/minecraft/client/gui/screens/FaviconTexture	85	88
	65	68
	68	71
	73	76
	74	77
	75	78
	13	12
	78	81
	82	85
	83	86
	85	88
	24	21
	25	22
	26	23
	29	28
	33	35
	37	39
	38	56
	39	57
	42	41
	44	42
	45	43
	47	45
	48	46
	50	49
	51	50
	52	51
	53	52
	54	53
	56	59
	59	62
	60	63
	61	64
	62	65
	63	66
net/minecraft/client/renderer/UniformValue	179	177
	131	148
	132	149
	136	153
	137	154
	141	158
	16	16
	146	163
	150	167
	151	168
	25	102
	26	103
	27	104
	155	172
	28	105
	156	173
	29	106
	30	107
	31	108
	160	177
	34	110
	165	82
	40	115
	169	87
	41	116
	170	88
	42	117
	174	92
	46	120
	175	93
	51	63
	179	97
	55	67
	56	68
	60	72
	61	73
	65	77
	70	44
	74	48
	75	49
	79	53
	80	54
	84	58
	89	25
	93	29
	94	30
	98	34
	99	35
	103	39
	108	125
	112	129
	113	130
	117	134
	118	135
	122	139
	127	144
net/minecraft/client/gui/screens/dialog/body/DialogBodyHandler	0	0
com/mojang/blaze3d/vulkan/DestructionQueue	57	55
	34	32
	35	33
	36	34
	38	37
	39	38
	40	39
	42	40
	13	12
	14	13
	46	44
	15	15
	47	45
	16	16
	48	46
	18	18
	52	50
	22	22
	23	23
	24	24
	57	55
	27	27
	30	30
	31	31
net/minecraft/client/gui/components/FittingMultiLineTextWidget	60	60
	32	32
	36	36
	37	37
	40	40
	13	13
	45	45
	14	14
	46	46
	15	15
	47	47
	48	48
	49	49
	19	19
	20	20
	21	21
	53	53
	54	54
	25	25
	58	58
	59	59
	60	60
	29	29
	30	30
net/minecraft/client/particle/FireworkParticles	352	386
	256	94
	257	95
	258	96
	260	97
	262	98
	263	99
	264	100
	267	103
	268	104
	271	107
	272	108
	276	112
	277	113
	279	115
	25	168
	283	119
	285	120
	286	122
	287	124
	288	125
	289	126
	290	127
	291	128
	292	129
	293	130
	294	131
	39	172
	296	134
	297	135
	299	137
	304	51
	305	52
	306	53
	310	57
	54	194
	55	195
	56	196
	57	197
	58	198
	315	62
	316	63
	60	199
	317	64
	61	200
	64	203
	321	68
	65	204
	67	206
	68	207
	69	208
	70	209
	71	210
	329	28
	330	29
	74	213
	334	42
	78	217
	335	43
	79	218
	336	44
	337	45
	81	219
	82	220
	83	221
	85	223
	86	224
	87	225
	88	226
	345	144
	346	145
	350	159
	94	232
	351	161
	95	233
	352	162
	97	235
	99	238
	102	241
	103	242
	104	243
	106	244
	107	245
	108	246
	109	247
	111	248
	112	249
	115	252
	116	254
	117	257
	118	260
	127	263
	136	266
	139	269
	140	270
	142	273
	143	274
	144	275
	145	276
	146	277
	147	278
	149	281
	151	283
	154	286
	155	287
	160	302
	161	303
	162	304
	163	305
	165	306
	166	307
	167	308
	169	310
	172	315
	173	316
	174	317
	176	319
	177	320
	178	321
	179	322
	180	323
	181	324
	182	325
	184	326
	186	327
	187	328
	192	333
	195	344
	196	345
	198	346
	200	347
	201	348
	202	350
	203	351
	205	352
	206	353
	208	355
	209	356
	210	357
	212	359
	213	360
	214	361
	216	362
	217	363
	219	365
	220	366
	223	370
	224	371
	227	374
	230	377
	231	378
	233	380
	234	381
	235	382
	236	383
	238	384
	240	386
	254	92
	255	93
net/minecraft/client/sounds/FloatSampleSource	29	29
	16	14
	17	16
	20	19
	25	24
	26	26
	29	29
com/mojang/blaze3d/vulkan/checkpoints/CheckpointExtension	0	0
net/minecraft/client/model/object/skull/DragonHeadModel	56	48
	17	15
	18	16
	19	17
	20	18
	23	21
	24	22
	26	23
	27	24
	28	26
	29	27
	30	28
	31	29
	32	30
	33	31
	34	32
	35	33
	36	34
	37	35
	40	37
	41	38
	42	38
	43	38
	46	40
	51	44
	52	45
	54	46
	55	47
	56	48
net/minecraft/client/renderer/state/gui/pip/GuiBookModelRenderState	12	34
	11	33
	12	34
net/minecraft/client/StringSplitter	421	408
	28	24
	29	25
	32	28
	33	29
	36	32
	37	33
	38	34
	39	35
	41	37
	45	41
	46	42
	47	43
	48	44
	50	46
	54	50
	55	51
	56	52
	57	53
	59	55
	67	389
	68	390
	72	393
	73	394
	74	395
	75	396
	77	398
	81	403
	85	407
	86	408
	90	59
	91	60
	92	61
	96	65
	100	69
	101	70
	102	71
	103	72
	104	73
	105	74
	108	77
	109	78
	112	80
	116	84
	118	85
	123	89
	124	90
	125	91
	126	92
	127	93
	129	96
	131	98
	132	99
	134	102
	136	105
	152	314
	153	315
	157	318
	158	319
	160	321
	162	323
	163	324
	166	326
	167	327
	168	328
	169	333
	170	333
	172	333
	175	329
	176	330
	177	331
	183	339
	184	340
	185	341
	189	345
	193	349
	197	353
	201	357
	202	358
	206	109
	207	110
	208	111
	212	115
	213	116
	214	117
	216	119
	217	120
	218	121
	219	122
	221	125
	222	126
	225	129
	227	130
	228	131
	229	132
	230	133
	231	134
	232	135
	233	136
	234	137
	236	139
	239	142
	240	143
	242	145
	243	146
	249	152
	258	156
	259	157
	260	158
	261	160
	262	161
	263	162
	264	163
	265	164
	266	165
	268	168
	269	169
	271	170
	272	171
	273	172
	274	173
	276	175
	279	178
	280	179
	281	180
	289	366
	290	367
	291	368
	295	371
	300	375
	309	240
	310	241
	311	242
	314	245
	318	249
	319	250
	320	251
	321	252
	322	254
	323	255
	324	256
	325	257
	327	258
	328	259
	329	260
	330	261
	331	262
	333	264
	334	265
	335	266
	337	269
	338	270
	342	274
	343	275
	344	285
	345	286
	347	276
	348	277
	349	278
	351	280
	358	290
	359	291
	363	295
	364	296
	365	297
	366	298
	371	184
	372	185
	373	186
	377	190
	379	191
	380	192
	381	193
	383	196
	386	198
	387	199
	388	200
	389	201
	390	203
	391	204
	392	205
	393	207
	394	208
	395	209
	397	210
	398	211
	400	212
	402	213
	403	214
	404	215
	405	216
	406	217
	407	218
	408	219
	409	220
	411	223
	415	227
	416	228
	417	229
	418	230
	419	231
	421	233
net/minecraft/client/renderer/entity/layers/FoxHeldItemLayer	68	59
	65	56
	67	57
	68	59
	15	14
	16	15
	20	25
	21	26
	22	59
	25	27
	26	28
	28	29
	30	30
	33	31
	34	32
	35	33
	39	36
	40	37
	41	38
	44	39
	45	40
	46	41
	48	43
	51	45
	52	46
	54	48
	59	51
	61	52
	62	53
com/mojang/realmsclient/exception/package-info	0	0
net/minecraft/client/gui/spectator/categories/TeleportToPlayerMenuCategory	68	66
	64	62
	34	32
	35	33
	36	34
	68	66
	37	35
	38	36
	39	37
	43	41
	48	46
	53	51
	22	21
	54	52
	23	22
	24	23
	25	24
	58	56
	30	28
	31	29
	63	61
net/minecraft/client/renderer/entity/GoatRenderer	34	31
	16	16
	32	29
	33	30
	34	31
	20	19
	25	23
	11	11
	12	12
	30	27
	15	15
	31	28
net/minecraft/client/gui/components/debug/DebugEntryLookingAtEntity	30	32
	16	14
	20	23
	21	24
	22	25
	23	26
	24	27
	25	28
	29	31
	30	32
net/minecraft/client/gui/screens/inventory/CreativeModeInventoryScreen	1074	1024
	1025	1020
	1030	1024
	1036	870
	1037	871
	1041	874
	1042	875
	1043	876
	1044	876
	1046	877
	1051	843
	1052	844
	1053	845
	1054	846
	1056	847
	1057	848
	1058	850
	1059	851
	1060	852
	1061	853
	1063	856
	1064	857
	1065	858
	1066	859
	1067	860
	1068	861
	1069	862
	1070	863
	1072	864
	1074	866
	61	65
	62	66
	64	68
	65	68
	66	69
	67	70
	68	71
	69	72
	70	73
	71	74
	73	77
	74	77
	75	78
	76	79
	77	80
	78	81
	79	82
	80	83
	82	86
	83	86
	84	87
	85	88
	86	89
	87	90
	88	91
	89	92
	91	95
	92	95
	93	96
	94	97
	95	98
	96	99
	97	100
	98	101
	107	109
	108	110
	110	111
	130	886
	131	887
	133	888
	134	890
	135	891
	136	892
	140	896
	142	897
	143	898
	147	901
	151	905
	155	909
	159	913
	163	917
	167	921
	168	923
	169	924
	170	925
	171	926
	172	927
	174	929
	178	933
	181	936
	186	940
	187	941
	189	942
	190	943
	194	947
	199	951
	204	955
	209	959
	214	963
	215	964
	219	125
	220	126
	221	127
	222	128
	223	129
	224	130
	227	133
	231	137
	232	138
	233	139
	234	140
	235	141
	236	142
	237	143
	239	145
	244	150
	247	155
	248	156
	251	159
	252	160
	253	161
	254	162
	257	165
	261	169
	262	170
	263	171
	264	172
	266	174
	271	177
	272	178
	273	179
	277	183
	279	184
	280	185
	281	186
	282	187
	283	188
	286	191
	290	195
	291	196
	292	197
	295	200
	296	201
	297	202
	298	322
	300	203
	302	204
	303	223
	304	224
	306	227
	307	228
	308	229
	309	230
	311	232
	313	233
	314	234
	315	235
	316	236
	317	237
	318	238
	319	239
	321	240
	322	241
	323	242
	324	243
	325	244
	327	246
	328	250
	331	252
	333	253
	334	254
	336	255
	337	256
	338	257
	339	258
	342	261
	343	264
	344	265
	345	266
	346	267
	349	270
	350	273
	351	274
	352	275
	353	276
	354	277
	357	280
	360	283
	362	284
	363	285
	364	286
	366	287
	367	288
	371	291
	373	293
	375	296
	376	297
	377	298
	378	299
	382	294
	383	295
	385	301
	386	302
	387	303
	389	304
	390	305
	391	306
	393	308
	394	309
	398	310
	399	311
	400	312
	401	313
	402	314
	405	317
	410	205
	411	206
	412	207
	414	210
	415	211
	416	212
	417	213
	419	216
	420	217
	421	218
	422	219
	426	322
	429	325
	434	330
	435	331
	437	332
	438	333
	439	334
	440	335
	441	336
	442	337
	443	338
	445	339
	446	340
	447	341
	449	342
	450	343
	451	344
	452	345
	453	346
	456	349
	458	351
	462	355
	464	356
	465	357
	466	358
	468	359
	469	360
	472	363
	473	364
	474	365
	478	369
	480	370
	481	371
	483	373
	487	377
	488	378
	490	381
	491	382
	493	385
	494	386
	495	387
	496	388
	498	391
	500	393
	505	399
	506	400
	508	402
	509	402
	512	402
	517	408
	518	409
	519	410
	520	411
	521	412
	522	413
	524	415
	527	418
	528	419
	529	420
	532	421
	533	422
	536	425
	537	426
	538	427
	539	428
	542	431
	544	433
	546	433
	548	433
	553	440
	554	441
	558	445
	559	446
	561	447
	562	448
	563	449
	565	451
	566	452
	568	453
	569	455
	570	456
	571	457
	572	458
	574	460
	576	463
	580	467
	581	468
	582	469
	585	472
	588	474
	589	475
	591	477
	592	478
	593	479
	596	482
	597	483
	601	487
	602	488
	604	490
	608	494
	609	495
	610	496
	612	498
	613	499
	614	500
	618	504
	619	505
	620	506
	624	510
	629	515
	630	516
	631	517
	633	518
	635	520
	636	521
	637	522
	638	523
	643	528
	647	532
	651	536
	652	537
	654	538
	655	539
	656	540
	657	541
	658	543
	659	544
	660	545
	661	546
	662	547
	663	548
	664	549
	666	550
	667	551
	668	552
	669	553
	671	555
	675	559
	678	562
	679	563
	682	566
	683	567
	685	568
	686	569
	688	572
	689	574
	692	577
	693	578
	694	579
	695	580
	697	581
	698	582
	699	583
	700	584
	701	585
	702	586
	703	587
	704	588
	706	590
	707	591
	708	592
	710	593
	712	594
	713	595
	715	597
	719	601
	720	602
	723	605
	724	606
	725	607
	726	608
	727	609
	728	610
	731	613
	732	614
	733	615
	734	616
	735	617
	736	618
	738	621
	740	623
	741	624
	742	625
	743	626
	746	629
	747	630
	748	631
	752	635
	753	636
	756	639
	757	640
	759	643
	760	644
	761	645
	766	650
	767	651
	768	652
	772	656
	773	657
	775	658
	776	659
	777	660
	778	661
	779	662
	785	667
	786	668
	787	669
	789	670
	790	671
	791	672
	793	673
	795	675
	800	681
	801	682
	802	684
	803	685
	808	690
	809	693
	811	695
	815	699
	820	704
	821	705
	822	706
	824	707
	825	708
	826	709
	827	710
	828	711
	831	714
	832	718
	834	719
	835	720
	836	721
	837	722
	839	724
	842	727
	843	729
	844	730
	845	731
	849	735
	852	715
	857	740
	858	742
	859	743
	860	744
	864	748
	866	751
	867	752
	868	753
	870	755
	874	759
	876	760
	877	761
	878	762
	880	763
	881	764
	882	765
	885	768
	887	769
	888	771
	890	774
	893	777
	894	778
	895	779
	897	780
	898	781
	900	784
	904	788
	905	789
	906	790
	908	792
	910	795
	914	799
	915	800
	916	801
	920	805
	921	806
	922	807
	923	808
	924	809
	927	811
	931	816
	932	817
	933	818
	934	819
	935	820
	938	822
	939	823
	941	825
	944	828
	945	829
	948	832
	950	833
	951	834
	952	835
	953	836
	956	839
	964	971
	965	972
	966	973
	970	976
	971	977
	975	980
	980	984
	985	988
	990	992
	991	993
	995	996
	996	997
	1000	1000
	1001	1001
	1005	1004
	1010	1008
	1015	1012
	1020	1016
net/minecraft/client/renderer/entity/state/ItemDisplayEntityRenderState	10	10
	10	10
net/minecraft/client/model/monster/zombie/AbstractZombieModel	18	16
	17	15
	18	16
	10	10
	11	11
	15	14
net/minecraft/client/sounds/SoundPreviewHandler	46	47
	34	35
	37	38
	38	39
	39	40
	40	41
	43	44
	46	47
	16	17
	17	18
	18	19
	19	20
	20	21
	21	22
	22	23
	23	24
	24	25
	25	26
	26	27
	27	28
	29	30
	30	31
	31	32
net/minecraft/client/model/object/banner/BannerModel	41	34
	32	28
	36	31
	37	32
	22	21
	38	32
	23	22
	41	34
	26	25
	27	26
	29	27
	30	28
	31	28
com/mojang/blaze3d/opengl/GlProgram	171	165
	130	123
	131	125
	132	126
	133	127
	134	128
	135	129
	136	130
	137	131
	139	133
	143	137
	147	141
	148	142
	149	143
	22	21
	152	146
	25	22
	153	147
	158	152
	32	23
	163	157
	167	161
	41	29
	42	30
	43	31
	171	165
	46	36
	47	37
	48	38
	51	41
	52	42
	53	44
	54	45
	58	46
	60	47
	61	48
	62	49
	64	52
	65	53
	69	58
	70	59
	71	60
	73	61
	74	62
	76	63
	77	71
	78	64
	79	65
	82	68
	86	77
	87	78
	88	79
	89	80
	90	81
	92	83
	93	84
	94	86
	96	88
	97	89
	98	90
	100	92
	101	93
	102	94
	105	98
	106	99
	107	100
	108	101
	110	103
	111	104
	114	108
	117	109
	120	113
	121	114
	122	115
	123	116
	126	118
	127	119
net/minecraft/client/gui/BundleMouseActions	73	70
	64	62
	65	63
	66	64
	69	66
	72	69
	73	70
	21	19
	22	20
	23	21
	27	25
	32	30
	33	31
	34	32
	37	35
	38	36
	39	37
	40	38
	41	39
	42	40
	43	41
	46	45
	51	50
	52	51
	56	55
	57	56
	59	58
	62	61
	63	61
net/minecraft/client/renderer/entity/state/GoatRenderState	5	5
	4	4
	5	5
net/minecraft/client/multiplayer/ClientRecipeContainer	27	24
	16	15
	17	16
	18	17
	22	20
	27	24
net/minecraft/client/renderer/debug/GoalSelectorDebugRenderer	42	41
	32	31
	33	32
	34	33
	35	34
	36	35
	37	36
	38	37
	41	40
	42	41
	21	20
	22	21
	26	27
	28	28
	30	29
	31	30
net/minecraft/client/gui/contextualbar/LocatorBar	94	88
	64	57
	66	58
	67	59
	69	60
	70	61
	72	64
	73	65
	74	65
	77	67
	78	68
	80	69
	81	70
	19	19
	20	20
	84	73
	21	21
	85	74
	86	75
	88	77
	89	78
	91	81
	93	85
	94	88
	33	31
	34	32
	38	36
	39	37
	43	41
	45	42
	46	43
	47	88
	49	44
	50	45
	51	46
	53	47
	54	54
	56	85
	59	55
	60	56
	61	85
net/minecraft/client/renderer/entity/state/TropicalFishRenderState	9	8
	7	6
	8	7
	9	8
net/minecraft/client/renderer/entity/FoxRenderer	84	80
	64	62
	69	66
	74	70
	75	71
	76	72
	77	73
	78	74
	79	75
	80	76
	81	77
	82	78
	83	79
	20	20
	84	80
	21	21
	22	22
	23	23
	25	24
	26	25
	27	26
	28	27
	30	30
	42	44
	44	45
	45	46
	49	49
	51	50
	52	51
	54	53
	58	56
	59	57
	60	58
	63	61
net/minecraft/client/gui/components/AbstractWidget	346	336
	256	246
	257	247
	259	249
	262	252
	266	256
	271	261
	272	262
	276	266
	281	271
	282	272
	285	275
	289	279
	294	284
	295	285
	298	288
	299	289
	300	290
	48	44
	304	294
	49	45
	50	46
	51	47
	52	48
	308	298
	53	49
	312	302
	57	53
	313	303
	314	304
	62	58
	318	308
	63	63
	66	59
	322	312
	67	60
	323	313
	69	61
	70	63
	73	66
	329	319
	74	67
	77	70
	333	323
	78	71
	334	324
	335	325
	80	73
	83	76
	339	329
	84	77
	87	80
	88	81
	344	334
	345	335
	346	336
	91	84
	95	88
	101	94
	102	95
	103	96
	104	97
	105	98
	106	99
	109	102
	112	105
	115	108
	119	112
	120	113
	122	116
	123	117
	124	118
	125	119
	126	120
	127	121
	130	125
	135	130
	136	131
	137	132
	139	134
	143	139
	148	144
	149	145
	150	146
	152	148
	157	154
	158	155
	161	157
	162	157
	164	157
	169	163
	173	167
	174	168
	177	171
	178	172
	182	176
	186	180
	187	181
	190	184
	191	185
	194	188
	195	189
	198	192
	202	196
	203	197
	206	200
	211	205
	215	209
	219	213
	224	218
	230	223
	231	224
	235	228
	236	229
	238	231
	239	231
	241	231
	246	237
	247	238
	248	239
	254	244
	255	245
com/mojang/blaze3d/platform/PolygonMode	0	0
net/minecraft/client/renderer/chunk/CompiledSectionMesh	110	110
	67	67
	72	72
	77	77
	81	81
	18	17
	85	85
	24	23
	89	89
	90	90
	93	93
	94	94
	33	31
	34	32
	98	98
	37	35
	38	36
	102	102
	39	37
	40	38
	41	39
	42	41
	43	43
	107	107
	44	44
	108	108
	109	109
	110	110
	47	47
	48	48
	52	52
	57	57
	62	62
net/minecraft/client/data/Main	56	52
	23	24
	25	25
	26	26
	27	27
	28	28
	29	29
	30	30
	32	31
	33	42
	34	44
	37	32
	38	33
	39	34
	41	35
	42	36
	44	37
	45	38
	46	39
	47	40
	48	44
	51	47
	52	48
	53	49
	54	50
	55	51
	56	52
net/minecraft/client/renderer/entity/layers/EnergySwirlLayer	28	38
	16	15
	20	21
	21	38
	24	22
	25	23
	27	24
	28	38
	15	14
com/mojang/blaze3d/systems/DeviceFeatures	0	0
com/mojang/blaze3d/vulkan/VulkanQueue	128	128
	128	128
	18	19
	19	20
	22	23
	23	24
	24	25
	25	26
	30	31
	34	35
	35	36
	53	43
	54	44
	57	47
	58	48
	60	51
	61	52
	63	55
	64	56
	67	59
	68	60
	70	63
	71	64
	73	67
	74	68
	77	71
	78	72
	80	75
	81	76
	87	80
	88	81
	89	83
	90	84
	91	85
	92	86
	93	87
	94	88
	95	90
	96	91
	97	92
	98	93
	99	94
	100	95
	103	99
	104	100
	105	101
	106	103
	107	104
	108	105
	109	106
	112	110
	113	111
	114	112
	115	114
	116	115
	117	116
	118	117
	119	118
	120	119
	124	124
	125	125
	126	126
net/minecraft/client/gui/components/ObjectSelectionList	80	78
	64	62
	65	63
	67	65
	74	72
	14	15
	79	77
	80	78
	17	18
	18	19
	22	23
	24	24
	27	27
	28	28
	29	29
	30	30
	32	33
	33	34
	34	35
	38	36
	39	37
	40	38
	41	39
	43	42
	44	42
	46	42
	48	44
	53	50
	54	51
	55	52
	56	53
	58	55
	59	56
	60	57
	61	58
net/minecraft/client/renderer/rendertype/package-info	0	0
net/minecraft/client/renderer/entity/SlimeRenderer	33	31
	17	17
	33	31
	18	18
	22	22
	23	23
	24	24
	12	13
	28	27
	15	16
net/minecraft/client/gui/screens/multiplayer/JoinMultiplayerScreen	254	247
	29	29
	50	45
	51	46
	52	47
	56	51
	57	52
	58	53
	60	54
	62	57
	63	58
	64	59
	65	60
	68	63
	69	65
	71	66
	72	67
	73	68
	74	69
	76	70
	77	71
	78	72
	79	73
	81	75
	82	76
	83	77
	84	78
	85	79
	86	80
	87	81
	88	82
	89	83
	91	84
	92	85
	93	86
	94	87
	96	88
	97	89
	99	90
	101	92
	102	93
	103	94
	104	95
	105	96
	106	97
	107	98
	108	99
	109	100
	110	101
	112	102
	115	105
	116	106
	117	107
	119	109
	120	110
	121	111
	122	112
	126	116
	127	117
	128	118
	130	120
	134	124
	135	125
	139	129
	141	130
	142	131
	143	132
	146	135
	147	136
	151	140
	152	141
	153	142
	155	145
	156	146
	157	147
	160	150
	161	151
	164	154
	165	155
	166	156
	167	157
	168	158
	169	159
	171	162
	172	163
	175	166
	176	167
	177	168
	178	169
	179	170
	180	171
	181	172
	182	173
	184	176
	185	177
	188	180
	189	181
	190	182
	191	183
	192	184
	194	186
	195	187
	197	190
	198	191
	200	194
	201	195
	204	198
	205	199
	206	200
	207	201
	208	202
	209	203
	211	205
	214	208
	216	210
	220	214
	221	215
	223	216
	224	217
	225	218
	227	220
	231	225
	232	226
	235	229
	236	230
	237	231
	239	232
	240	233
	241	234
	242	235
	243	236
	244	237
	247	240
	250	243
	254	247
net/minecraft/client/gui/screens/options/controls/KeyBindsList	194	193
	128	126
	132	130
	133	131
	134	132
	135	133
	137	134
	138	135
	139	136
	141	137
	143	138
	144	139
	145	140
	146	141
	148	143
	152	147
	29	26
	157	152
	30	26
	31	26
	33	27
	162	157
	35	28
	163	158
	36	29
	164	159
	37	30
	165	160
	39	32
	167	161
	40	33
	168	162
	169	163
	42	34
	170	164
	43	35
	171	165
	44	36
	173	168
	174	169
	47	39
	48	40
	49	41
	50	42
	179	174
	52	45
	180	175
	181	179
	54	47
	183	181
	57	50
	58	51
	186	184
	59	52
	187	185
	189	193
	62	55
	63	56
	194	60
	73	67
	74	71
	78	75
	79	76
	80	77
	84	81
	89	86
	95	91
	99	99
	109	108
	110	109
	112	110
	113	111
	114	112
	115	113
	116	116
	117	117
	119	118
	121	120
	123	121
	124	122
	125	123
	126	124
	127	125
net/minecraft/client/renderer/RenderPipelines	849	875
	27	870
	28	871
	32	875
	35	29
	36	29
	37	29
	39	33
	40	34
	41	35
	42	36
	44	40
	45	41
	46	42
	48	46
	49	47
	50	48
	51	49
	52	50
	53	51
	54	52
	56	56
	57	57
	58	58
	59	59
	60	60
	61	61
	63	65
	64	66
	65	67
	66	68
	67	69
	69	73
	70	74
	71	75
	72	76
	73	77
	74	78
	75	79
	76	80
	78	84
	79	85
	80	86
	81	87
	82	88
	83	89
	84	90
	85	91
	86	92
	88	96
	89	97
	90	98
	91	99
	92	100
	93	101
	94	102
	95	103
	97	107
	98	108
	99	109
	100	110
	101	111
	102	112
	103	113
	104	114
	106	118
	107	119
	108	120
	109	121
	110	122
	111	123
	112	124
	113	125
	115	126
	116	127
	117	128
	118	129
	119	130
	120	131
	122	135
	123	136
	124	137
	125	138
	126	139
	127	140
	128	141
	129	142
	130	143
	131	144
	133	148
	134	149
	135	150
	136	151
	137	152
	138	153
	139	154
	140	155
	142	159
	143	160
	144	161
	145	162
	146	163
	147	164
	148	165
	149	166
	150	167
	152	171
	153	172
	154	173
	155	174
	156	175
	157	176
	158	177
	159	178
	160	179
	161	180
	163	184
	164	185
	165	186
	166	187
	167	188
	168	189
	169	190
	170	191
	172	195
	173	196
	174	197
	175	198
	177	202
	178	203
	179	204
	180	205
	181	206
	182	207
	183	208
	184	209
	186	213
	187	214
	188	215
	189	216
	190	217
	191	218
	192	219
	193	220
	194	221
	196	225
	197	226
	198	227
	199	228
	201	232
	202	233
	203	234
	204	235
	205	236
	206	237
	207	238
	208	239
	210	240
	211	241
	212	242
	214	243
	215	243
	216	243
	218	244
	219	244
	220	244
	222	245
	223	246
	224	246
	225	246
	227	248
	228	249
	229	249
	230	249
	232	251
	233	252
	234	252
	235	252
	240	254
	241	256
	242	257
	243	258
	244	259
	246	261
	247	263
	248	264
	249	265
	250	266
	251	267
	253	269
	254	271
	255	272
	256	273
	257	274
	258	275
	259	276
	261	278
	262	280
	263	281
	264	282
	265	283
	266	284
	267	285
	268	286
	270	288
	271	290
	272	291
	273	292
	274	293
	275	294
	276	295
	277	296
	279	298
	280	299
	281	299
	282	299
	284	301
	285	302
	286	302
	287	302
	289	304
	290	306
	291	307
	292	308
	293	309
	295	311
	296	313
	297	314
	298	315
	299	316
	300	317
	301	318
	303	320
	304	322
	305	323
	306	324
	307	325
	308	326
	309	327
	311	329
	312	331
	313	332
	314	333
	315	334
	316	335
	317	336
	318	337
	319	338
	321	340
	322	342
	323	343
	324	344
	325	345
	326	346
	327	347
	328	348
	330	350
	331	352
	332	353
	333	354
	334	355
	335	356
	336	357
	337	358
	338	359
	340	361
	341	363
	342	364
	343	365
	344	366
	345	367
	347	369
	348	371
	349	372
	350	373
	351	374
	352	375
	354	377
	355	379
	356	380
	357	381
	358	382
	359	383
	361	385
	362	387
	363	388
	364	389
	365	390
	366	391
	367	392
	368	393
	369	394
	371	396
	372	398
	373	399
	374	400
	375	401
	376	402
	377	403
	378	404
	379	405
	380	406
	381	407
	382	408
	383	409
	384	410
	385	411
	386	412
	388	414
	389	416
	390	417
	391	418
	392	419
	393	420
	394	421
	395	422
	396	423
	397	424
	398	425
	399	426
	400	427
	402	429
	403	431
	404	432
	405	433
	406	434
	407	435
	408	436
	409	437
	410	438
	411	439
	413	441
	414	442
	415	442
	416	442
	418	444
	419	446
	420	447
	421	448
	422	449
	424	451
	425	452
	426	452
	428	454
	429	456
	430	457
	431	458
	432	459
	434	461
	435	463
	436	464
	437	465
	438	466
	439	467
	440	468
	441	469
	442	470
	443	471
	445	473
	446	475
	447	476
	448	477
	449	478
	450	479
	451	480
	452	481
	453	482
	454	483
	456	485
	457	487
	458	488
	459	489
	460	490
	461	491
	462	492
	463	493
	464	494
	465	495
	466	496
	467	497
	468	498
	470	500
	471	502
	472	503
	473	504
	474	505
	475	506
	476	507
	477	508
	478	509
	479	510
	480	511
	481	512
	483	514
	484	515
	485	515
	486	515
	487	515
	489	517
	490	518
	491	518
	492	518
	493	518
	495	520
	496	522
	497	523
	498	524
	499	525
	500	526
	501	527
	502	528
	503	529
	504	530
	505	531
	506	532
	508	534
	509	536
	510	537
	511	538
	512	539
	513	540
	515	542
	516	544
	517	545
	518	546
	519	547
	520	548
	522	550
	523	552
	524	553
	525	554
	526	555
	527	556
	529	558
	530	560
	531	561
	532	562
	533	563
	534	564
	535	565
	537	567
	538	569
	539	570
	540	571
	541	572
	542	573
	543	574
	545	576
	546	578
	547	579
	548	580
	549	581
	550	582
	551	583
	552	584
	553	585
	554	586
	555	587
	557	589
	558	591
	559	592
	560	593
	561	594
	562	595
	563	596
	564	597
	566	599
	567	601
	568	602
	569	603
	570	604
	571	605
	572	606
	573	607
	574	608
	576	610
	577	612
	578	613
	579	614
	580	615
	581	616
	582	617
	583	618
	584	619
	586	621
	587	622
	588	622
	589	622
	591	624
	592	625
	593	625
	594	625
	596	627
	597	627
	598	627
	599	627
	601	628
	602	628
	603	628
	605	629
	606	629
	607	629
	609	630
	610	632
	611	633
	612	634
	614	636
	615	638
	616	639
	617	640
	619	642
	620	644
	621	645
	622	646
	623	647
	625	649
	626	651
	627	652
	628	653
	629	654
	630	655
	631	656
	632	657
	633	658
	634	659
	636	661
	637	661
	638	661
	640	662
	641	663
	642	663
	643	663
	645	665
	646	667
	647	668
	648	669
	649	670
	650	671
	652	673
	653	675
	654	676
	655	677
	656	678
	657	679
	658	680
	659	681
	660	682
	661	683
	662	684
	663	685
	665	687
	666	687
	667	687
	669	688
	670	690
	671	691
	672	692
	674	694
	675	694
	676	694
	678	695
	679	697
	680	698
	681	699
	683	701
	684	703
	685	704
	686	705
	687	706
	688	707
	689	708
	691	710
	692	712
	693	713
	694	714
	695	715
	696	716
	697	717
	698	718
	699	719
	700	720
	702	722
	703	724
	704	725
	705	726
	706	727
	707	728
	708	729
	709	730
	710	731
	712	733
	713	735
	714	736
	715	737
	716	738
	717	739
	718	740
	719	741
	720	742
	722	744
	723	746
	724	747
	725	748
	726	749
	727	750
	728	751
	729	752
	730	753
	731	754
	733	756
	734	756
	735	756
	737	757
	738	758
	739	758
	740	758
	742	760
	743	761
	744	761
	745	761
	747	763
	748	763
	749	763
	751	764
	752	766
	753	767
	754	768
	756	770
	757	771
	758	771
	760	773
	761	774
	762	774
	764	776
	765	778
	766	779
	767	780
	769	782
	770	784
	771	785
	772	786
	774	788
	775	790
	776	791
	777	792
	779	794
	780	795
	781	795
	782	795
	784	797
	785	799
	786	800
	787	801
	789	803
	790	805
	791	806
	792	807
	793	808
	794	809
	795	810
	796	811
	798	813
	799	815
	800	816
	801	817
	802	818
	803	819
	804	820
	806	822
	807	824
	808	825
	809	826
	810	827
	811	828
	812	829
	813	830
	814	831
	816	833
	817	833
	818	833
	820	834
	821	835
	822	835
	823	835
	825	837
	826	839
	827	840
	828	841
	829	842
	830	843
	831	844
	833	846
	834	847
	835	848
	836	849
	837	850
	839	851
	840	853
	841	854
	842	855
	843	856
	845	858
	846	860
	847	861
	848	862
	849	863
net/minecraft/client/renderer/item/properties/conditional/CustomModelDataProperty	30	29
	16	16
	17	16
	21	23
	22	24
	23	24
	25	24
	30	29
	15	15
net/minecraft/client/gui/components/PopupScreen	162	174
	129	141
	130	142
	131	143
	134	146
	135	147
	139	151
	140	152
	144	156
	145	157
	19	18
	149	161
	150	162
	154	166
	155	167
	159	171
	160	172
	162	174
	37	42
	38	43
	39	44
	40	45
	41	46
	42	47
	43	48
	44	49
	48	53
	49	54
	50	55
	52	57
	56	61
	57	62
	59	65
	60	66
	61	67
	62	68
	64	71
	65	72
	67	73
	68	74
	69	75
	72	78
	73	79
	74	80
	75	81
	76	83
	77	84
	79	87
	84	92
	85	93
	87	96
	88	97
	89	98
	93	102
	94	103
	95	104
	96	105
	97	106
	98	107
	100	109
	103	112
	104	115
	108	119
	113	124
	114	125
	116	128
	117	129
net/minecraft/client/gui/contextualbar/ContextualBar	44	44
	35	36
	36	37
	37	38
	39	39
	40	40
	41	41
	42	42
	43	43
	44	44
	17	16
	20	20
	24	24
	28	28
net/minecraft/client/gui/render/pip/GuiSkinRenderer	40	31
	32	25
	34	26
	19	16
	36	27
	24	20
	40	31
	26	21
	27	22
	28	23
	30	24
com/mojang/realmsclient/gui/screens/RealmsResetWorldScreen	229	285
	39	39
	41	40
	42	41
	44	42
	45	43
	47	44
	48	45
	49	46
	51	47
	52	48
	54	49
	55	50
	56	51
	57	52
	64	57
	65	58
	66	59
	67	60
	68	61
	69	62
	83	81
	84	82
	87	94
	88	95
	89	96
	90	97
	91	98
	92	99
	93	100
	94	101
	95	102
	98	108
	102	120
	106	125
	111	131
	112	132
	113	133
	114	134
	116	135
	119	138
	121	141
	122	142
	123	143
	124	144
	125	145
	126	146
	127	147
	128	148
	129	149
	130	150
	131	151
	132	152
	134	154
	135	155
	137	156
	138	157
	139	158
	140	159
	141	164
	143	167
	144	172
	146	175
	147	180
	150	185
	152	186
	153	191
	155	196
	156	201
	158	206
	159	211
	162	216
	164	217
	165	218
	166	219
	170	223
	171	224
	175	228
	180	233
	181	234
	184	237
	185	238
	186	239
	188	242
	189	243
	192	246
	193	247
	194	248
	196	251
	197	252
	199	255
	200	256
	201	257
	204	260
	211	267
	212	268
	213	269
	217	273
	218	274
	219	275
	220	276
	222	279
	223	280
	224	281
	225	282
	227	283
	228	284
	229	285
net/minecraft/client/gui/contextualbar/JumpableVehicleBar	45	41
	33	29
	34	30
	35	37
	38	32
	39	33
	40	34
	42	37
	45	41
	14	13
	15	14
	16	15
	22	20
	23	21
	24	22
	28	26
	29	27
	31	28
net/minecraft/client/particle/HugeExplosionSeedParticle	31	41
	10	10
	11	11
	12	12
	16	16
	17	17
	18	18
	19	19
	20	20
	22	23
	23	24
	24	25
	26	27
	31	41
net/minecraft/client/renderer/entity/WolfRenderer	55	45
	35	27
	40	31
	45	35
	46	36
	47	37
	48	38
	17	16
	49	39
	50	40
	19	17
	51	41
	20	18
	52	42
	21	19
	53	43
	54	44
	55	45
	26	22
	27	23
	28	23
	30	23
net/minecraft/client/renderer/texture/package-info	0	0
net/minecraft/client/PeriodicNotificationManager	176	163
	142	130
	143	131
	144	132
	145	133
	148	136
	150	137
	155	142
	156	143
	158	145
	31	36
	159	146
	32	38
	33	39
	34	40
	35	41
	163	147
	36	43
	164	148
	38	47
	166	149
	167	152
	168	153
	170	155
	171	156
	173	159
	47	54
	48	55
	176	163
	49	56
	53	59
	54	60
	55	61
	56	62
	58	63
	63	70
	64	72
	65	73
	66	74
	67	75
	69	76
	70	77
	71	96
	74	78
	75	79
	76	80
	77	96
	80	82
	81	83
	83	84
	84	85
	87	88
	88	89
	90	91
	93	94
	94	96
	98	100
	99	101
	102	104
	103	105
	105	107
	108	110
	109	110
	110	111
	111	112
	113	113
	114	113
	118	117
	119	117
	120	117
	121	117
net/minecraft/client/gui/navigation/ScreenRectangle	135	119
	128	114
	129	115
	130	116
	131	117
	132	118
	133	119
	134	119
	135	119
	9	9
	12	12
	13	13
	16	16
	20	22
	21	23
	22	24
	27	29
	31	33
	32	34
	33	35
	38	40
	39	41
	40	41
	42	41
	46	45
	48	46
	49	47
	50	48
	52	49
	56	53
	60	57
	61	58
	62	59
	63	60
	64	61
	68	65
	72	69
	73	70
	74	71
	75	72
	76	73
	77	73
	79	73
	83	77
	84	77
	85	77
	86	77
	90	81
	94	85
	98	89
	102	93
	106	97
	110	101
	115	105
	116	106
	117	107
	118	107
	119	107
	125	111
	126	112
	127	113
net/minecraft/client/renderer/entity/UndeadHorseRenderer	79	66
	64	57
	67	58
	68	58
	77	64
	78	65
	79	66
	21	26
	22	26
	23	26
	26	27
	27	28
	29	29
	31	34
	32	35
	36	39
	38	41
	39	41
	42	44
	46	47
	51	51
	55	55
	56	55
	59	56
	60	56
	63	57
net/minecraft/client/gui/screens/advancements/AdvancementTab	221	226
	44	50
	45	51
	46	52
	47	53
	48	54
	49	55
	50	56
	51	57
	52	58
	53	59
	54	60
	57	63
	61	67
	65	71
	69	75
	73	79
	77	83
	78	84
	79	85
	80	86
	81	88
	82	89
	83	90
	84	91
	85	92
	90	97
	91	98
	93	100
	94	101
	95	102
	98	105
	101	108
	102	109
	103	110
	104	111
	105	112
	107	114
	110	117
	111	118
	114	121
	115	122
	116	123
	117	124
	120	127
	121	128
	122	129
	124	130
	125	131
	126	132
	127	133
	128	134
	130	136
	131	137
	132	138
	136	142
	137	143
	138	144
	140	145
	141	146
	142	147
	145	150
	147	151
	148	152
	149	153
	150	154
	152	156
	155	159
	159	163
	160	164
	161	165
	163	168
	164	169
	165	173
	166	168
	168	170
	170	176
	174	180
	175	181
	177	184
	178	185
	180	187
	183	190
	187	194
	191	198
	192	199
	193	203
	196	200
	197	201
	198	203
	201	206
	202	207
	203	208
	204	209
	205	210
	206	211
	207	212
	208	213
	209	214
	211	216
	212	217
	214	219
	217	222
	221	226
net/minecraft/client/player/AbstractClientPlayer	122	114
	64	59
	69	64
	74	68
	75	69
	76	70
	80	73
	81	74
	82	75
	86	79
	87	82
	89	80
	28	25
	92	85
	93	86
	30	26
	31	27
	96	89
	98	90
	35	30
	99	91
	36	31
	102	94
	103	95
	40	35
	104	96
	41	36
	105	97
	43	39
	108	100
	109	101
	110	102
	111	103
	48	43
	112	104
	49	44
	113	105
	50	45
	53	48
	117	109
	54	49
	58	53
	122	114
	63	58
net/minecraft/client/KeyboardHandler	688	679
	513	518
	514	519
	516	520
	517	520
	521	521
	522	522
	524	524
	526	526
	527	526
	530	527
	533	530
	534	531
	535	571
	538	533
	539	534
	540	535
	541	536
	542	537
	543	538
	544	539
	545	539
	546	540
	547	541
	548	542
	554	547
	555	548
	558	551
	559	552
	560	553
	561	554
	565	558
	566	559
	567	560
	569	562
	570	563
	572	565
	574	566
	576	571
	66	62
	579	574
	580	588
	582	575
	583	576
	584	588
	73	73
	74	74
	587	578
	588	579
	589	580
	590	581
	591	582
	592	583
	593	584
	595	588
	84	77
	86	79
	598	591
	87	80
	599	598
	89	82
	90	83
	602	592
	91	84
	603	593
	604	594
	605	598
	94	94
	95	95
	607	595
	96	96
	608	598
	99	99
	611	601
	100	100
	612	602
	102	102
	103	103
	104	104
	616	606
	617	607
	618	608
	107	88
	619	609
	108	89
	620	610
	109	90
	622	613
	623	614
	112	108
	624	615
	113	109
	114	110
	626	617
	116	112
	117	113
	629	620
	119	116
	631	621
	632	622
	633	623
	122	119
	123	120
	635	624
	636	625
	125	122
	637	626
	126	123
	127	124
	639	627
	640	628
	641	629
	130	128
	642	629
	131	129
	132	130
	644	630
	134	92
	647	633
	648	634
	649	635
	139	136
	651	637
	140	137
	143	140
	655	641
	656	642
	658	644
	147	147
	148	148
	661	647
	662	648
	151	151
	663	649
	152	152
	664	650
	665	651
	666	652
	155	155
	667	653
	156	156
	669	656
	670	657
	159	159
	671	658
	160	160
	672	659
	673	660
	163	163
	675	663
	164	164
	676	664
	677	666
	678	668
	167	167
	679	668
	168	168
	682	672
	171	171
	172	172
	684	675
	685	676
	174	177
	175	178
	688	679
	178	174
	179	175
	184	182
	185	183
	186	184
	187	185
	188	186
	189	187
	192	190
	193	190
	194	191
	195	192
	196	193
	200	196
	201	197
	202	198
	205	201
	206	201
	207	202
	208	203
	209	204
	213	207
	214	208
	215	209
	216	210
	217	211
	220	214
	221	215
	222	216
	224	219
	227	222
	228	223
	229	224
	230	225
	231	226
	233	228
	234	229
	236	232
	239	235
	240	236
	241	237
	243	239
	245	242
	248	245
	249	246
	250	247
	251	248
	252	249
	253	250
	255	253
	257	256
	260	259
	261	260
	262	261
	263	262
	264	263
	267	266
	268	267
	269	268
	270	269
	272	270
	273	271
	274	272
	276	273
	277	274
	280	277
	281	278
	282	279
	283	280
	286	283
	287	284
	288	285
	290	292
	293	295
	294	295
	295	296
	296	297
	297	309
	301	312
	302	313
	303	314
	304	315
	307	318
	308	319
	309	320
	312	323
	313	324
	314	325
	317	328
	318	329
	319	330
	322	333
	323	334
	324	335
	327	338
	331	342
	332	343
	333	401
	336	344
	338	346
	339	347
	340	348
	342	349
	343	350
	344	351
	345	352
	346	353
	347	354
	349	356
	350	357
	351	358
	352	359
	355	362
	356	363
	360	367
	361	368
	362	369
	363	370
	364	371
	365	372
	366	373
	367	374
	369	376
	370	379
	371	380
	372	381
	373	392
	374	393
	377	396
	378	397
	384	401
	387	404
	388	405
	389	406
	391	409
	392	410
	393	411
	397	415
	398	416
	399	417
	400	418
	401	419
	403	421
	405	424
	406	425
	409	428
	410	429
	411	571
	414	430
	417	431
	418	432
	419	433
	420	434
	421	435
	422	436
	423	437
	425	439
	426	440
	427	441
	428	442
	429	443
	436	446
	438	447
	439	448
	441	460
	442	450
	446	464
	447	465
	448	466
	449	571
	454	467
	455	468
	456	469
	458	470
	459	471
	460	472
	461	473
	462	474
	463	475
	467	479
	475	483
	478	485
	479	494
	480	495
	483	496
	484	497
	485	498
	487	501
	489	486
	490	486
	491	487
	492	488
	494	491
	497	504
	498	505
	499	506
	500	507
	501	508
	502	509
	503	510
	504	511
	509	515
	511	516
net/minecraft/client/gui/render/pip/GuiBannerResultRenderer	40	46
	32	27
	34	28
	35	30
	36	42
	21	17
	22	18
	40	46
	26	22
	31	26
net/minecraft/client/resources/model/sprite/MaterialBaker	88	87
	64	57
	66	57
	70	61
	71	62
	76	66
	77	67
	81	71
	82	75
	21	22
	85	78
	86	84
	88	87
	34	31
	35	32
	36	33
	40	36
	46	40
	47	41
	50	43
	51	44
	53	45
	54	46
	56	48
	62	56
	63	57
net/minecraft/client/renderer/fog/environment/BlindnessFogEnvironment	44	45
	32	32
	36	36
	37	37
	38	38
	39	39
	41	41
	44	45
	17	17
	22	22
	23	23
	24	24
	25	25
	26	26
	27	27
	28	28
	29	29
net/minecraft/client/renderer/entity/BoatRenderer	35	39
	32	34
	33	35
	35	39
	20	20
	21	21
	22	22
	23	23
	27	27
net/minecraft/client/gui/screens/achievement/StatsScreen	591	358
	257	168
	278	210
	280	211
	281	212
	282	213
	284	214
	285	216
	286	217
	288	219
	289	220
	290	221
	294	225
	295	226
	299	230
	300	231
	302	233
	303	234
	304	235
	308	239
	309	240
	54	49
	56	50
	57	51
	313	244
	58	52
	314	245
	59	53
	315	246
	571	322
	316	248
	61	54
	317	249
	573	324
	62	55
	574	325
	63	56
	575	326
	64	57
	320	252
	65	58
	578	329
	324	256
	582	333
	327	259
	73	62
	587	338
	332	264
	591	342
	336	268
	82	68
	84	69
	340	272
	85	70
	341	273
	86	71
	342	274
	344	277
	345	278
	90	75
	346	278
	91	76
	92	77
	348	278
	93	78
	94	79
	95	80
	96	82
	352	282
	97	83
	353	283
	98	84
	354	284
	355	285
	100	85
	356	286
	101	86
	102	87
	358	288
	103	88
	359	289
	104	89
	105	90
	106	91
	362	292
	107	92
	363	293
	108	93
	109	94
	110	95
	366	296
	367	297
	368	298
	113	98
	369	300
	114	99
	370	301
	115	100
	372	303
	117	103
	118	104
	375	306
	376	307
	377	308
	122	109
	378	309
	123	110
	124	111
	380	311
	125	112
	381	312
	126	113
	127	114
	128	115
	129	116
	131	118
	134	121
	135	130
	137	122
	138	123
	139	124
	140	125
	142	127
	144	130
	148	134
	149	143
	151	135
	153	136
	154	137
	155	138
	156	139
	157	140
	158	141
	159	143
	416	317
	163	147
	164	147
	166	147
	171	152
	172	153
	173	154
	177	158
	178	159
	179	160
	183	164
	184	165
	190	349
	191	350
	192	351
	193	352
	197	356
	198	357
	199	358
	204	173
	206	174
	207	175
	208	177
	209	178
	211	180
	215	184
	220	189
	224	193
net/minecraft/client/renderer/entity/layers/WitchItemLayer	28	27
	11	11
	12	12
	16	15
	17	16
	18	17
	19	18
	20	19
	21	20
	22	21
	23	22
	24	23
	25	27
	27	25
	28	27
net/minecraft/client/renderer/fog/environment/AtmosphericFogEnvironment	119	98
	31	27
	33	28
	34	29
	35	30
	36	31
	37	32
	38	33
	39	34
	40	35
	41	36
	42	37
	47	42
	48	43
	50	44
	51	44
	54	45
	55	46
	57	47
	59	47
	63	51
	64	52
	65	53
	66	54
	68	57
	69	58
	71	61
	76	66
	78	67
	79	68
	80	69
	82	70
	85	71
	86	72
	88	73
	90	73
	92	74
	93	75
	94	75
	98	77
	99	78
	100	79
	101	80
	102	81
	104	83
	107	86
	108	87
	109	88
	110	89
	111	90
	112	91
	113	92
	114	93
	115	94
	119	98
net/minecraft/client/particle/NoRenderParticle	16	16
	16	16
	7	7
	8	8
	11	11
	12	12
net/minecraft/client/telemetry/TelemetryEventLog	38	36
	20	18
	36	34
	21	19
	37	35
	22	20
	38	36
	25	23
	27	25
	28	26
	29	27
	14	13
	31	29
net/minecraft/client/model/animal/turtle/BabyTurtleModel	53	33
	15	13
	16	14
	19	17
	20	18
	22	19
	23	19
	24	19
	25	19
	27	20
	28	20
	29	20
	30	20
	32	21
	33	22
	34	22
	35	22
	37	24
	38	25
	39	25
	40	25
	42	27
	43	28
	44	28
	45	28
	47	30
	48	31
	49	31
	50	31
	53	33
net/minecraft/client/gui/components/AbstractStringWidget	79	79
	65	65
	66	66
	67	67
	70	70
	71	71
	75	75
	76	76
	77	77
	79	79
	19	18
	20	19
	21	20
	28	27
	29	28
	30	29
	32	31
	35	34
	37	37
	38	38
	42	42
	43	43
	44	44
	45	45
	46	46
	47	47
	48	48
	52	52
	53	53
	57	57
	60	60
net/minecraft/client/gui/screens/inventory/SignEditScreen	43	42
	17	18
	35	35
	36	36
	22	23
	38	37
	39	38
	24	24
	25	25
	26	26
	43	42
	30	30
net/minecraft/client/resources/server/DownloadedPackSource	447	423
	256	240
	260	240
	263	241
	265	242
	266	243
	267	244
	268	245
	269	246
	271	249
	274	252
	279	256
	283	260
	284	260
	286	260
	290	264
	291	265
	292	266
	293	267
	295	268
	296	269
	298	270
	299	271
	300	272
	301	273
	305	277
	50	60
	306	278
	307	279
	52	61
	54	62
	310	282
	311	283
	312	284
	57	64
	313	285
	314	286
	315	287
	317	290
	319	292
	66	68
	322	295
	67	69
	323	296
	324	297
	325	298
	71	73
	72	74
	328	300
	331	303
	332	304
	333	305
	336	307
	339	310
	340	310
	342	310
	346	314
	347	315
	348	316
	94	86
	351	319
	96	89
	352	320
	97	90
	98	91
	355	323
	356	324
	101	94
	102	95
	103	95
	359	327
	360	328
	363	331
	108	98
	109	99
	366	334
	367	336
	368	337
	113	103
	369	338
	114	104
	371	340
	116	105
	372	341
	117	105
	120	106
	376	345
	377	347
	378	348
	123	109
	379	349
	380	350
	381	351
	382	352
	384	354
	385	355
	133	119
	134	120
	390	360
	391	361
	392	362
	137	123
	393	364
	138	124
	394	367
	395	370
	140	126
	397	372
	142	129
	143	130
	400	375
	401	376
	402	377
	147	133
	403	378
	148	134
	149	135
	150	136
	406	381
	151	137
	407	382
	410	385
	155	140
	411	386
	156	141
	157	142
	158	143
	414	389
	415	390
	416	391
	162	146
	163	147
	419	394
	164	148
	420	395
	168	151
	424	399
	169	152
	425	400
	170	153
	426	401
	427	402
	172	155
	429	404
	175	158
	176	159
	432	408
	177	160
	433	409
	178	161
	179	162
	435	411
	181	164
	439	415
	184	167
	440	416
	441	417
	442	418
	189	172
	446	422
	447	423
	192	174
	195	177
	196	178
	197	180
	198	182
	199	184
	200	186
	201	188
	202	190
	207	196
	211	197
	213	197
	216	200
	217	201
	222	206
	228	212
	229	213
	230	214
	231	215
	233	217
	236	220
	237	221
	238	222
	240	225
	241	226
	246	231
	250	235
	252	237
	253	238
	254	239
net/minecraft/client/model/animal/panda/PandaModel	126	113
	18	15
	19	16
	22	19
	23	20
	25	21
	26	23
	27	24
	28	26
	29	28
	30	30
	31	32
	33	34
	34	36
	35	36
	36	37
	39	39
	40	40
	41	41
	42	41
	43	42
	44	43
	45	44
	46	45
	48	46
	53	50
	55	51
	56	52
	57	53
	59	54
	60	55
	62	57
	65	60
	66	61
	67	62
	68	63
	69	64
	70	65
	74	69
	75	70
	77	71
	78	72
	80	73
	81	74
	84	77
	85	78
	86	79
	87	80
	90	83
	91	84
	92	85
	93	86
	96	89
	97	90
	98	91
	99	92
	100	93
	102	94
	105	97
	106	98
	108	99
	109	100
	110	101
	111	102
	113	104
	116	107
	117	108
	120	109
	121	110
	124	111
	125	112
	126	113
com/mojang/realmsclient/gui/screens/RealmsSelectFileToUploadScreen	107	111
	64	66
	65	67
	66	68
	67	69
	70	72
	71	73
	72	75
	74	77
	76	78
	77	80
	78	81
	79	82
	83	86
	20	19
	84	87
	22	20
	86	90
	23	21
	87	91
	91	95
	92	96
	95	99
	96	100
	98	102
	101	105
	102	106
	40	34
	41	35
	42	36
	106	110
	43	37
	107	111
	44	38
	45	39
	49	43
	50	44
	51	45
	52	46
	53	47
	54	48
	55	49
	57	51
	60	55
	61	57
	62	62
	63	64
net/minecraft/client/renderer/state/package-info	0	0
net/minecraft/client/resources/IndexedAssetSource	51	48
	32	31
	33	32
	34	33
	35	34
	37	35
	38	36
	39	37
	40	38
	42	39
	45	42
	46	43
	47	44
	48	45
	51	48
	21	21
	22	22
	25	25
	27	26
	29	27
	30	29
	31	30
net/minecraft/client/model/animal/cow/CowModel	62	59
	19	16
	23	20
	24	21
	27	24
	28	25
	32	29
	33	30
	35	31
	36	33
	37	34
	38	36
	39	38
	40	40
	41	42
	43	44
	44	46
	45	46
	46	46
	47	47
	50	49
	51	49
	52	50
	53	50
	54	51
	55	52
	56	53
	57	54
	58	55
	62	59
net/minecraft/client/model/monster/slime/SlimeModel	56	31
	32	25
	33	26
	35	27
	36	27
	37	27
	40	28
	41	28
	42	28
	45	29
	46	29
	15	14
	47	29
	16	15
	50	30
	19	18
	51	30
	20	19
	52	30
	22	20
	23	20
	24	20
	56	31
	28	21
com/mojang/blaze3d/platform/package-info	0	0
net/minecraft/client/gui/components/toasts/ToastManager	270	271
	256	258
	257	259
	258	260
	260	262
	263	265
	264	271
	266	266
	267	267
	268	268
	269	269
	270	271
	39	35
	40	36
	41	37
	44	40
	45	41
	46	42
	47	43
	49	44
	50	45
	51	46
	54	49
	55	50
	56	51
	58	53
	61	56
	62	57
	63	58
	64	59
	65	60
	66	61
	68	64
	69	65
	70	66
	71	67
	72	68
	74	71
	78	75
	79	76
	80	77
	82	79
	85	82
	86	98
	88	83
	89	84
	90	85
	92	88
	93	89
	95	92
	96	95
	98	98
	101	101
	102	102
	103	104
	104	105
	105	106
	106	107
	107	108
	111	113
	115	117
	120	121
	121	122
	122	123
	125	127
	126	128
	127	129
	130	133
	134	137
	135	138
	136	139
	137	140
	140	143
	141	144
	144	147
	145	148
	146	149
	148	151
	151	154
	152	155
	154	157
	157	160
	161	164
	165	168
	166	171
	168	173
	171	176
	172	187
	173	178
	175	181
	176	182
	177	183
	181	189
	198	204
	199	205
	200	206
	201	207
	202	208
	205	211
	209	215
	210	216
	211	217
	212	218
	213	219
	214	220
	215	221
	218	224
	222	228
	223	229
	224	230
	225	231
	227	233
	229	235
	232	238
	234	239
	235	240
	236	241
	239	244
	240	245
	243	248
	244	249
	246	250
	248	251
	250	252
	252	253
	253	254
	255	257
net/minecraft/client/renderer/Projection	102	100
	66	67
	67	68
	68	69
	69	70
	70	71
	72	72
	9	8
	78	76
	82	80
	20	17
	86	84
	23	20
	24	34
	90	88
	27	26
	28	27
	29	28
	30	29
	94	92
	31	30
	32	31
	33	32
	34	34
	98	96
	37	37
	38	52
	102	100
	41	43
	42	44
	43	45
	44	46
	45	47
	46	48
	47	49
	48	50
	49	52
	52	55
	53	56
	54	57
	55	58
	58	61
	59	62
	62	65
	63	66
net/minecraft/client/gui/screens/inventory/tooltip/ClientTooltipPositioner	0	0
net/minecraft/client/gui/screens/recipebook/RecipeButton	191	175
	129	116
	132	119
	136	123
	140	127
	141	128
	146	132
	147	133
	148	134
	149	135
	150	136
	26	24
	154	140
	27	25
	155	141
	28	26
	156	142
	29	27
	158	145
	32	30
	163	150
	164	151
	165	152
	166	152
	167	152
	42	38
	170	154
	43	39
	44	40
	172	156
	47	43
	176	160
	49	44
	50	45
	51	46
	53	47
	181	165
	54	51
	55	52
	56	53
	58	55
	186	170
	187	171
	61	58
	62	59
	190	174
	191	175
	64	60
	67	63
	69	65
	70	66
	72	67
	73	68
	76	72
	80	76
	86	82
	87	83
	88	84
	90	86
	93	88
	94	89
	96	91
	100	94
	101	95
	102	96
	104	97
	105	98
	106	99
	107	100
	109	101
	112	104
	114	105
	115	106
	119	107
	120	108
	121	109
	124	112
	126	113
	127	114
net/minecraft/client/gui/screens/reporting/ChatSelectionScreen	231	219
	136	119
	137	120
	141	124
	142	125
	143	126
	144	127
	146	129
	150	133
	151	134
	152	135
	153	137
	154	139
	155	140
	156	141
	159	145
	160	147
	162	148
	163	149
	164	150
	166	153
	167	154
	41	34
	42	35
	43	36
	171	158
	172	159
	173	160
	174	161
	175	162
	179	166
	183	170
	58	49
	59	50
	60	51
	188	180
	61	52
	189	181
	62	53
	190	182
	63	54
	191	183
	194	186
	67	58
	195	187
	69	59
	70	60
	198	190
	199	191
	72	61
	200	192
	73	61
	201	193
	74	61
	202	194
	76	62
	204	196
	77	63
	78	64
	79	65
	80	66
	209	201
	82	67
	83	68
	84	69
	214	205
	87	72
	215	206
	216	207
	217	208
	91	76
	219	210
	92	77
	93	78
	223	214
	96	81
	224	215
	97	82
	225	215
	227	215
	100	85
	101	86
	231	219
	105	90
	106	91
	108	92
	110	93
	111	94
	112	95
	113	96
	114	97
	116	98
	117	99
	118	100
	122	104
	123	105
	127	109
net/minecraft/client/multiplayer/chat/GuiMessage	35	32
	32	16
	17	24
	35	19
	21	28
	25	32
	31	15
net/minecraft/client/renderer/special/ConduitSpecialRenderer	48	61
	48	50
	35	61
	21	20
	22	21
	23	22
	41	33
	42	44
	26	53
	46	48
	30	57
	47	49
net/minecraft/client/sounds/MusicManager	199	193
	130	128
	131	129
	132	130
	133	131
	136	133
	137	134
	141	139
	142	139
	145	139
	149	143
	150	144
	151	145
	152	146
	155	150
	31	29
	159	154
	32	30
	160	155
	33	31
	161	156
	36	34
	164	159
	37	35
	165	160
	38	36
	166	161
	39	37
	40	38
	169	163
	44	42
	45	43
	46	44
	47	63
	176	169
	177	170
	50	46
	178	171
	51	47
	179	172
	52	48
	53	49
	182	175
	183	176
	56	52
	184	179
	57	53
	185	180
	58	54
	187	183
	188	184
	189	185
	62	58
	64	59
	65	60
	194	189
	67	63
	70	66
	199	193
	74	70
	75	71
	76	72
	78	74
	79	75
	80	76
	81	78
	83	81
	84	82
	87	85
	88	86
	89	87
	91	89
	94	92
	95	93
	97	95
	100	98
	101	99
	102	100
	103	101
	105	104
	106	105
	109	108
	110	109
	112	112
	113	113
	115	116
	118	117
	119	118
	120	119
	125	122
	126	123
	127	124
net/minecraft/client/renderer/entity/SnifferRenderer	43	37
	32	28
	33	29
	34	30
	35	31
	36	32
	37	33
	38	34
	43	37
	12	11
	13	12
	16	15
	17	16
	21	19
	26	23
	31	27
net/minecraft/client/gui/screens/inventory/GrindstoneScreen	28	27
	16	16
	20	20
	21	21
	22	22
	23	23
	25	24
	26	25
	11	11
	12	12
	28	27
	15	15
net/minecraft/client/ResourceLoadStateTracker	106	102
	65	64
	66	65
	67	66
	68	67
	70	69
	16	15
	82	91
	83	92
	84	93
	23	20
	87	96
	24	21
	88	97
	25	22
	89	98
	27	25
	91	99
	28	28
	92	100
	94	102
	31	31
	32	32
	33	33
	98	73
	99	74
	36	36
	100	75
	37	37
	40	40
	41	41
	105	80
	106	81
	43	43
	45	45
	48	48
	49	49
	50	50
	51	51
	53	53
	59	59
	60	60
	63	63
net/minecraft/client/renderer/entity/state/CatRenderState	10	9
	8	8
	10	9
net/minecraft/client/particle/SplashParticle	28	39
	17	19
	23	25
	24	26
	10	12
	11	13
	12	14
	28	39
	13	15
	14	16
	15	17
net/minecraft/client/gui/screens/friends/IncomingEntry	80	66
	64	48
	65	49
	66	50
	70	54
	75	59
	76	60
	77	62
	78	63
	15	14
	79	65
	16	14
	80	66
	17	14
	19	17
	20	17
	21	17
	23	19
	24	20
	29	31
	30	32
	31	32
	33	33
	34	33
	36	34
	37	35
	38	36
	39	37
	40	37
	41	37
	42	37
	43	37
	44	37
	45	37
	46	38
	48	39
	49	40
	50	41
	51	42
	52	42
	53	42
	54	42
	55	42
	56	42
	57	42
	58	43
	59	44
net/minecraft/client/particle/ReversePortalParticle	50	56
	33	31
	35	32
	36	33
	37	34
	38	36
	10	12
	12	13
	44	42
	13	14
	45	43
	14	15
	49	56
	18	19
	50	56
	19	20
	24	25
	25	26
	26	27
	28	28
	29	29
	30	36
net/minecraft/client/model/monster/slime/SulfurCubeModel	42	29
	33	26
	34	27
	36	28
	37	28
	38	28
	42	29
	16	15
	17	16
	20	19
	21	20
	23	21
	24	21
	25	21
	29	22
net/minecraft/client/gui/font/glyphs/EffectGlyph	0	0
net/minecraft/client/renderer/LightmapRenderStateExtractor	101	88
	64	56
	66	57
	67	58
	68	58
	69	59
	70	60
	71	61
	73	63
	78	67
	80	68
	81	69
	83	70
	20	20
	85	71
	86	72
	88	73
	89	74
	90	75
	91	76
	92	77
	29	28
	30	29
	94	79
	31	30
	96	82
	97	83
	34	33
	35	35
	99	84
	36	36
	100	85
	37	37
	101	88
	40	40
	41	41
	45	45
	46	46
	47	88
	50	47
	51	48
	52	49
	53	88
	56	50
	57	51
	58	52
	60	53
	61	54
	63	55
net/minecraft/client/gui/components/toasts/AdvancementToast	92	86
	65	61
	66	86
	69	62
	70	63
	72	64
	73	65
	74	66
	76	68
	77	69
	78	70
	79	71
	80	72
	82	74
	83	75
	84	77
	85	78
	86	79
	23	21
	91	84
	92	86
	30	28
	31	29
	32	30
	36	34
	41	39
	42	40
	43	41
	44	45
	47	43
	48	45
	52	49
	56	53
	57	54
	62	59
	63	60
net/minecraft/client/renderer/entity/layers/ItemInHandLayer	61	64
	20	20
	21	21
	25	26
	26	27
	27	28
	30	39
	31	61
	34	40
	35	41
	38	42
	39	43
	42	44
	43	45
	44	46
	45	47
	46	48
	47	49
	48	50
	51	53
	52	54
	53	55
	56	58
	57	59
	58	61
	61	64
net/minecraft/client/renderer/state/level/QuadParticleRenderState	197	216
	141	159
	142	160
	144	163
	145	164
	146	165
	147	166
	148	167
	149	168
	150	169
	151	170
	152	171
	153	172
	154	173
	155	174
	156	175
	157	176
	158	177
	159	178
	160	179
	161	180
	164	183
	165	184
	166	185
	39	38
	167	186
	40	40
	41	41
	45	45
	46	46
	47	47
	50	50
	54	54
	55	55
	56	62
	184	203
	58	56
	59	57
	187	206
	188	207
	61	62
	191	210
	64	65
	192	211
	193	212
	194	213
	197	216
	82	85
	84	86
	85	87
	86	88
	87	89
	88	90
	91	106
	92	107
	93	108
	97	112
	98	113
	100	115
	121	138
	122	139
	123	140
net/minecraft/client/model/animal/golem/SnowGolemModel	84	65
	64	50
	66	51
	67	52
	68	53
	70	54
	71	55
	73	56
	74	57
	76	58
	77	59
	79	60
	80	61
	81	62
	84	65
	24	22
	25	23
	26	24
	27	25
	28	26
	29	27
	32	30
	33	31
	34	32
	36	33
	38	34
	39	35
	40	35
	41	35
	43	37
	44	37
	45	38
	46	39
	48	40
	49	41
	50	41
	51	41
	53	43
	54	44
	55	44
	56	44
	59	46
com/mojang/blaze3d/GpuFormat	152	122
	129	102
	130	103
	131	104
	4	4
	132	105
	5	5
	133	106
	6	6
	7	7
	135	107
	8	8
	136	108
	9	9
	137	109
	10	10
	11	11
	139	110
	140	111
	13	12
	141	112
	14	13
	142	113
	15	14
	16	15
	17	16
	18	17
	19	18
	20	19
	148	118
	149	119
	22	20
	23	21
	24	22
	152	122
	25	23
	26	24
	27	25
	28	26
	29	27
	31	28
	32	29
	33	30
	34	31
	35	32
	36	33
	37	34
	38	35
	40	36
	41	37
	42	38
	43	39
	44	40
	45	41
	46	42
	47	43
	49	44
	50	45
	51	46
	52	47
	54	48
	55	49
	56	50
	57	51
	59	52
	60	53
	61	54
	63	55
	64	56
	65	57
	66	58
	67	59
	74	65
	75	66
	76	67
	83	70
	91	74
	95	78
	99	82
	106	86
	113	90
	120	94
	124	98
	125	99
	126	100
	127	101
net/minecraft/client/model/animal/equine/AbstractEquineModel	218	178
	33	29
	34	30
	35	31
	37	32
	38	33
	39	34
	40	35
	42	36
	43	37
	46	48
	47	49
	48	50
	49	51
	50	52
	51	53
	52	54
	53	55
	54	56
	57	59
	58	60
	59	61
	60	63
	61	63
	62	64
	66	66
	67	68
	68	68
	69	69
	72	71
	73	72
	74	72
	76	74
	77	74
	78	74
	81	75
	82	75
	83	75
	87	76
	88	77
	89	77
	90	77
	92	79
	93	80
	94	80
	95	80
	97	82
	98	83
	99	83
	100	83
	102	85
	103	86
	104	86
	105	86
	108	88
	109	90
	110	90
	111	91
	114	93
	115	94
	116	94
	119	96
	120	97
	121	97
	125	99
	130	103
	133	104
	135	105
	136	106
	137	107
	138	108
	139	109
	142	112
	143	113
	144	114
	145	115
	146	116
	148	117
	149	118
	151	119
	152	120
	153	121
	156	122
	157	123
	158	124
	160	125
	162	126
	163	127
	164	128
	165	129
	166	130
	168	131
	169	132
	170	133
	171	134
	172	135
	173	136
	174	137
	175	138
	176	139
	177	140
	179	141
	180	142
	181	143
	182	144
	184	145
	185	146
	187	148
	189	150
	193	153
	196	156
	200	160
	204	164
	208	168
	212	172
	216	176
	217	177
	218	178
net/minecraft/client/gui/screens/ErrorScreen	39	38
	34	33
	35	34
	39	38
	13	12
	14	13
	15	14
	19	18
	21	20
	22	22
	26	26
	28	27
	29	28
	30	29
net/minecraft/client/PrioritizeChunkUpdates	27	25
	16	15
	22	20
	23	21
	24	22
	10	10
	11	11
	27	25
	12	12
	15	14
net/minecraft/client/model/animal/panda/package-info	0	0
net/minecraft/client/gui/components/debug/DebugScreenProfile	25	24
	16	16
	17	17
	20	20
	6	7
	7	8
	25	24
	10	10
	15	15
net/minecraft/client/resources/sounds/AbstractSoundInstance	115	115
	65	65
	70	70
	75	75
	80	80
	85	85
	90	90
	28	27
	29	28
	95	95
	32	31
	33	32
	34	33
	35	34
	100	100
	39	38
	105	105
	44	43
	45	44
	46	45
	110	110
	48	48
	49	49
	50	50
	115	115
	52	52
	55	55
	60	60
net/minecraft/client/renderer/entity/BoggedRenderer	34	30
	32	28
	17	16
	33	29
	18	17
	34	30
	22	20
	11	11
	27	24
	12	12
	15	15
net/minecraft/client/renderer/texture/MipmapGenerator	196	197
	13	15
	21	18
	22	19
	24	20
	25	21
	26	23
	27	24
	28	25
	29	26
	30	27
	31	28
	33	29
	34	31
	35	32
	36	34
	37	35
	38	36
	39	37
	40	38
	44	43
	48	47
	52	51
	53	52
	54	53
	55	54
	56	55
	57	56
	58	57
	60	59
	61	60
	63	61
	64	62
	65	63
	66	64
	69	67
	70	68
	71	70
	72	74
	77	77
	80	80
	81	81
	82	82
	83	83
	84	84
	85	85
	86	86
	89	89
	92	99
	93	100
	96	103
	97	104
	98	105
	99	106
	100	107
	104	111
	105	112
	108	115
	110	116
	112	117
	113	120
	114	121
	116	123
	117	124
	118	125
	120	127
	121	128
	123	129
	124	130
	126	132
	127	133
	128	134
	129	135
	130	136
	131	137
	133	139
	134	140
	136	142
	138	145
	142	149
	145	152
	146	153
	150	157
	158	161
	159	162
	160	163
	161	164
	163	165
	164	166
	165	167
	166	168
	167	169
	169	172
	170	173
	171	174
	172	175
	173	176
	175	179
	176	180
	177	181
	178	182
	179	183
	181	186
	182	187
	183	188
	184	189
	185	190
	187	193
	188	194
	189	195
	190	196
	192	197
	193	197
	194	197
	195	197
	196	197
com/mojang/realmsclient/dto/RealmsSlotUpdateDto	34	33
	34	33
	21	20
	27	26
net/minecraft/client/renderer/state/level/ParticlesRenderState	24	24
	17	17
	18	18
	21	21
	22	22
	24	24
	12	12
	13	13
	14	14
net/minecraft/client/gui/screens/MenuScreens	113	117
	38	40
	41	44
	42	45
	44	46
	45	50
	47	48
	48	50
	52	53
	57	114
	59	115
	60	116
	61	117
	66	41
	69	62
	70	63
	71	64
	73	66
	76	82
	77	83
	78	84
	79	85
	80	86
	81	87
	83	88
	84	89
	86	90
	87	91
	88	92
	89	93
	90	94
	91	95
	92	96
	93	97
	94	98
	95	99
	96	100
	97	101
	98	102
	99	103
	100	104
	101	105
	102	106
	103	107
	106	69
	107	71
	108	72
	109	73
	110	74
	113	78
net/minecraft/client/gui/layouts/AbstractLayout	85	86
	66	67
	70	71
	74	75
	75	76
	12	13
	76	77
	13	14
	77	78
	14	15
	78	79
	15	16
	16	17
	81	82
	82	83
	83	84
	20	21
	84	85
	21	22
	85	86
	22	23
	23	24
	24	25
	25	26
	29	30
	30	31
	31	32
	32	33
	33	34
	34	35
	38	39
	43	44
	48	49
	53	54
	61	62
	62	63
	63	64
net/minecraft/client/renderer/CubeMap	130	119
	128	117
	129	118
	130	119
	43	38
	44	39
	45	40
	46	41
	47	42
	50	45
	51	46
	52	47
	53	48
	55	49
	56	50
	57	51
	58	52
	59	53
	60	54
	62	55
	63	56
	64	57
	65	58
	66	59
	67	60
	68	61
	70	65
	71	66
	72	67
	73	68
	74	69
	76	70
	77	71
	78	72
	79	73
	81	75
	84	78
	85	79
	86	80
	87	81
	88	82
	89	83
	91	84
	92	85
	93	86
	94	87
	96	88
	97	89
	98	90
	99	91
	101	92
	102	93
	103	94
	104	95
	106	96
	107	97
	108	98
	109	99
	111	100
	112	101
	113	102
	114	103
	116	105
	117	106
	123	112
	124	113
net/minecraft/client/renderer/entity/state/FallingBlockRenderState	0	0
net/minecraft/client/renderer/item/properties/conditional/IsViewEntity	24	26
	17	19
	18	20
	19	21
	24	26
	13	13
com/mojang/blaze3d/vulkan/glsl/SpvSampler	0	0
com/mojang/realmsclient/client/worldupload/RealmsUploadCanceledException	10	10
	6	6
	10	10
net/minecraft/client/gui/screens/worldselection/WorldCreationUiState	332	325
	257	249
	261	253
	263	254
	264	258
	265	260
	266	261
	267	262
	268	263
	269	264
	270	267
	271	268
	274	269
	277	271
	280	274
	283	315
	286	318
	287	320
	32	32
	288	321
	292	325
	297	277
	301	281
	305	285
	306	286
	307	287
	310	290
	55	52
	56	53
	57	54
	58	55
	314	294
	59	56
	315	295
	60	57
	316	296
	61	58
	62	59
	318	297
	63	60
	64	61
	65	62
	66	63
	67	64
	68	65
	69	66
	70	67
	326	304
	327	305
	328	306
	73	70
	329	307
	74	71
	332	310
	77	74
	78	75
	79	76
	81	79
	82	80
	83	81
	85	84
	86	85
	88	87
	91	90
	92	91
	93	92
	94	93
	97	96
	99	98
	100	99
	101	100
	104	104
	106	107
	110	110
	111	111
	112	112
	117	118
	121	122
	125	126
	126	127
	127	128
	130	131
	131	131
	133	131
	137	135
	138	136
	139	137
	142	140
	143	140
	145	140
	149	144
	153	148
	154	149
	155	150
	158	153
	159	154
	161	155
	162	156
	164	158
	165	158
	167	158
	171	163
	172	164
	173	165
	174	166
	177	169
	181	173
	182	174
	183	175
	186	178
	187	178
	189	178
	193	182
	194	183
	195	184
	198	187
	199	187
	201	187
	205	191
	206	192
	207	193
	208	194
	211	197
	215	201
	216	202
	217	203
	220	206
	221	207
	222	207
	225	208
	226	217
	228	219
	232	224
	236	228
	237	229
	238	230
	239	231
	241	233
	244	236
	248	240
	249	241
	253	245
net/minecraft/client/server/LanServerPinger	105	93
	66	59
	67	60
	70	63
	74	67
	75	68
	76	69
	78	72
	79	73
	16	15
	80	73
	17	16
	82	73
	86	77
	87	78
	88	79
	91	82
	92	83
	29	26
	30	27
	94	84
	31	28
	32	29
	33	30
	97	87
	98	88
	35	31
	99	89
	36	32
	101	92
	102	93
	103	93
	40	36
	41	37
	105	93
	43	39
	45	41
	47	42
	48	43
	49	44
	50	45
	51	46
	55	50
	56	51
	59	54
	63	58
net/minecraft/client/renderer/entity/ArmorStandRenderer	103	95
	64	63
	65	64
	66	65
	67	66
	68	67
	72	70
	73	71
	74	72
	78	75
	80	76
	81	77
	83	79
	23	24
	87	82
	92	88
	29	29
	93	89
	31	30
	32	31
	96	91
	33	34
	97	92
	34	35
	98	93
	35	36
	100	95
	37	39
	101	95
	38	40
	39	41
	103	95
	40	42
	44	45
	49	49
	54	53
	55	54
	56	55
	57	56
	58	57
	59	58
	60	59
	61	60
	62	61
	63	62
net/minecraft/client/renderer/entity/VindicatorRenderer	35	41
	16	17
	18	18
	35	41
	21	28
	22	29
	24	31
	26	34
	13	14
	30	37
net/minecraft/client/renderer/entity/state/ArmorStandRenderState	18	18
	16	16
	17	17
	18	18
	12	12
	13	13
	14	14
	15	15
com/mojang/blaze3d/systems/GpuSurface	150	132
	131	120
	136	121
	143	124
	16	14
	144	126
	17	15
	145	127
	146	128
	21	19
	22	20
	150	132
	24	23
	25	24
	28	27
	29	28
	31	31
	32	32
	34	35
	35	36
	36	37
	39	40
	43	44
	47	48
	51	52
	55	56
	56	57
	58	60
	59	61
	61	64
	62	65
	63	66
	64	67
	67	70
	68	71
	70	74
	71	75
	73	78
	74	79
	76	82
	77	83
	79	86
	80	87
	82	90
	83	91
	87	94
	88	95
	89	96
	92	99
	93	100
	95	103
	96	104
	98	107
	99	108
	100	109
net/minecraft/client/renderer/entity/ZoglinRenderer	18	17
	18	17
	9	9
	10	10
	13	13
	14	14
net/minecraft/client/renderer/entity/IllusionerRenderer	75	81
	64	72
	66	74
	70	77
	75	81
	19	19
	22	22
	24	23
	27	33
	28	34
	30	36
	32	39
	33	40
	37	43
	42	47
	47	51
	48	52
	49	53
	50	54
	51	55
	55	58
	56	59
	57	61
	58	62
	59	63
	60	68
	61	69
com/mojang/blaze3d/vertex/VertexSorting	30	31
	9	9
	10	10
	13	13
	17	17
	21	21
	22	22
	23	23
	24	24
	25	26
	26	27
	27	26
	29	30
	30	31
net/minecraft/client/multiplayer/MultiPlayerGameMode	562	565
	512	518
	513	519
	514	520
	515	521
	518	524
	522	528
	529	532
	533	536
	537	540
	541	544
	545	548
	549	552
	553	556
	554	557
	557	560
	558	561
	561	564
	562	565
	74	76
	89	90
	90	91
	91	92
	94	95
	95	96
	98	99
	99	100
	100	101
	101	102
	104	105
	105	106
	107	109
	108	110
	109	111
	112	114
	116	118
	117	119
	120	122
	121	123
	122	124
	123	125
	126	128
	128	129
	129	130
	133	133
	134	134
	137	137
	138	138
	140	139
	141	140
	142	141
	144	144
	145	145
	148	148
	152	152
	153	153
	156	156
	157	157
	160	160
	161	161
	162	162
	163	163
	164	164
	166	167
	167	168
	168	169
	171	171
	172	172
	173	173
	174	174
	175	175
	177	178
	179	181
	180	182
	181	183
	182	184
	185	187
	186	188
	187	189
	188	190
	190	193
	191	194
	193	196
	194	197
	195	198
	196	199
	197	200
	198	201
	200	204
	203	208
	207	212
	208	213
	209	214
	210	215
	211	216
	213	219
	214	220
	215	221
	216	222
	217	223
	219	225
	222	228
	224	229
	225	230
	226	231
	229	234
	230	235
	231	236
	232	237
	233	238
	234	239
	236	242
	237	243
	238	244
	240	246
	243	247
	244	248
	246	249
	247	250
	248	251
	251	254
	253	255
	254	256
	255	259
	256	261
	260	271
	262	272
	263	273
	264	274
	265	275
	266	276
	268	279
	269	280
	270	281
	273	283
	274	284
	275	285
	278	288
	279	289
	280	291
	282	289
	286	296
	287	297
	288	298
	289	299
	291	301
	294	304
	296	305
	297	306
	299	308
	301	310
	306	313
	307	314
	311	318
	312	319
	313	320
	314	321
	316	323
	319	326
	321	327
	322	328
	325	331
	326	332
	327	333
	328	334
	331	336
	335	340
	336	341
	337	342
	338	343
	342	346
	343	347
	345	348
	346	349
	347	350
	348	351
	350	354
	351	355
	352	356
	354	359
	355	360
	356	361
	357	362
	362	367
	363	380
	367	368
	369	370
	371	371
	372	372
	373	373
	375	375
	377	378
	381	385
	382	386
	384	389
	385	390
	386	391
	387	392
	388	393
	389	394
	390	395
	391	396
	394	399
	397	401
	398	402
	400	404
	405	407
	406	408
	408	411
	409	412
	411	414
	415	418
	419	424
	423	428
	424	429
	425	430
	426	431
	427	432
	430	435
	431	436
	436	439
	437	440
	440	443
	441	444
	442	445
	443	446
	444	446
	446	446
	451	450
	452	451
	453	452
	454	481
	456	454
	457	455
	458	456
	459	458
	460	459
	463	462
	465	463
	466	465
	467	466
	468	467
	469	468
	470	469
	473	473
	476	474
	477	481
	480	484
	481	485
	484	488
	485	489
	488	492
	489	493
	491	495
	495	498
	497	500
	498	504
	499	505
	501	507
	504	510
	505	511
	506	512
	507	513
	510	516
	511	517
net/minecraft/client/gui/screens/GenericMessageScreen	45	43
	36	35
	42	40
	43	41
	44	42
	13	12
	45	43
	14	13
	18	17
	19	18
	20	19
	24	23
	25	24
	27	26
	31	30
com/mojang/realmsclient/dto/RealmsJoinInformation	37	28
	16	15
	32	22
	34	24
	35	26
	36	27
	37	28
	29	19
	30	20
	15	14
	31	21
net/minecraft/client/model/animal/sheep/package-info	0	0
com/mojang/blaze3d/systems/RenderSystem	389	372
	256	240
	257	243
	259	248
	261	250
	262	253
	263	253
	264	241
	267	244
	270	255
	273	258
	274	259
	276	261
	280	266
	284	270
	285	271
	287	273
	34	33
	292	278
	293	279
	38	36
	294	280
	296	283
	297	284
	298	285
	44	39
	300	288
	45	40
	301	289
	46	41
	302	290
	47	42
	48	43
	304	293
	49	44
	305	294
	50	45
	306	295
	51	46
	52	47
	308	297
	53	48
	54	49
	55	50
	56	51
	57	52
	58	53
	59	54
	60	55
	62	56
	63	57
	321	308
	66	58
	322	309
	323	310
	68	59
	324	311
	328	315
	329	316
	331	318
	77	64
	334	321
	338	325
	339	326
	343	330
	344	359
	90	74
	347	331
	348	332
	94	78
	350	333
	95	79
	351	334
	97	82
	353	335
	98	83
	354	336
	356	337
	101	86
	359	340
	105	90
	361	341
	106	91
	362	343
	363	344
	108	93
	365	347
	111	96
	367	348
	368	349
	370	352
	115	100
	116	101
	372	354
	117	102
	373	357
	119	103
	375	357
	120	104
	123	107
	379	362
	381	364
	384	367
	129	111
	130	112
	133	115
	389	372
	137	119
	138	120
	141	123
	145	127
	146	128
	149	131
	150	132
	153	135
	157	139
	161	143
	165	147
	166	148
	168	151
	169	152
	170	153
	171	154
	174	157
	175	158
	176	159
	177	160
	178	161
	179	162
	181	165
	182	166
	184	168
	187	171
	188	172
	191	175
	192	176
	195	179
	196	180
	197	181
	198	182
	201	185
	202	186
	203	187
	204	188
	207	191
	208	192
	209	193
	210	194
	213	197
	214	198
	218	202
	219	203
	223	207
	224	208
	228	212
	229	214
	230	215
	231	216
	232	217
	237	222
	238	223
	241	226
	245	230
	246	231
	250	235
	251	236
	255	239
net/minecraft/client/model/animal/golem/package-info	0	0
net/minecraft/client/model/ambient/package-info	0	0
com/mojang/blaze3d/audio/SoundBuffer	77	74
	64	61
	65	62
	69	66
	73	70
	77	74
	23	17
	24	18
	25	19
	26	20
	30	23
	31	24
	32	25
	34	28
	35	29
	36	30
	37	31
	38	32
	40	35
	41	36
	42	37
	44	40
	45	41
	46	42
	49	45
	53	49
	54	50
	55	51
	56	52
	59	56
	60	57
	63	60
net/minecraft/client/gui/font/FontTexture	131	121
	128	117
	129	118
	131	121
	28	25
	29	26
	30	27
	31	28
	32	29
	33	30
	34	31
	35	32
	38	35
	39	36
	42	38
	44	39
	45	40
	47	41
	48	42
	52	43
	54	44
	57	47
	59	49
	61	51
	63	52
	64	53
	65	54
	66	55
	70	58
	75	65
	76	69
	78	66
	79	67
	80	69
	92	81
	93	82
	94	83
	95	84
	96	85
	99	88
	100	89
	101	90
	102	91
	104	94
	107	96
	108	97
	110	100
	111	101
	113	102
	114	103
	116	106
	117	107
	118	108
	121	111
	122	112
	124	113
	125	114
	126	115
